station,valid,tmpf,p01i,sknt
NUQ,2017-01-01 00:56,40.00,0.00,0.00
NUQ,2017-01-01 01:39,42.00,0.00,3.00
NUQ,2017-01-01 01:56,44.00,0.00,5.00
NUQ,2017-01-01 02:56,46.00,0.00,3.00
NUQ,2017-01-01 03:29,46.00,0.00,0.00
NUQ,2017-01-01 03:43,46.00,0.00,3.00
NUQ,2017-01-01 03:56,46.00,0.00,3.00
NUQ,2017-01-01 04:35,43.00,0.00,5.00
NUQ,2017-01-01 04:56,44.00,0.00,0.00
NUQ,2017-01-01 05:11,44.00,0.00,3.00
NUQ,2017-01-01 05:46,43.00,0.00,4.00
NUQ,2017-01-01 05:56,44.00,0.00,3.00
NUQ,2017-01-01 06:56,44.00,0.00,3.00
NUQ,2017-01-01 07:56,45.00,0.00,4.00
NUQ,2017-01-01 08:12,45.00,0.00,0.00
NUQ,2017-01-01 08:29,45.00,0.00,4.00
NUQ,2017-01-01 08:56,46.00,0.00,0.00
NUQ,2017-01-01 09:03,46.00,0.00,3.00
NUQ,2017-01-01 09:19,47.00,0.00,3.00
NUQ,2017-01-01 09:56,50.00,0.00,6.00
NUQ,2017-01-01 10:56,51.00,0.00,8.00
NUQ,2017-01-01 11:56,53.00,0.00,7.00
NUQ,2017-01-01 12:56,53.00,0.00,7.00
NUQ,2017-01-01 13:56,53.00,0.00,6.00
NUQ,2017-01-01 14:56,54.00,0.00,8.00
NUQ,2017-01-01 15:56,53.00,0.00,7.00
NUQ,2017-01-01 16:56,50.00,0.00,6.00
NUQ,2017-01-01 17:56,48.00,0.00,5.00
NUQ,2017-01-01 18:56,48.00,0.00,3.00
NUQ,2017-01-01 19:56,47.00,0.00,0.00
NUQ,2017-01-01 20:56,46.00,0.01,4.00
NUQ,2017-01-01 21:56,46.00,T,0.00
NUQ,2017-01-01 22:56,46.00,T,0.00
NUQ,2017-01-01 23:56,46.00,0.00,3.00
NUQ,2017-01-02 00:56,45.00,T,6.00
NUQ,2017-01-02 01:56,46.00,0.00,3.00
NUQ,2017-01-02 02:24,45.00,0.01,4.00
NUQ,2017-01-02 02:31,45.00,0.01,6.00
NUQ,2017-01-02 02:56,44.00,0.01,5.00
NUQ,2017-01-02 03:56,44.00,0.02,5.00
NUQ,2017-01-02 04:56,43.00,0.01,6.00
NUQ,2017-01-02 05:56,44.00,T,5.00
NUQ,2017-01-02 06:56,44.00,0.00,5.00
NUQ,2017-01-02 07:56,44.00,0.00,0.00
NUQ,2017-01-02 08:56,45.00,0.00,8.00
NUQ,2017-01-02 09:56,46.00,T,4.00
NUQ,2017-01-02 10:56,48.00,0.01,6.00
NUQ,2017-01-02 11:56,49.00,T,5.00
NUQ,2017-01-02 12:56,50.00,T,4.00
NUQ,2017-01-02 13:56,50.00,0.00,6.00
NUQ,2017-01-02 14:56,51.00,T,4.00
NUQ,2017-01-02 15:56,51.00,0.00,7.00
NUQ,2017-01-02 16:56,50.00,T,3.00
NUQ,2017-01-02 17:56,49.00,0.00,5.00
NUQ,2017-01-02 18:56,48.00,0.00,7.00
NUQ,2017-01-02 19:56,48.00,0.00,8.00
NUQ,2017-01-02 20:56,48.00,0.00,11.00
NUQ,2017-01-02 21:56,48.00,0.00,7.00
NUQ,2017-01-02 22:56,49.00,0.00,6.00
NUQ,2017-01-02 23:56,49.00,0.00,4.00
NUQ,2017-01-03 00:56,48.00,T,6.00
NUQ,2017-01-03 01:56,49.00,0.00,9.00
NUQ,2017-01-03 02:56,49.00,0.02,6.00
NUQ,2017-01-03 03:32,48.00,0.01,5.00
NUQ,2017-01-03 03:56,48.00,0.01,6.00
NUQ,2017-01-03 04:16,48.00,0.03,8.00
NUQ,2017-01-03 04:56,48.00,0.04,10.00
NUQ,2017-01-03 05:56,48.00,T,5.00
NUQ,2017-01-03 06:24,49.00,0.00,6.00
NUQ,2017-01-03 06:56,49.00,0.00,6.00
NUQ,2017-01-03 07:03,49.00,0.00,6.00
NUQ,2017-01-03 07:25,49.00,0.00,7.00
NUQ,2017-01-03 07:48,49.00,0.00,5.00
NUQ,2017-01-03 07:56,49.00,0.00,5.00
NUQ,2017-01-03 08:08,50.00,0.00,4.00
NUQ,2017-01-03 08:56,51.00,0.00,6.00
NUQ,2017-01-03 09:56,52.00,0.00,10.00
NUQ,2017-01-03 10:56,53.00,0.00,9.00
NUQ,2017-01-03 11:56,54.00,0.00,8.00
NUQ,2017-01-03 12:56,54.00,0.01,12.00
NUQ,2017-01-03 13:56,54.00,T,10.00
NUQ,2017-01-03 14:56,54.00,T,14.00
NUQ,2017-01-03 15:39,54.00,0.03,13.00
NUQ,2017-01-03 15:56,54.00,0.06,11.00
NUQ,2017-01-03 16:31,54.00,0.05,12.00
NUQ,2017-01-03 16:56,55.00,0.05,12.00
NUQ,2017-01-03 17:56,54.00,0.04,12.00
NUQ,2017-01-03 18:56,54.00,0.01,19.00
NUQ,2017-01-03 19:56,55.00,0.04,16.00
NUQ,2017-01-03 20:56,55.00,0.04,17.00
NUQ,2017-01-03 21:56,55.00,0.01,14.00
NUQ,2017-01-03 22:56,55.00,T,16.00
NUQ,2017-01-03 23:56,54.00,0.05,17.00
NUQ,2017-01-04 00:27,55.00,T,15.00
NUQ,2017-01-04 00:40,54.00,0.01,13.00
NUQ,2017-01-04 00:56,55.00,0.02,13.00
NUQ,2017-01-04 01:11,55.00,T,11.00
NUQ,2017-01-04 01:18,56.00,T,14.00
NUQ,2017-01-04 01:56,56.00,0.01,13.00
NUQ,2017-01-04 02:06,56.00,T,10.00
NUQ,2017-01-04 02:44,57.00,0.01,11.00
NUQ,2017-01-04 02:56,57.00,0.02,8.00
NUQ,2017-01-04 03:56,57.00,T,8.00
NUQ,2017-01-04 04:56,57.00,0.01,3.00
NUQ,2017-01-04 05:56,56.00,0.01,4.00
NUQ,2017-01-04 06:56,55.00,T,0.00
NUQ,2017-01-04 07:45,55.00,0.01,7.00
NUQ,2017-01-04 07:56,54.00,0.01,5.00
NUQ,2017-01-04 08:19,54.00,T,3.00
NUQ,2017-01-04 08:56,54.00,T,0.00
NUQ,2017-01-04 09:21,55.00,T,0.00
NUQ,2017-01-04 09:56,55.00,T,3.00
NUQ,2017-01-04 10:56,54.00,T,6.00
NUQ,2017-01-04 11:03,53.00,0.00,8.00
NUQ,2017-01-04 11:24,52.00,T,5.00
NUQ,2017-01-04 11:56,52.00,0.01,9.00
NUQ,2017-01-04 12:56,53.00,0.00,8.00
NUQ,2017-01-04 13:56,52.00,T,8.00
NUQ,2017-01-04 14:22,51.00,T,8.00
NUQ,2017-01-04 14:56,51.00,T,7.00
NUQ,2017-01-04 15:56,51.00,0.01,7.00
NUQ,2017-01-04 16:56,50.00,T,0.00
NUQ,2017-01-04 17:56,51.00,T,3.00
NUQ,2017-01-04 18:49,49.00,0.01,3.00
NUQ,2017-01-04 18:56,49.00,0.01,3.00
NUQ,2017-01-04 19:56,48.00,0.04,8.00
NUQ,2017-01-04 20:30,48.00,0.03,4.00
NUQ,2017-01-04 20:56,48.00,0.04,6.00
NUQ,2017-01-04 21:09,48.00,T,7.00
NUQ,2017-01-04 21:56,48.00,0.03,4.00
NUQ,2017-01-04 22:56,48.00,0.03,4.00
NUQ,2017-01-04 23:05,48.00,0.01,5.00
NUQ,2017-01-04 23:13,48.00,0.02,5.00
NUQ,2017-01-04 23:20,47.00,0.03,5.00
NUQ,2017-01-04 23:27,47.00,0.03,5.00
NUQ,2017-01-04 23:49,47.00,0.04,3.00
NUQ,2017-01-04 23:56,47.00,0.04,3.00
NUQ,2017-01-05 00:10,47.00,T,4.00
NUQ,2017-01-05 00:34,48.00,0.01,4.00
NUQ,2017-01-05 00:42,48.00,0.01,3.00
NUQ,2017-01-05 00:56,48.00,0.01,4.00
NUQ,2017-01-05 01:07,47.00,T,6.00
NUQ,2017-01-05 01:51,46.40,T,0.00
NUQ,2017-01-05 01:52,47.00,T,0.00
NUQ,2017-01-05 02:09,47.00,0.00,0.00
NUQ,2017-01-05 02:56,46.00,0.00,0.00
NUQ,2017-01-05 03:56,45.00,0.00,3.00
NUQ,2017-01-05 04:56,45.00,0.00,0.00
NUQ,2017-01-05 05:36,45.00,0.00,3.00
NUQ,2017-01-05 05:56,45.00,0.00,4.00
NUQ,2017-01-05 06:56,45.00,0.00,4.00
NUQ,2017-01-05 07:56,45.00,0.00,6.00
NUQ,2017-01-05 08:56,45.00,0.00,5.00
NUQ,2017-01-05 09:56,48.00,0.00,5.00
NUQ,2017-01-05 10:56,50.00,0.00,9.00
NUQ,2017-01-05 11:56,50.00,0.00,9.00
NUQ,2017-01-05 12:56,50.00,0.00,8.00
NUQ,2017-01-05 13:56,51.00,0.00,10.00
NUQ,2017-01-05 14:56,50.00,0.00,10.00
NUQ,2017-01-05 15:56,49.00,0.00,9.00
NUQ,2017-01-05 16:56,48.00,0.00,4.00
NUQ,2017-01-05 17:56,47.00,0.00,0.00
NUQ,2017-01-05 18:56,45.00,0.00,3.00
NUQ,2017-01-05 19:56,43.00,0.00,3.00
NUQ,2017-01-05 20:56,42.00,0.00,4.00
NUQ,2017-01-05 21:56,41.00,0.00,6.00
NUQ,2017-01-05 22:56,42.00,0.00,6.00
NUQ,2017-01-05 23:56,39.00,0.00,4.00
NUQ,2017-01-06 00:56,38.00,0.00,3.00
NUQ,2017-01-06 01:56,37.00,0.00,3.00
NUQ,2017-01-06 02:56,36.00,0.00,0.00
NUQ,2017-01-06 03:56,34.00,0.00,0.00
NUQ,2017-01-06 04:56,35.00,0.00,3.00
NUQ,2017-01-06 05:56,33.00,0.00,3.00
NUQ,2017-01-06 06:56,35.00,0.00,3.00
NUQ,2017-01-06 07:56,33.00,0.00,0.00
NUQ,2017-01-06 08:56,38.00,0.00,4.00
NUQ,2017-01-06 09:56,43.00,0.00,3.00
NUQ,2017-01-06 10:56,43.00,0.00,4.00
NUQ,2017-01-06 11:56,46.00,0.00,0.00
NUQ,2017-01-06 12:56,48.00,0.00,0.00
NUQ,2017-01-06 13:56,51.00,0.00,4.00
NUQ,2017-01-06 14:56,51.00,0.00,4.00
NUQ,2017-01-06 15:56,50.00,0.00,3.00
NUQ,2017-01-06 16:56,48.00,0.00,3.00
NUQ,2017-01-06 17:56,47.00,0.00,0.00
NUQ,2017-01-06 18:56,47.00,0.00,0.00
NUQ,2017-01-06 19:56,47.00,0.00,3.00
NUQ,2017-01-06 20:56,47.00,T,3.00
NUQ,2017-01-06 21:56,46.00,T,3.00
NUQ,2017-01-06 22:56,46.00,0.00,3.00
NUQ,2017-01-06 23:56,46.00,T,4.00
NUQ,2017-01-07 00:56,46.00,T,0.00
NUQ,2017-01-07 01:56,47.00,0.00,3.00
NUQ,2017-01-07 02:56,46.00,0.02,3.00
NUQ,2017-01-07 03:56,46.00,0.03,4.00
NUQ,2017-01-07 04:56,50.00,0.02,12.00
NUQ,2017-01-07 05:56,51.00,T,15.00
NUQ,2017-01-07 06:56,51.00,T,11.00
NUQ,2017-01-07 07:56,52.00,0.01,17.00
NUQ,2017-01-07 08:56,54.00,0.01,20.00
NUQ,2017-01-07 09:16,53.60,0.00,17.00
NUQ,2017-01-07 09:56,55.00,T,15.00
NUQ,2017-01-07 10:56,56.00,0.03,12.00
NUQ,2017-01-07 11:56,57.00,T,12.00
NUQ,2017-01-07 12:56,58.00,0.01,13.00
NUQ,2017-01-07 13:56,59.00,0.00,14.00
NUQ,2017-01-07 14:56,60.00,0.00,11.00
NUQ,2017-01-07 15:56,60.00,0.00,17.00
NUQ,2017-01-07 16:15,60.00,0.00,15.00
NUQ,2017-01-07 16:56,60.00,0.00,10.00
NUQ,2017-01-07 17:56,60.00,0.00,12.00
NUQ,2017-01-07 18:56,58.00,0.00,8.00
NUQ,2017-01-07 19:56,57.00,T,8.00
NUQ,2017-01-07 20:56,57.00,0.01,9.00
NUQ,2017-01-07 21:56,57.00,0.07,10.00
NUQ,2017-01-07 22:56,57.00,0.05,10.00
NUQ,2017-01-07 23:56,58.00,0.02,10.00
NUQ,2017-01-08 00:56,58.00,0.06,15.00
NUQ,2017-01-08 01:56,58.00,0.02,8.00
NUQ,2017-01-08 02:56,58.00,0.01,10.00
NUQ,2017-01-08 03:34,58.00,0.01,17.00
NUQ,2017-01-08 03:56,58.00,0.01,17.00
NUQ,2017-01-08 04:56,58.00,0.02,16.00
NUQ,2017-01-08 05:37,58.00,T,10.00
NUQ,2017-01-08 05:56,59.00,T,17.00
NUQ,2017-01-08 06:56,59.00,0.01,20.00
NUQ,2017-01-08 07:34,58.00,0.02,19.00
NUQ,2017-01-08 07:56,58.00,0.03,21.00
NUQ,2017-01-08 08:16,58.00,0.01,20.00
NUQ,2017-01-08 08:53,57.20,0.11,19.00
NUQ,2017-01-08 08:56,58.00,0.13,15.00
NUQ,2017-01-08 09:02,58.00,T,12.00
NUQ,2017-01-08 09:10,58.00,T,18.00
NUQ,2017-01-08 09:28,59.00,0.02,12.00
NUQ,2017-01-08 09:32,59.00,0.03,11.00
NUQ,2017-01-08 09:43,59.00,0.04,10.00
NUQ,2017-01-08 09:56,61.00,0.04,12.00
NUQ,2017-01-08 10:56,62.00,0.06,12.00
NUQ,2017-01-08 11:22,62.00,0.09,9.00
NUQ,2017-01-08 11:30,62.00,0.13,14.00
NUQ,2017-01-08 11:56,62.00,0.23,14.00
NUQ,2017-01-08 12:56,63.00,0.10,14.00
NUQ,2017-01-08 13:56,62.00,0.05,12.00
NUQ,2017-01-08 14:34,62.00,0.01,13.00
NUQ,2017-01-08 14:42,61.00,0.02,9.00
NUQ,2017-01-08 14:56,61.00,0.03,9.00
NUQ,2017-01-08 15:56,61.00,0.02,8.00
NUQ,2017-01-08 16:56,60.00,0.01,4.00
NUQ,2017-01-08 17:56,59.00,0.01,0.00
NUQ,2017-01-08 18:56,59.00,T,5.00
NUQ,2017-01-08 19:56,59.00,0.01,8.00
NUQ,2017-01-08 20:47,58.00,0.04,4.00
NUQ,2017-01-08 20:56,59.00,0.05,0.00
NUQ,2017-01-08 21:15,58.00,0.03,5.00
NUQ,2017-01-08 21:56,58.00,0.04,5.00
NUQ,2017-01-08 22:09,58.00,0.00,3.00
NUQ,2017-01-08 22:56,60.00,T,7.00
NUQ,2017-01-08 23:56,61.00,T,5.00
NUQ,2017-01-09 00:35,59.00,T,9.00
NUQ,2017-01-09 00:56,59.00,T,5.00
NUQ,2017-01-09 01:18,58.00,0.13,7.00
NUQ,2017-01-09 01:25,58.00,0.15,4.00
NUQ,2017-01-09 01:33,57.00,0.16,9.00
NUQ,2017-01-09 01:56,57.00,0.16,4.00
NUQ,2017-01-09 02:38,56.00,0.00,4.00
NUQ,2017-01-09 02:56,56.00,0.00,4.00
NUQ,2017-01-09 03:23,55.00,0.00,0.00
NUQ,2017-01-09 03:56,56.00,0.00,8.00
NUQ,2017-01-09 04:56,55.00,0.00,6.00
NUQ,2017-01-09 05:56,54.00,T,0.00
NUQ,2017-01-09 06:56,52.00,T,5.00
NUQ,2017-01-09 07:56,53.00,0.00,0.00
NUQ,2017-01-09 08:56,54.00,0.00,6.00
NUQ,2017-01-09 09:56,56.00,0.00,0.00
NUQ,2017-01-09 10:56,59.00,0.00,0.00
NUQ,2017-01-09 11:56,59.00,0.00,6.00
NUQ,2017-01-09 12:56,60.00,0.00,6.00
NUQ,2017-01-09 13:56,58.00,0.00,8.00
NUQ,2017-01-09 14:56,57.00,0.00,6.00
NUQ,2017-01-09 15:56,57.00,0.00,6.00
NUQ,2017-01-09 16:56,55.00,0.00,3.00
NUQ,2017-01-09 17:56,56.00,T,9.00
NUQ,2017-01-09 18:56,54.00,T,7.00
NUQ,2017-01-09 19:56,54.00,T,6.00
NUQ,2017-01-09 20:56,55.00,T,6.00
NUQ,2017-01-09 21:56,56.00,0.01,7.00
NUQ,2017-01-09 22:56,54.00,T,5.00
NUQ,2017-01-09 23:56,54.00,T,5.00
NUQ,2017-01-10 00:56,54.00,T,5.00
NUQ,2017-01-10 01:56,54.00,0.01,7.00
NUQ,2017-01-10 02:56,53.00,0.03,6.00
NUQ,2017-01-10 03:56,53.00,0.02,9.00
NUQ,2017-01-10 04:56,53.00,0.03,6.00
NUQ,2017-01-10 05:56,53.00,0.02,6.00
NUQ,2017-01-10 06:56,53.00,0.00,6.00
NUQ,2017-01-10 07:56,54.00,0.02,7.00
NUQ,2017-01-10 08:56,54.00,0.03,5.00
NUQ,2017-01-10 09:56,56.00,0.01,6.00
NUQ,2017-01-10 10:56,58.00,T,7.00
NUQ,2017-01-10 11:56,58.00,0.01,7.00
NUQ,2017-01-10 12:56,58.00,0.05,6.00
NUQ,2017-01-10 13:56,57.00,0.06,10.00
NUQ,2017-01-10 14:56,57.00,0.06,9.00
NUQ,2017-01-10 15:56,58.00,0.02,7.00
NUQ,2017-01-10 16:03,58.00,0.01,9.00
NUQ,2017-01-10 16:26,58.00,0.03,8.00
NUQ,2017-01-10 16:56,58.00,0.03,0.00
NUQ,2017-01-10 17:46,59.00,0.02,5.00
NUQ,2017-01-10 17:56,59.00,0.02,4.00
NUQ,2017-01-10 18:56,60.00,0.04,6.00
NUQ,2017-01-10 19:56,60.00,0.17,4.00
NUQ,2017-01-10 20:56,54.00,0.04,0.00
NUQ,2017-01-10 21:56,55.00,0.01,4.00
NUQ,2017-01-10 22:56,54.00,0.00,4.00
NUQ,2017-01-10 23:15,55.00,T,5.00
NUQ,2017-01-10 23:30,57.00,T,4.00
NUQ,2017-01-10 23:56,58.00,T,8.00
NUQ,2017-01-11 00:56,57.00,T,11.00
NUQ,2017-01-11 01:56,56.00,0.00,5.00
NUQ,2017-01-11 02:56,56.00,0.00,7.00
NUQ,2017-01-11 03:11,55.00,T,4.00
NUQ,2017-01-11 03:27,55.00,T,7.00
NUQ,2017-01-11 03:56,55.00,T,4.00
NUQ,2017-01-11 04:56,51.00,0.01,7.00
NUQ,2017-01-11 05:56,52.00,T,0.00
NUQ,2017-01-11 06:56,51.00,0.02,0.00
NUQ,2017-01-11 07:15,51.00,T,3.00
NUQ,2017-01-11 07:56,51.00,T,3.00
NUQ,2017-01-11 08:56,53.00,0.00,5.00
NUQ,2017-01-11 09:56,54.00,0.00,4.00
NUQ,2017-01-11 10:15,55.00,0.00,9.00
NUQ,2017-01-11 10:56,53.00,T,4.00
NUQ,2017-01-11 11:05,53.00,T,4.00
NUQ,2017-01-11 11:22,54.00,T,3.00
NUQ,2017-01-11 11:56,54.00,T,4.00
NUQ,2017-01-11 12:56,55.00,0.00,7.00
NUQ,2017-01-11 13:56,55.00,0.00,9.00
NUQ,2017-01-11 14:56,55.00,0.00,6.00
NUQ,2017-01-11 15:56,54.00,0.00,4.00
NUQ,2017-01-11 16:56,53.00,0.00,7.00
NUQ,2017-01-11 17:56,52.00,0.00,3.00
NUQ,2017-01-11 18:56,51.00,0.00,0.00
NUQ,2017-01-11 19:56,51.00,0.00,3.00
NUQ,2017-01-11 20:56,50.00,0.00,5.00
NUQ,2017-01-11 21:56,48.00,0.00,3.00
NUQ,2017-01-11 22:56,49.00,0.00,4.00
NUQ,2017-01-11 23:56,48.00,0.00,3.00
NUQ,2017-01-12 00:56,49.00,0.00,0.00
NUQ,2017-01-12 01:56,48.00,0.02,3.00
NUQ,2017-01-12 02:56,48.00,T,8.00
NUQ,2017-01-12 03:56,48.00,0.01,5.00
NUQ,2017-01-12 04:56,48.00,T,0.00
NUQ,2017-01-12 05:16,47.00,T,3.00
NUQ,2017-01-12 05:25,47.00,0.01,4.00
NUQ,2017-01-12 05:36,47.00,0.02,4.00
NUQ,2017-01-12 05:56,47.00,0.04,4.00
NUQ,2017-01-12 06:46,47.00,0.05,5.00
NUQ,2017-01-12 06:56,46.00,0.05,4.00
NUQ,2017-01-12 07:17,46.00,0.00,4.00
NUQ,2017-01-12 07:56,46.00,0.00,0.00
NUQ,2017-01-12 08:46,48.00,0.00,5.00
NUQ,2017-01-12 08:56,48.00,0.00,5.00
NUQ,2017-01-12 09:56,49.00,0.00,5.00
NUQ,2017-01-12 10:56,51.00,0.00,7.00
NUQ,2017-01-12 11:33,48.00,T,8.00
NUQ,2017-01-12 11:56,49.00,T,7.00
NUQ,2017-01-12 12:56,48.00,0.00,7.00
NUQ,2017-01-12 13:56,51.00,0.00,6.00
NUQ,2017-01-12 14:56,52.00,0.00,8.00
NUQ,2017-01-12 15:56,50.00,0.00,5.00
NUQ,2017-01-12 16:56,50.00,0.00,6.00
NUQ,2017-01-12 17:56,48.00,0.01,3.00
NUQ,2017-01-12 18:56,48.00,T,0.00
NUQ,2017-01-12 19:56,48.00,0.00,3.00
NUQ,2017-01-12 20:56,46.00,0.00,0.00
NUQ,2017-01-12 21:56,47.00,0.00,0.00
NUQ,2017-01-12 22:56,47.00,0.00,3.00
NUQ,2017-01-12 23:56,46.00,0.00,4.00
NUQ,2017-01-13 00:56,45.00,0.00,0.00
NUQ,2017-01-13 01:56,44.00,0.00,3.00
NUQ,2017-01-13 02:56,43.00,0.00,6.00
NUQ,2017-01-13 03:56,43.00,0.00,4.00
NUQ,2017-01-13 04:56,42.00,0.00,0.00
NUQ,2017-01-13 05:36,42.00,0.00,3.00
NUQ,2017-01-13 05:56,42.00,0.00,3.00
NUQ,2017-01-13 06:09,42.00,0.00,6.00
NUQ,2017-01-13 06:56,42.00,0.00,6.00
NUQ,2017-01-13 07:56,45.00,0.00,0.00
NUQ,2017-01-13 08:56,48.00,0.00,0.00
NUQ,2017-01-13 09:56,50.00,0.00,0.00
NUQ,2017-01-13 10:56,52.00,0.00,4.00
NUQ,2017-01-13 11:56,52.00,0.00,5.00
NUQ,2017-01-13 12:56,54.00,0.00,5.00
NUQ,2017-01-13 13:56,56.00,0.00,7.00
NUQ,2017-01-13 14:56,55.00,0.00,5.00
NUQ,2017-01-13 15:56,55.00,0.00,4.00
NUQ,2017-01-13 16:56,54.00,0.00,3.00
NUQ,2017-01-13 17:56,51.00,0.00,0.00
NUQ,2017-01-13 18:56,50.00,0.00,0.00
NUQ,2017-01-13 19:56,48.00,0.00,0.00
NUQ,2017-01-13 20:56,46.00,0.00,0.00
NUQ,2017-01-13 21:56,46.00,0.00,3.00
NUQ,2017-01-13 22:56,45.00,0.00,0.00
NUQ,2017-01-13 23:56,42.00,0.00,0.00
NUQ,2017-01-14 00:56,39.00,0.00,0.00
NUQ,2017-01-14 01:56,42.00,0.00,0.00
NUQ,2017-01-14 02:56,40.00,0.00,0.00
NUQ,2017-01-14 03:56,39.00,0.00,0.00
NUQ,2017-01-14 04:56,37.00,0.00,0.00
NUQ,2017-01-14 05:56,38.00,0.00,0.00
NUQ,2017-01-14 06:56,37.00,0.00,0.00
NUQ,2017-01-14 07:56,38.00,0.00,0.00
NUQ,2017-01-14 08:56,44.00,0.00,0.00
NUQ,2017-01-14 09:56,49.00,0.00,3.00
NUQ,2017-01-14 10:56,50.00,0.00,0.00
NUQ,2017-01-14 11:56,55.00,0.00,7.00
NUQ,2017-01-14 12:56,57.00,0.00,4.00
NUQ,2017-01-14 13:56,57.00,0.00,5.00
NUQ,2017-01-14 14:56,58.00,0.00,5.00
NUQ,2017-01-14 15:56,56.00,0.00,8.00
NUQ,2017-01-14 16:56,53.00,0.00,0.00
NUQ,2017-01-14 17:56,49.00,0.00,7.00
NUQ,2017-01-14 18:56,49.00,0.00,9.00
NUQ,2017-01-14 19:56,48.00,0.00,6.00
NUQ,2017-01-14 20:56,48.00,0.00,4.00
NUQ,2017-01-14 21:56,46.00,0.00,4.00
NUQ,2017-01-14 22:56,45.00,0.00,0.00
NUQ,2017-01-14 23:56,43.00,0.00,0.00
NUQ,2017-01-15 00:56,43.00,0.00,0.00
NUQ,2017-01-15 01:56,42.00,0.00,0.00
NUQ,2017-01-15 02:40,41.00,0.00,0.00
NUQ,2017-01-15 02:49,41.00,0.00,0.00
NUQ,2017-01-15 02:56,42.00,0.00,0.00
NUQ,2017-01-15 03:56,43.00,0.00,0.00
NUQ,2017-01-15 04:17,41.00,0.00,0.00
NUQ,2017-01-15 04:56,39.00,0.00,0.00
NUQ,2017-01-15 05:56,39.00,0.00,0.00
NUQ,2017-01-15 06:08,40.00,0.00,0.00
NUQ,2017-01-15 06:56,40.00,0.00,0.00
NUQ,2017-01-15 07:03,40.00,0.00,0.00
NUQ,2017-01-15 07:23,40.00,0.00,0.00
NUQ,2017-01-15 07:56,41.00,0.00,0.00
NUQ,2017-01-15 08:56,43.00,0.00,0.00
NUQ,2017-01-15 09:56,45.00,0.00,4.00
NUQ,2017-01-15 10:56,46.00,0.00,3.00
NUQ,2017-01-15 11:48,47.00,0.00,6.00
NUQ,2017-01-15 11:56,48.00,0.00,4.00
NUQ,2017-01-15 12:25,49.00,0.00,5.00
NUQ,2017-01-15 12:56,50.00,0.00,0.00
NUQ,2017-01-15 13:56,51.00,0.00,4.00
NUQ,2017-01-15 14:56,51.00,0.00,3.00
NUQ,2017-01-15 15:56,52.00,0.00,5.00
NUQ,2017-01-15 16:56,50.00,0.00,4.00
NUQ,2017-01-15 17:56,49.00,0.00,3.00
NUQ,2017-01-15 18:56,48.00,0.00,5.00
NUQ,2017-01-15 19:56,47.00,0.00,0.00
NUQ,2017-01-15 20:56,45.00,0.00,3.00
NUQ,2017-01-15 21:56,43.00,0.00,0.00
NUQ,2017-01-15 22:56,42.00,0.00,0.00
NUQ,2017-01-15 23:56,41.00,0.00,0.00
NUQ,2017-01-16 00:56,40.00,0.00,3.00
NUQ,2017-01-16 01:56,40.00,0.00,6.00
NUQ,2017-01-16 02:56,41.00,0.00,0.00
NUQ,2017-01-16 03:56,41.00,0.00,9.00
NUQ,2017-01-16 04:56,42.00,0.00,12.00
NUQ,2017-01-16 05:56,42.00,0.00,5.00
NUQ,2017-01-16 06:56,42.00,0.00,6.00
NUQ,2017-01-16 07:56,40.00,0.00,7.00
NUQ,2017-01-16 08:56,42.00,0.00,4.00
NUQ,2017-01-16 09:56,46.00,0.00,0.00
NUQ,2017-01-16 10:56,48.00,0.00,4.00
NUQ,2017-01-16 11:56,51.00,0.00,5.00
NUQ,2017-01-16 12:56,52.00,0.00,5.00
NUQ,2017-01-16 13:56,55.00,0.00,5.00
NUQ,2017-01-16 14:56,55.00,0.00,4.00
NUQ,2017-01-16 15:56,55.00,0.00,4.00
NUQ,2017-01-16 16:56,55.00,0.00,5.00
NUQ,2017-01-16 17:56,51.00,0.00,4.00
NUQ,2017-01-16 18:56,49.00,0.00,5.00
NUQ,2017-01-16 19:56,48.00,0.00,5.00
NUQ,2017-01-16 20:56,47.00,0.00,0.00
NUQ,2017-01-16 21:56,43.00,0.00,0.00
NUQ,2017-01-16 22:56,42.00,0.00,0.00
NUQ,2017-01-16 23:56,41.00,0.00,0.00
NUQ,2017-01-17 00:56,40.00,0.00,0.00
NUQ,2017-01-17 01:56,40.00,0.00,0.00
NUQ,2017-01-17 02:56,39.00,0.00,0.00
NUQ,2017-01-17 03:56,38.00,0.00,0.00
NUQ,2017-01-17 04:56,37.00,0.00,3.00
NUQ,2017-01-17 05:56,38.00,0.00,0.00
NUQ,2017-01-17 06:56,38.00,0.00,0.00
NUQ,2017-01-17 07:56,39.00,0.00,6.00
NUQ,2017-01-17 08:56,41.00,0.00,5.00
NUQ,2017-01-17 09:47,44.00,0.00,7.00
NUQ,2017-01-17 09:56,45.00,0.00,5.00
NUQ,2017-01-17 10:56,46.00,0.00,0.00
NUQ,2017-01-17 11:56,50.00,0.00,6.00
NUQ,2017-01-17 12:56,51.00,0.00,5.00
NUQ,2017-01-17 13:56,52.00,0.00,6.00
NUQ,2017-01-17 14:56,53.00,0.00,4.00
NUQ,2017-01-17 15:56,52.00,0.00,4.00
NUQ,2017-01-17 16:56,51.00,0.00,0.00
NUQ,2017-01-17 17:56,50.00,0.00,0.00
NUQ,2017-01-17 18:56,49.00,0.00,3.00
NUQ,2017-01-17 19:56,49.00,0.00,0.00
NUQ,2017-01-17 20:56,49.00,0.00,0.00
NUQ,2017-01-17 21:56,49.00,0.00,0.00
NUQ,2017-01-17 22:56,49.00,0.00,0.00
NUQ,2017-01-17 23:56,48.00,0.00,0.00
NUQ,2017-01-18 00:56,48.00,0.00,4.00
NUQ,2017-01-18 01:56,47.00,0.00,4.00
NUQ,2017-01-18 02:56,47.00,0.00,0.00
NUQ,2017-01-18 03:56,48.00,0.00,0.00
NUQ,2017-01-18 04:56,48.00,T,3.00
NUQ,2017-01-18 05:56,49.00,0.02,7.00
NUQ,2017-01-18 06:56,50.00,0.01,14.00
NUQ,2017-01-18 07:56,52.00,0.00,12.00
NUQ,2017-01-18 08:56,53.00,0.00,11.00
NUQ,2017-01-18 09:56,52.00,0.01,3.00
NUQ,2017-01-18 10:56,52.00,0.01,12.00
NUQ,2017-01-18 11:56,51.00,0.01,14.00
NUQ,2017-01-18 12:56,52.00,0.06,12.00
NUQ,2017-01-18 13:56,51.00,0.05,11.00
NUQ,2017-01-18 14:56,51.00,0.01,9.00
NUQ,2017-01-18 15:19,51.00,0.01,13.00
NUQ,2017-01-18 15:35,51.00,0.01,10.00
NUQ,2017-01-18 15:56,51.00,0.02,15.00
NUQ,2017-01-18 16:04,51.00,T,15.00
NUQ,2017-01-18 16:30,52.00,0.01,11.00
NUQ,2017-01-18 16:56,51.00,0.03,16.00
NUQ,2017-01-18 17:56,52.00,0.03,21.00
NUQ,2017-01-18 18:15,52.00,0.01,17.00
NUQ,2017-01-18 18:22,52.00,0.01,18.00
NUQ,2017-01-18 18:56,52.00,0.02,20.00
NUQ,2017-01-18 19:03,52.00,T,20.00
NUQ,2017-01-18 19:21,52.00,T,19.00
NUQ,2017-01-18 19:53,51.80,0.08,9.00
NUQ,2017-01-18 19:56,52.00,0.10,16.00
NUQ,2017-01-18 20:10,53.00,0.11,12.00
NUQ,2017-01-18 20:15,54.00,0.13,9.00
NUQ,2017-01-18 20:56,51.00,0.19,11.00
NUQ,2017-01-18 21:56,52.00,0.00,4.00
NUQ,2017-01-18 22:56,53.00,0.00,5.00
NUQ,2017-01-18 23:56,54.00,0.00,5.00
NUQ,2017-01-19 00:56,51.00,0.00,4.00
NUQ,2017-01-19 01:56,53.00,0.00,5.00
NUQ,2017-01-19 02:56,50.00,T,4.00
NUQ,2017-01-19 03:56,50.00,0.01,4.00
NUQ,2017-01-19 04:56,50.00,0.00,8.00
NUQ,2017-01-19 05:56,50.00,T,4.00
NUQ,2017-01-19 06:56,48.00,T,5.00
NUQ,2017-01-19 07:56,50.00,0.00,7.00
NUQ,2017-01-19 08:56,52.00,0.00,4.00
NUQ,2017-01-19 09:56,48.00,0.10,4.00
NUQ,2017-01-19 10:56,53.00,0.02,3.00
NUQ,2017-01-19 11:56,55.00,0.00,5.00
NUQ,2017-01-19 12:56,57.00,0.00,5.00
NUQ,2017-01-19 13:56,57.00,T,7.00
NUQ,2017-01-19 14:56,57.00,0.00,8.00
NUQ,2017-01-19 15:56,56.00,0.00,8.00
NUQ,2017-01-19 16:56,54.00,0.00,4.00
NUQ,2017-01-19 17:56,54.00,0.00,4.00
NUQ,2017-01-19 18:56,52.00,0.00,5.00
NUQ,2017-01-19 19:56,52.00,0.00,6.00
NUQ,2017-01-19 20:56,52.00,0.00,7.00
NUQ,2017-01-19 21:56,52.00,T,5.00
NUQ,2017-01-19 22:56,50.00,T,9.00
NUQ,2017-01-19 23:56,51.00,T,10.00
NUQ,2017-01-20 00:56,50.00,0.01,12.00
NUQ,2017-01-20 01:56,50.00,0.04,14.00
NUQ,2017-01-20 02:56,49.00,0.04,16.00
NUQ,2017-01-20 03:32,49.00,0.05,15.00
NUQ,2017-01-20 03:56,48.00,0.09,11.00
NUQ,2017-01-20 04:14,48.20,0.00,13.00
NUQ,2017-01-20 04:19,48.00,0.04,15.00
NUQ,2017-01-20 04:36,48.00,0.07,14.00
NUQ,2017-01-20 04:56,48.00,0.11,9.00
NUQ,2017-01-20 05:13,48.00,0.06,6.00
NUQ,2017-01-20 05:56,48.00,0.07,12.00
NUQ,2017-01-20 06:27,49.00,0.01,6.00
NUQ,2017-01-20 06:49,49.00,0.04,10.00
NUQ,2017-01-20 06:56,49.00,0.05,6.00
NUQ,2017-01-20 07:56,50.00,0.16,3.00
NUQ,2017-01-20 08:56,50.00,0.02,6.00
NUQ,2017-01-20 09:56,52.00,T,3.00
NUQ,2017-01-20 10:18,51.00,0.07,6.00
NUQ,2017-01-20 10:29,50.00,0.09,3.00
NUQ,2017-01-20 10:56,51.00,0.09,7.00
NUQ,2017-01-20 11:56,54.00,0.00,3.00
NUQ,2017-01-20 12:56,54.00,T,11.00
NUQ,2017-01-20 13:56,49.00,0.04,5.00
NUQ,2017-01-20 14:56,53.00,0.01,10.00
NUQ,2017-01-20 15:56,51.00,T,5.00
NUQ,2017-01-20 16:56,50.00,T,0.00
NUQ,2017-01-20 17:56,48.00,0.01,0.00
NUQ,2017-01-20 18:44,48.00,0.03,4.00
NUQ,2017-01-20 18:56,47.00,0.03,0.00
NUQ,2017-01-20 19:56,49.00,0.01,7.00
NUQ,2017-01-20 20:56,48.00,0.02,5.00
NUQ,2017-01-20 21:56,48.00,T,3.00
NUQ,2017-01-20 22:56,49.00,0.00,5.00
NUQ,2017-01-20 23:56,48.00,0.01,4.00
NUQ,2017-01-21 00:56,49.00,T,3.00
NUQ,2017-01-21 01:56,46.00,0.01,6.00
NUQ,2017-01-21 02:56,47.00,0.01,4.00
NUQ,2017-01-21 03:56,45.00,0.00,3.00
NUQ,2017-01-21 04:56,47.00,0.01,0.00
NUQ,2017-01-21 05:56,46.00,0.00,0.00
NUQ,2017-01-21 06:32,45.00,T,6.00
NUQ,2017-01-21 06:56,44.00,0.01,6.00
NUQ,2017-01-21 07:22,45.00,0.00,4.00
NUQ,2017-01-21 07:56,46.00,0.00,4.00
NUQ,2017-01-21 08:31,48.00,0.01,5.00
NUQ,2017-01-21 08:39,47.00,0.01,6.00
NUQ,2017-01-21 08:56,48.00,0.01,5.00
NUQ,2017-01-21 09:56,52.00,0.00,6.00
NUQ,2017-01-21 10:56,54.00,0.00,6.00
NUQ,2017-01-21 11:56,55.00,T,3.00
NUQ,2017-01-21 12:56,56.00,0.00,7.00
NUQ,2017-01-21 13:56,55.00,0.00,8.00
NUQ,2017-01-21 14:56,55.00,0.00,8.00
NUQ,2017-01-21 15:56,54.00,0.00,8.00
NUQ,2017-01-21 16:56,53.00,T,7.00
NUQ,2017-01-21 17:56,52.00,0.01,9.00
NUQ,2017-01-21 18:56,51.00,T,10.00
NUQ,2017-01-21 19:56,50.00,0.01,10.00
NUQ,2017-01-21 20:56,50.00,0.01,10.00
NUQ,2017-01-21 21:56,50.00,T,11.00
NUQ,2017-01-21 22:56,51.00,0.00,9.00
NUQ,2017-01-21 23:56,52.00,T,18.00
NUQ,2017-01-22 00:46,50.00,T,15.00
NUQ,2017-01-22 00:56,50.00,T,18.00
NUQ,2017-01-22 01:56,49.00,0.02,18.00
NUQ,2017-01-22 02:56,49.00,0.02,13.00
NUQ,2017-01-22 03:44,49.00,0.07,9.00
NUQ,2017-01-22 03:52,48.20,0.09,13.00
NUQ,2017-01-22 03:56,48.00,0.11,12.00
NUQ,2017-01-22 04:07,48.00,0.03,12.00
NUQ,2017-01-22 04:29,49.00,0.06,18.00
NUQ,2017-01-22 04:56,49.00,0.10,15.00
NUQ,2017-01-22 05:56,49.00,0.15,6.00
NUQ,2017-01-22 06:13,50.00,0.02,3.00
NUQ,2017-01-22 06:56,50.00,0.05,6.00
NUQ,2017-01-22 07:56,49.00,T,4.00
NUQ,2017-01-22 08:56,50.00,0.00,5.00
NUQ,2017-01-22 09:56,50.00,0.00,3.00
NUQ,2017-01-22 10:56,54.00,0.00,7.00
NUQ,2017-01-22 11:56,57.00,0.00,8.00
NUQ,2017-01-22 12:56,56.00,0.00,8.00
NUQ,2017-01-22 13:56,51.00,0.03,7.00
NUQ,2017-01-22 14:56,52.00,0.01,3.00
NUQ,2017-01-22 15:56,51.00,0.04,6.00
NUQ,2017-01-22 16:45,49.00,0.02,5.00
NUQ,2017-01-22 16:56,49.00,0.03,4.00
NUQ,2017-01-22 17:15,48.00,0.01,3.00
NUQ,2017-01-22 17:56,48.00,0.01,0.00
NUQ,2017-01-22 18:56,48.00,0.00,5.00
NUQ,2017-01-22 19:56,48.00,0.00,4.00
NUQ,2017-01-22 20:56,47.00,0.01,3.00
NUQ,2017-01-22 21:56,47.00,0.00,6.00
NUQ,2017-01-22 22:56,47.00,0.00,4.00
NUQ,2017-01-22 23:56,47.00,0.03,0.00
NUQ,2017-01-23 00:56,46.00,0.02,4.00
NUQ,2017-01-23 01:56,46.00,0.01,3.00
NUQ,2017-01-23 02:56,44.00,0.00,4.00
NUQ,2017-01-23 03:56,44.00,0.01,3.00
NUQ,2017-01-23 04:56,44.00,0.00,4.00
NUQ,2017-01-23 05:56,43.00,0.00,6.00
NUQ,2017-01-23 06:56,44.00,0.00,5.00
NUQ,2017-01-23 07:56,45.00,0.01,0.00
NUQ,2017-01-23 08:56,46.00,0.01,5.00
NUQ,2017-01-23 09:56,48.00,T,7.00
NUQ,2017-01-23 10:56,49.00,0.00,0.00
NUQ,2017-01-23 11:56,49.00,0.02,3.00
NUQ,2017-01-23 12:56,50.00,T,9.00
NUQ,2017-01-23 13:56,50.00,0.01,0.00
NUQ,2017-01-23 14:56,49.00,0.03,3.00
NUQ,2017-01-23 15:56,50.00,0.00,3.00
NUQ,2017-01-23 16:56,50.00,0.00,0.00
NUQ,2017-01-23 17:56,49.00,0.01,4.00
NUQ,2017-01-23 18:56,46.00,T,4.00
NUQ,2017-01-23 19:56,46.00,0.02,6.00
NUQ,2017-01-23 20:56,46.00,0.03,0.00
NUQ,2017-01-23 21:56,46.00,0.02,4.00
NUQ,2017-01-23 22:56,45.00,0.03,8.00
NUQ,2017-01-23 23:56,43.00,0.00,6.00
NUQ,2017-01-24 00:56,43.00,0.00,7.00
NUQ,2017-01-24 01:56,42.00,0.00,6.00
NUQ,2017-01-24 02:56,41.00,0.00,4.00
NUQ,2017-01-24 03:56,41.00,0.00,6.00
NUQ,2017-01-24 04:56,41.00,0.00,5.00
NUQ,2017-01-24 05:56,40.00,0.00,3.00
NUQ,2017-01-24 06:56,38.00,0.00,0.00
NUQ,2017-01-24 07:56,42.00,0.00,0.00
NUQ,2017-01-24 08:56,42.00,0.00,4.00
NUQ,2017-01-24 09:56,47.00,0.00,7.00
NUQ,2017-01-24 10:56,48.00,0.00,8.00
NUQ,2017-01-24 11:56,50.00,0.00,7.00
NUQ,2017-01-24 12:56,51.00,0.00,8.00
NUQ,2017-01-24 13:56,52.00,0.00,6.00
NUQ,2017-01-24 14:56,54.00,0.00,5.00
NUQ,2017-01-24 15:56,53.00,0.00,9.00
NUQ,2017-01-24 16:56,50.00,0.00,7.00
NUQ,2017-01-24 17:56,49.00,0.00,3.00
NUQ,2017-01-24 18:56,49.00,0.00,3.00
NUQ,2017-01-24 19:56,48.00,0.00,0.00
NUQ,2017-01-24 20:56,45.00,0.00,3.00
NUQ,2017-01-24 21:56,43.00,0.00,0.00
NUQ,2017-01-24 22:56,40.00,0.00,0.00
NUQ,2017-01-24 23:56,42.00,0.00,0.00
NUQ,2017-01-25 00:56,41.00,0.00,0.00
NUQ,2017-01-25 01:56,38.00,0.00,0.00
NUQ,2017-01-25 02:56,37.00,0.00,4.00
NUQ,2017-01-25 03:56,38.00,0.00,0.00
NUQ,2017-01-25 04:56,38.00,0.00,0.00
NUQ,2017-01-25 05:56,36.00,0.00,6.00
NUQ,2017-01-25 06:37,38.00,0.00,6.00
NUQ,2017-01-25 06:53,37.40,0.00,4.00
NUQ,2017-01-25 06:56,38.00,0.00,3.00
NUQ,2017-01-25 07:56,39.00,0.00,6.00
NUQ,2017-01-25 08:56,43.00,0.00,5.00
NUQ,2017-01-25 09:56,49.00,0.00,4.00
NUQ,2017-01-25 10:56,52.00,0.00,3.00
NUQ,2017-01-25 11:56,54.00,0.00,5.00
NUQ,2017-01-25 12:56,54.00,0.00,8.00
NUQ,2017-01-25 13:56,55.00,0.00,8.00
NUQ,2017-01-25 14:56,54.00,0.00,9.00
NUQ,2017-01-25 15:56,54.00,0.00,9.00
NUQ,2017-01-25 16:56,52.00,0.00,8.00
NUQ,2017-01-25 17:56,49.00,0.00,4.00
NUQ,2017-01-25 18:56,50.00,0.00,3.00
NUQ,2017-01-25 19:56,48.00,0.00,0.00
NUQ,2017-01-25 20:56,46.00,0.00,0.00
NUQ,2017-01-25 21:56,45.00,0.00,0.00
NUQ,2017-01-25 22:56,43.00,0.00,0.00
NUQ,2017-01-25 23:56,41.00,0.00,0.00
NUQ,2017-01-26 00:56,41.00,0.00,0.00
NUQ,2017-01-26 01:56,41.00,0.00,0.00
NUQ,2017-01-26 02:56,40.00,0.00,3.00
NUQ,2017-01-26 03:56,40.00,0.00,0.00
NUQ,2017-01-26 04:56,40.00,0.00,0.00
NUQ,2017-01-26 05:56,42.00,0.00,0.00
NUQ,2017-01-26 06:56,43.00,0.00,0.00
NUQ,2017-01-26 07:56,41.00,0.00,0.00
NUQ,2017-01-26 08:56,46.00,0.00,0.00
NUQ,2017-01-26 09:56,48.00,0.00,3.00
NUQ,2017-01-26 10:56,51.00,0.00,6.00
NUQ,2017-01-26 11:56,52.00,0.00,0.00
NUQ,2017-01-26 12:56,54.00,0.00,5.00
NUQ,2017-01-26 13:56,56.00,0.00,8.00
NUQ,2017-01-26 14:56,56.00,0.00,7.00
NUQ,2017-01-26 15:56,54.00,0.00,7.00
NUQ,2017-01-26 16:56,53.00,0.00,8.00
NUQ,2017-01-26 17:56,51.00,0.00,5.00
NUQ,2017-01-26 18:56,50.00,T,3.00
NUQ,2017-01-26 19:56,49.00,0.00,3.00
NUQ,2017-01-26 20:56,47.00,0.00,0.00
NUQ,2017-01-26 21:56,44.00,0.00,0.00
NUQ,2017-01-26 22:56,44.00,0.00,0.00
NUQ,2017-01-26 23:56,43.00,0.00,0.00
NUQ,2017-01-27 00:56,40.00,0.00,0.00
NUQ,2017-01-27 01:56,40.00,0.00,0.00
NUQ,2017-01-27 02:56,40.00,0.00,0.00
NUQ,2017-01-27 03:56,39.00,0.00,3.00
NUQ,2017-01-27 04:56,40.00,0.00,4.00
NUQ,2017-01-27 05:56,38.00,0.00,0.00
NUQ,2017-01-27 06:56,42.00,0.00,0.00
NUQ,2017-01-27 07:56,43.00,0.00,0.00
NUQ,2017-01-27 08:56,48.00,0.00,5.00
NUQ,2017-01-27 09:56,52.00,0.00,5.00
NUQ,2017-01-27 10:56,53.00,0.00,6.00
NUQ,2017-01-27 11:56,55.00,0.00,5.00
NUQ,2017-01-27 12:56,57.00,0.00,5.00
NUQ,2017-01-27 13:56,58.00,0.00,3.00
NUQ,2017-01-27 14:56,58.00,0.00,6.00
NUQ,2017-01-27 15:56,58.00,0.00,5.00
NUQ,2017-01-27 16:56,56.00,0.00,6.00
NUQ,2017-01-27 17:56,53.00,0.00,4.00
NUQ,2017-01-27 18:56,52.00,0.00,8.00
NUQ,2017-01-27 19:56,50.00,0.00,4.00
NUQ,2017-01-27 20:56,47.00,0.00,0.00
NUQ,2017-01-27 21:56,45.00,0.00,0.00
NUQ,2017-01-27 22:56,42.00,0.00,0.00
NUQ,2017-01-27 23:56,40.00,0.00,0.00
NUQ,2017-01-28 00:56,41.00,0.00,0.00
NUQ,2017-01-28 01:56,40.00,0.00,0.00
NUQ,2017-01-28 02:56,39.00,0.00,0.00
NUQ,2017-01-28 03:56,38.00,0.00,0.00
NUQ,2017-01-28 04:56,37.00,0.00,0.00
NUQ,2017-01-28 05:56,37.00,0.00,0.00
NUQ,2017-01-28 06:56,39.00,0.00,3.00
NUQ,2017-01-28 07:56,36.00,0.00,3.00
NUQ,2017-01-28 08:56,43.00,0.00,3.00
NUQ,2017-01-28 09:56,47.00,0.00,0.00
NUQ,2017-01-28 10:56,51.00,0.00,0.00
NUQ,2017-01-28 11:56,55.00,0.00,0.00
NUQ,2017-01-28 12:56,57.00,0.00,5.00
NUQ,2017-01-28 13:56,60.00,0.00,0.00
NUQ,2017-01-28 14:56,62.00,0.00,7.00
NUQ,2017-01-28 15:56,60.00,0.00,4.00
NUQ,2017-01-28 16:56,56.00,0.00,4.00
NUQ,2017-01-28 17:56,53.00,0.00,5.00
NUQ,2017-01-28 18:56,52.00,0.00,4.00
NUQ,2017-01-28 19:56,51.00,0.00,5.00
NUQ,2017-01-28 20:56,50.00,0.00,4.00
NUQ,2017-01-28 21:56,48.00,0.00,3.00
NUQ,2017-01-28 22:56,46.00,0.00,3.00
NUQ,2017-01-28 23:56,43.00,0.00,0.00
NUQ,2017-01-29 00:56,43.00,0.00,0.00
NUQ,2017-01-29 01:56,42.00,0.00,3.00
NUQ,2017-01-29 02:56,41.00,0.00,0.00
NUQ,2017-01-29 03:56,40.00,0.00,0.00
NUQ,2017-01-29 04:56,39.00,0.00,0.00
NUQ,2017-01-29 05:56,38.00,0.00,0.00
NUQ,2017-01-29 06:56,37.00,0.00,0.00
NUQ,2017-01-29 07:56,37.00,0.00,0.00
NUQ,2017-01-29 08:56,44.00,0.00,0.00
NUQ,2017-01-29 09:56,51.00,0.00,0.00
NUQ,2017-01-29 10:56,52.00,0.00,0.00
NUQ,2017-01-29 11:56,54.00,0.00,6.00
NUQ,2017-01-29 12:56,56.00,0.00,3.00
NUQ,2017-01-29 13:56,61.00,0.00,0.00
NUQ,2017-01-29 14:56,61.00,0.00,0.00
NUQ,2017-01-29 15:56,63.00,0.00,0.00
NUQ,2017-01-29 16:56,58.00,0.00,4.00
NUQ,2017-01-29 17:56,55.00,0.00,0.00
NUQ,2017-01-29 18:56,52.00,0.00,0.00
NUQ,2017-01-29 19:56,52.00,0.00,0.00
NUQ,2017-01-29 20:56,52.00,0.00,4.00
NUQ,2017-01-29 21:56,48.00,0.00,3.00
NUQ,2017-01-29 22:56,47.00,0.00,0.00
NUQ,2017-01-29 23:56,45.00,0.00,0.00
NUQ,2017-01-30 00:56,44.00,0.00,0.00
NUQ,2017-01-30 01:56,43.00,0.00,3.00
NUQ,2017-01-30 02:56,41.00,0.00,0.00
NUQ,2017-01-30 03:56,39.00,0.00,4.00
NUQ,2017-01-30 04:56,41.00,0.00,0.00
NUQ,2017-01-30 05:56,40.00,0.00,0.00
NUQ,2017-01-30 06:56,41.00,0.00,0.00
NUQ,2017-01-30 07:56,42.00,0.00,0.00
NUQ,2017-01-30 08:56,46.00,0.00,0.00
NUQ,2017-01-30 09:56,50.00,0.00,0.00
NUQ,2017-01-30 10:56,55.00,0.00,3.00
NUQ,2017-01-30 11:56,56.00,0.00,4.00
NUQ,2017-01-30 12:56,59.00,0.00,4.00
NUQ,2017-01-30 13:56,61.00,0.00,3.00
NUQ,2017-01-30 14:56,60.00,0.00,5.00
NUQ,2017-01-30 15:56,61.00,0.00,5.00
NUQ,2017-01-30 16:56,54.00,0.00,4.00
NUQ,2017-01-30 17:56,54.00,0.00,0.00
NUQ,2017-01-30 18:56,54.00,0.00,0.00
NUQ,2017-01-30 19:56,52.00,0.00,0.00
NUQ,2017-01-30 20:56,50.00,0.00,0.00
NUQ,2017-01-30 21:56,48.00,0.00,3.00
NUQ,2017-01-30 22:56,47.00,0.00,3.00
NUQ,2017-01-30 23:56,44.00,0.00,0.00
NUQ,2017-01-31 00:56,44.00,0.00,0.00
NUQ,2017-01-31 01:56,41.00,0.00,0.00
NUQ,2017-01-31 02:56,42.00,0.00,3.00
NUQ,2017-01-31 03:56,40.00,0.00,0.00
NUQ,2017-01-31 04:56,40.00,0.00,0.00
NUQ,2017-01-31 05:56,40.00,0.00,0.00
NUQ,2017-01-31 06:56,40.00,0.00,0.00
NUQ,2017-01-31 07:56,42.00,0.00,0.00
NUQ,2017-01-31 08:56,46.00,0.00,0.00
NUQ,2017-01-31 09:56,51.00,0.00,0.00
NUQ,2017-01-31 10:56,54.00,0.00,4.00
NUQ,2017-01-31 11:56,56.00,0.00,4.00
NUQ,2017-01-31 12:56,57.00,0.00,4.00
NUQ,2017-01-31 13:56,61.00,0.00,0.00
NUQ,2017-01-31 14:56,59.00,0.00,5.00
NUQ,2017-01-31 15:56,57.00,0.00,7.00
NUQ,2017-01-31 16:56,56.00,0.00,5.00
NUQ,2017-01-31 17:56,55.00,0.00,3.00
NUQ,2017-01-31 18:56,55.00,0.00,0.00
NUQ,2017-01-31 19:56,53.00,0.00,0.00
NUQ,2017-01-31 20:56,50.00,0.00,0.00
NUQ,2017-01-31 21:56,50.00,0.00,0.00
NUQ,2017-01-31 22:56,48.00,0.00,0.00
NUQ,2017-01-31 23:56,48.00,0.00,0.00
NUQ,2017-02-01 00:56,47.00,0.00,0.00
NUQ,2017-02-01 01:56,45.00,0.00,0.00
NUQ,2017-02-01 02:56,46.00,0.00,0.00
NUQ,2017-02-01 03:56,46.00,0.00,0.00
NUQ,2017-02-01 04:56,45.00,0.00,0.00
NUQ,2017-02-01 05:56,47.00,0.00,0.00
NUQ,2017-02-01 06:56,48.00,0.00,0.00
NUQ,2017-02-01 07:56,48.00,0.00,0.00
NUQ,2017-02-01 08:56,50.00,0.00,0.00
NUQ,2017-02-01 09:56,50.00,0.00,6.00
NUQ,2017-02-01 10:56,51.00,0.00,4.00
NUQ,2017-02-01 11:56,56.00,0.00,10.00
NUQ,2017-02-01 12:56,61.00,0.00,5.00
NUQ,2017-02-01 13:56,54.00,0.00,4.00
NUQ,2017-02-01 14:56,60.00,0.00,17.00
NUQ,2017-02-01 15:56,58.00,0.00,12.00
NUQ,2017-02-01 16:56,57.00,0.00,6.00
NUQ,2017-02-01 17:56,58.00,0.00,19.00
NUQ,2017-02-01 18:56,58.00,0.00,16.00
NUQ,2017-02-01 19:56,58.00,0.00,4.00
NUQ,2017-02-01 20:56,53.00,0.00,8.00
NUQ,2017-02-01 21:56,54.00,0.00,6.00
NUQ,2017-02-01 22:56,52.00,T,5.00
NUQ,2017-02-01 23:56,51.00,0.04,0.00
NUQ,2017-02-02 00:56,51.00,T,5.00
NUQ,2017-02-02 01:56,52.00,T,9.00
NUQ,2017-02-02 02:56,51.00,0.00,13.00
NUQ,2017-02-02 03:56,51.00,0.00,10.00
NUQ,2017-02-02 04:56,52.00,0.00,8.00
NUQ,2017-02-02 05:56,53.00,0.00,6.00
NUQ,2017-02-02 06:56,55.00,T,9.00
NUQ,2017-02-02 07:38,55.00,T,12.00
NUQ,2017-02-02 07:56,55.00,T,11.00
NUQ,2017-02-02 08:56,57.00,T,13.00
NUQ,2017-02-02 09:25,57.00,0.00,12.00
NUQ,2017-02-02 09:56,59.00,0.00,13.00
NUQ,2017-02-02 10:28,60.00,0.00,14.00
NUQ,2017-02-02 10:56,61.00,0.00,13.00
NUQ,2017-02-02 11:44,62.00,0.00,12.00
NUQ,2017-02-02 11:56,61.00,0.00,12.00
NUQ,2017-02-02 12:03,61.00,0.00,15.00
NUQ,2017-02-02 12:39,62.00,0.00,11.00
NUQ,2017-02-02 12:56,62.00,0.00,10.00
NUQ,2017-02-02 13:56,64.00,0.00,8.00
NUQ,2017-02-02 14:56,63.00,0.00,7.00
NUQ,2017-02-02 15:25,63.00,T,7.00
NUQ,2017-02-02 15:53,60.80,0.02,6.00
NUQ,2017-02-02 15:56,60.00,0.02,6.00
NUQ,2017-02-02 16:56,61.00,0.02,7.00
NUQ,2017-02-02 17:56,60.00,T,7.00
NUQ,2017-02-02 18:56,59.00,0.01,6.00
NUQ,2017-02-02 19:56,59.00,T,8.00
NUQ,2017-02-02 20:56,59.00,T,5.00
NUQ,2017-02-02 21:56,58.00,T,7.00
NUQ,2017-02-02 22:56,60.00,0.01,7.00
NUQ,2017-02-02 23:56,59.00,T,7.00
NUQ,2017-02-03 00:51,59.00,0.01,10.00
NUQ,2017-02-03 00:56,59.00,0.01,9.00
NUQ,2017-02-03 01:24,59.00,T,10.00
NUQ,2017-02-03 01:56,59.00,0.01,8.00
NUQ,2017-02-03 02:29,58.00,0.01,10.00
NUQ,2017-02-03 02:56,59.00,0.01,11.00
NUQ,2017-02-03 03:05,59.00,0.00,14.00
NUQ,2017-02-03 03:56,59.00,T,14.00
NUQ,2017-02-03 04:06,59.00,T,14.00
NUQ,2017-02-03 04:16,59.00,T,13.00
NUQ,2017-02-03 04:56,59.00,0.01,11.00
NUQ,2017-02-03 05:56,57.00,0.10,5.00
NUQ,2017-02-03 06:56,58.00,0.02,6.00
NUQ,2017-02-03 07:56,58.00,T,7.00
NUQ,2017-02-03 08:56,59.00,0.00,4.00
NUQ,2017-02-03 09:56,60.00,0.01,4.00
NUQ,2017-02-03 10:56,62.00,0.00,9.00
NUQ,2017-02-03 11:56,61.00,0.00,10.00
NUQ,2017-02-03 12:56,61.00,T,6.00
NUQ,2017-02-03 13:56,62.00,T,9.00
NUQ,2017-02-03 14:56,61.00,T,7.00
NUQ,2017-02-03 15:56,60.00,T,6.00
NUQ,2017-02-03 16:56,59.00,0.00,3.00
NUQ,2017-02-03 17:17,59.00,T,3.00
NUQ,2017-02-03 17:38,58.00,T,3.00
NUQ,2017-02-03 17:56,58.00,T,5.00
NUQ,2017-02-03 18:56,56.00,T,5.00
NUQ,2017-02-03 19:56,57.00,T,0.00
NUQ,2017-02-03 20:56,57.00,0.00,3.00
NUQ,2017-02-03 21:56,56.00,0.00,3.00
NUQ,2017-02-03 22:56,56.00,0.00,4.00
NUQ,2017-02-03 23:56,56.00,0.00,7.00
NUQ,2017-02-04 00:56,56.00,0.00,9.00
NUQ,2017-02-04 01:56,56.00,0.00,6.00
NUQ,2017-02-04 02:56,55.00,0.00,4.00
NUQ,2017-02-04 03:56,55.00,0.00,4.00
NUQ,2017-02-04 04:56,53.00,0.00,6.00
NUQ,2017-02-04 05:56,52.00,0.00,6.00
NUQ,2017-02-04 06:56,52.00,0.00,8.00
NUQ,2017-02-04 07:56,54.00,0.00,0.00
NUQ,2017-02-04 08:56,57.00,T,0.00
NUQ,2017-02-04 09:56,60.00,T,6.00
NUQ,2017-02-04 10:56,60.00,T,3.00
NUQ,2017-02-04 11:56,61.00,T,0.00
NUQ,2017-02-04 12:56,62.00,0.00,8.00
NUQ,2017-02-04 13:56,61.00,0.00,7.00
NUQ,2017-02-04 14:56,61.00,0.00,7.00
NUQ,2017-02-04 15:56,61.00,T,3.00
NUQ,2017-02-04 16:56,60.00,0.00,0.00
NUQ,2017-02-04 17:56,58.00,0.00,0.00
NUQ,2017-02-04 18:56,56.00,0.00,0.00
NUQ,2017-02-04 19:56,54.00,0.00,0.00
NUQ,2017-02-04 20:56,54.00,0.00,5.00
NUQ,2017-02-04 21:56,52.00,0.00,4.00
NUQ,2017-02-04 22:56,52.00,0.00,3.00
NUQ,2017-02-04 23:56,51.00,0.00,7.00
NUQ,2017-02-05 00:56,50.00,0.00,3.00
NUQ,2017-02-05 01:56,50.00,0.00,0.00
NUQ,2017-02-05 02:56,49.00,0.00,0.00
NUQ,2017-02-05 03:56,48.00,0.00,0.00
NUQ,2017-02-05 04:56,49.00,0.00,0.00
NUQ,2017-02-05 05:56,47.00,0.00,0.00
NUQ,2017-02-05 06:56,48.00,0.00,6.00
NUQ,2017-02-05 07:56,49.00,0.00,4.00
NUQ,2017-02-05 08:56,52.00,0.00,6.00
NUQ,2017-02-05 09:56,55.00,0.00,10.00
NUQ,2017-02-05 10:56,57.00,0.00,4.00
NUQ,2017-02-05 11:56,59.00,0.00,9.00
NUQ,2017-02-05 12:56,59.00,0.00,8.00
NUQ,2017-02-05 13:56,59.00,0.00,10.00
NUQ,2017-02-05 14:56,59.00,0.00,12.00
NUQ,2017-02-05 15:56,59.00,0.00,14.00
NUQ,2017-02-05 16:53,57.20,0.00,12.00
NUQ,2017-02-05 16:56,58.00,T,11.00
NUQ,2017-02-05 17:25,57.00,T,14.00
NUQ,2017-02-05 17:56,56.00,T,10.00
NUQ,2017-02-05 18:56,55.00,0.06,16.00
NUQ,2017-02-05 19:23,55.00,0.00,12.00
NUQ,2017-02-05 19:56,55.00,T,11.00
NUQ,2017-02-05 20:22,55.00,T,10.00
NUQ,2017-02-05 20:56,55.00,0.01,12.00
NUQ,2017-02-05 21:56,55.00,0.02,10.00
NUQ,2017-02-05 22:56,54.00,0.04,10.00
NUQ,2017-02-05 23:56,53.00,0.07,8.00
NUQ,2017-02-06 00:56,53.00,0.11,5.00
NUQ,2017-02-06 01:04,53.00,0.00,6.00
NUQ,2017-02-06 01:16,53.00,T,5.00
NUQ,2017-02-06 01:56,53.00,T,3.00
NUQ,2017-02-06 02:05,53.00,0.01,0.00
NUQ,2017-02-06 02:25,53.00,0.01,0.00
NUQ,2017-02-06 02:56,54.00,0.02,0.00
NUQ,2017-02-06 03:56,54.00,T,5.00
NUQ,2017-02-06 04:56,55.00,T,3.00
NUQ,2017-02-06 05:56,56.00,T,7.00
NUQ,2017-02-06 06:56,57.00,0.00,0.00
NUQ,2017-02-06 07:16,56.00,0.00,0.00
NUQ,2017-02-06 07:56,57.00,0.00,0.00
NUQ,2017-02-06 08:37,57.00,0.00,4.00
NUQ,2017-02-06 08:56,57.00,0.00,6.00
NUQ,2017-02-06 09:56,59.00,0.00,7.00
NUQ,2017-02-06 10:56,60.00,0.00,0.00
NUQ,2017-02-06 11:28,61.00,0.00,4.00
NUQ,2017-02-06 11:56,61.00,0.00,6.00
NUQ,2017-02-06 12:56,62.00,0.00,7.00
NUQ,2017-02-06 13:56,61.00,0.00,7.00
NUQ,2017-02-06 14:56,61.00,0.00,11.00
NUQ,2017-02-06 15:56,61.00,0.00,6.00
NUQ,2017-02-06 16:56,59.00,0.00,6.00
NUQ,2017-02-06 17:56,57.00,T,8.00
NUQ,2017-02-06 18:56,58.00,T,7.00
NUQ,2017-02-06 19:56,56.00,0.01,7.00
NUQ,2017-02-06 20:56,55.00,0.02,7.00
NUQ,2017-02-06 21:56,56.00,0.03,11.00
NUQ,2017-02-06 22:56,56.00,0.03,10.00
NUQ,2017-02-06 23:56,57.00,0.01,11.00
NUQ,2017-02-07 00:56,57.00,0.05,13.00
NUQ,2017-02-07 01:56,58.00,0.02,14.00
NUQ,2017-02-07 02:14,58.00,T,15.00
NUQ,2017-02-07 02:56,58.00,0.04,14.00
NUQ,2017-02-07 03:20,59.00,0.01,10.00
NUQ,2017-02-07 03:44,60.00,0.04,12.00
NUQ,2017-02-07 03:56,60.00,0.05,14.00
NUQ,2017-02-07 04:56,61.00,T,9.00
NUQ,2017-02-07 05:56,61.00,0.02,8.00
NUQ,2017-02-07 06:56,60.00,0.13,9.00
NUQ,2017-02-07 07:47,60.00,0.03,6.00
NUQ,2017-02-07 07:56,60.00,0.03,6.00
NUQ,2017-02-07 08:56,60.00,0.03,8.00
NUQ,2017-02-07 09:03,60.00,T,6.00
NUQ,2017-02-07 09:23,61.00,0.01,7.00
NUQ,2017-02-07 09:56,61.00,0.01,4.00
NUQ,2017-02-07 10:56,63.00,T,0.00
NUQ,2017-02-07 11:46,64.00,0.00,7.00
NUQ,2017-02-07 11:56,64.00,0.00,9.00
NUQ,2017-02-07 12:20,64.00,0.00,6.00
NUQ,2017-02-07 12:27,64.00,0.00,5.00
NUQ,2017-02-07 12:40,64.00,0.00,0.00
NUQ,2017-02-07 12:56,64.00,0.00,6.00
NUQ,2017-02-07 13:56,64.00,0.00,5.00
NUQ,2017-02-07 14:12,64.00,0.00,5.00
NUQ,2017-02-07 14:56,64.00,0.00,3.00
NUQ,2017-02-07 15:56,61.00,T,5.00
NUQ,2017-02-07 16:08,60.00,0.00,6.00
NUQ,2017-02-07 16:56,60.00,0.00,8.00
NUQ,2017-02-07 17:08,59.00,0.00,9.00
NUQ,2017-02-07 17:52,57.20,0.00,0.00
NUQ,2017-02-07 17:56,57.00,0.00,0.00
NUQ,2017-02-07 18:19,57.00,0.00,3.00
NUQ,2017-02-07 18:41,57.00,0.00,0.00
NUQ,2017-02-07 18:48,57.00,0.00,3.00
NUQ,2017-02-07 18:56,57.00,0.00,0.00
NUQ,2017-02-07 19:11,57.00,0.00,0.00
NUQ,2017-02-07 19:56,58.00,0.00,0.00
NUQ,2017-02-07 20:56,58.00,0.00,3.00
NUQ,2017-02-07 21:56,58.00,0.00,0.00
NUQ,2017-02-07 22:56,57.00,0.00,0.00
NUQ,2017-02-07 23:56,57.00,T,4.00
NUQ,2017-02-08 00:45,57.00,0.01,4.00
NUQ,2017-02-08 00:52,57.20,0.01,0.00
NUQ,2017-02-08 00:56,57.00,0.01,0.00
NUQ,2017-02-08 01:56,57.00,0.02,0.00
NUQ,2017-02-08 02:56,60.00,0.01,8.00
NUQ,2017-02-08 03:56,61.00,0.00,7.00
NUQ,2017-02-08 04:56,61.00,T,5.00
NUQ,2017-02-08 05:56,61.00,T,3.00
NUQ,2017-02-08 06:56,62.00,T,5.00
NUQ,2017-02-08 07:56,62.00,0.00,5.00
NUQ,2017-02-08 08:05,61.00,0.00,5.00
NUQ,2017-02-08 08:56,63.00,0.00,6.00
NUQ,2017-02-08 09:03,63.00,T,5.00
NUQ,2017-02-08 09:56,63.00,T,7.00
NUQ,2017-02-08 10:53,64.40,T,8.00
NUQ,2017-02-08 10:56,64.00,T,9.00
NUQ,2017-02-08 11:35,64.00,0.00,10.00
NUQ,2017-02-08 11:56,65.00,0.00,10.00
NUQ,2017-02-08 12:53,64.40,0.00,9.00
NUQ,2017-02-08 12:56,65.00,0.00,9.00
NUQ,2017-02-08 13:56,67.00,0.00,4.00
NUQ,2017-02-08 14:56,66.00,0.00,4.00
NUQ,2017-02-08 15:03,66.00,0.00,9.00
NUQ,2017-02-08 15:56,66.00,0.00,6.00
NUQ,2017-02-08 16:56,65.00,0.00,4.00
NUQ,2017-02-08 17:49,63.00,0.00,9.00
NUQ,2017-02-08 17:56,63.00,0.00,9.00
NUQ,2017-02-08 18:56,63.00,0.00,7.00
NUQ,2017-02-08 19:26,63.00,0.00,6.00
NUQ,2017-02-08 19:56,62.00,0.00,7.00
NUQ,2017-02-08 20:56,63.00,0.00,8.00
NUQ,2017-02-08 21:56,63.00,0.00,6.00
NUQ,2017-02-08 22:56,64.00,0.00,4.00
NUQ,2017-02-08 23:56,64.00,0.00,8.00
NUQ,2017-02-09 00:56,63.00,0.00,10.00
NUQ,2017-02-09 01:20,63.00,0.00,8.00
NUQ,2017-02-09 01:56,63.00,0.00,6.00
NUQ,2017-02-09 02:33,64.00,0.00,10.00
NUQ,2017-02-09 02:56,63.00,0.00,8.00
NUQ,2017-02-09 03:56,62.00,0.00,9.00
NUQ,2017-02-09 04:51,62.60,0.00,9.00
NUQ,2017-02-09 04:56,63.00,0.00,10.00
NUQ,2017-02-09 05:56,62.00,0.00,10.00
NUQ,2017-02-09 06:35,62.00,0.00,11.00
NUQ,2017-02-09 06:56,62.00,0.00,15.00
NUQ,2017-02-09 07:06,62.00,0.00,13.00
NUQ,2017-02-09 07:20,62.00,0.00,15.00
NUQ,2017-02-09 07:51,62.60,0.00,16.00
NUQ,2017-02-09 07:56,62.00,0.00,17.00
NUQ,2017-02-09 08:56,62.00,T,16.00
NUQ,2017-02-09 09:56,63.00,T,13.00
NUQ,2017-02-09 10:56,62.00,0.02,10.00
NUQ,2017-02-09 11:15,61.00,0.01,10.00
NUQ,2017-02-09 11:56,61.00,0.03,9.00
NUQ,2017-02-09 12:56,60.00,0.10,11.00
NUQ,2017-02-09 13:22,60.00,0.05,12.00
NUQ,2017-02-09 13:43,60.00,0.11,12.00
NUQ,2017-02-09 13:56,60.00,0.12,15.00
NUQ,2017-02-09 14:56,60.00,0.06,14.00
NUQ,2017-02-09 15:56,60.00,0.14,8.00
NUQ,2017-02-09 16:56,60.00,0.08,6.00
NUQ,2017-02-09 17:56,60.00,0.04,4.00
NUQ,2017-02-09 18:56,59.00,0.02,8.00
NUQ,2017-02-09 19:51,60.80,T,5.00
NUQ,2017-02-09 19:56,60.00,T,7.00
NUQ,2017-02-09 20:11,60.00,0.01,7.00
NUQ,2017-02-09 20:19,60.00,0.01,7.00
NUQ,2017-02-09 20:56,58.00,0.02,3.00
NUQ,2017-02-09 21:21,58.00,0.01,5.00
NUQ,2017-02-09 21:28,58.00,0.02,0.00
NUQ,2017-02-09 21:56,57.00,0.02,6.00
NUQ,2017-02-09 22:56,58.00,0.00,6.00
NUQ,2017-02-09 23:11,58.00,0.00,7.00
NUQ,2017-02-09 23:19,57.00,0.00,6.00
NUQ,2017-02-09 23:44,57.00,0.00,4.00
NUQ,2017-02-09 23:56,57.00,0.00,5.00
NUQ,2017-02-10 00:15,57.00,0.00,7.00
NUQ,2017-02-10 00:56,57.00,0.00,6.00
NUQ,2017-02-10 01:12,56.00,0.00,6.00
NUQ,2017-02-10 01:56,57.00,0.00,0.00
NUQ,2017-02-10 02:56,57.00,0.00,3.00
NUQ,2017-02-10 03:56,56.00,0.00,5.00
NUQ,2017-02-10 04:56,56.00,T,0.00
NUQ,2017-02-10 05:56,57.00,T,0.00
NUQ,2017-02-10 06:34,57.00,0.01,0.00
NUQ,2017-02-10 06:47,56.00,0.01,0.00
NUQ,2017-02-10 06:56,56.00,0.01,0.00
NUQ,2017-02-10 07:08,56.00,0.00,3.00
NUQ,2017-02-10 07:45,56.00,0.00,0.00
NUQ,2017-02-10 07:56,56.00,0.00,3.00
NUQ,2017-02-10 08:07,56.00,0.00,3.00
NUQ,2017-02-10 08:25,57.00,0.00,3.00
NUQ,2017-02-10 08:33,57.00,0.00,5.00
NUQ,2017-02-10 08:41,57.00,0.00,7.00
NUQ,2017-02-10 08:48,57.00,0.00,5.00
NUQ,2017-02-10 08:56,56.00,0.00,5.00
NUQ,2017-02-10 09:03,56.00,0.00,4.00
NUQ,2017-02-10 09:56,58.00,0.00,3.00
NUQ,2017-02-10 10:03,58.00,0.00,0.00
NUQ,2017-02-10 10:16,58.00,0.00,0.00
NUQ,2017-02-10 10:47,59.00,0.00,0.00
NUQ,2017-02-10 10:56,60.00,0.00,0.00
NUQ,2017-02-10 11:31,61.00,0.00,0.00
NUQ,2017-02-10 11:54,59.00,0.00,10.00
NUQ,2017-02-10 11:56,58.00,0.00,8.00
NUQ,2017-02-10 12:28,58.00,0.01,9.00
NUQ,2017-02-10 12:47,58.00,0.01,10.00
NUQ,2017-02-10 12:56,59.00,0.01,9.00
NUQ,2017-02-10 13:31,60.00,0.00,7.00
NUQ,2017-02-10 13:56,61.00,0.00,8.00
NUQ,2017-02-10 14:56,59.00,0.00,8.00
NUQ,2017-02-10 15:56,59.00,0.00,10.00
NUQ,2017-02-10 16:56,58.00,0.00,9.00
NUQ,2017-02-10 17:56,57.00,0.00,7.00
NUQ,2017-02-10 18:56,54.00,0.00,4.00
NUQ,2017-02-10 19:56,54.00,0.00,6.00
NUQ,2017-02-10 20:56,53.00,0.00,0.00
NUQ,2017-02-10 21:56,53.00,0.00,5.00
NUQ,2017-02-10 22:56,52.00,0.00,3.00
NUQ,2017-02-10 23:56,51.00,0.00,4.00
NUQ,2017-02-11 00:56,50.00,0.00,6.00
NUQ,2017-02-11 01:56,49.00,0.00,3.00
NUQ,2017-02-11 02:56,48.00,0.00,6.00
NUQ,2017-02-11 03:56,48.00,0.00,3.00
NUQ,2017-02-11 04:56,47.00,0.00,5.00
NUQ,2017-02-11 05:56,46.00,0.00,3.00
NUQ,2017-02-11 06:43,47.00,0.00,3.00
NUQ,2017-02-11 06:53,46.40,0.00,0.00
NUQ,2017-02-11 06:56,47.00,0.00,0.00
NUQ,2017-02-11 07:56,48.00,0.00,4.00
NUQ,2017-02-11 08:56,50.00,0.00,3.00
NUQ,2017-02-11 09:56,51.00,0.00,10.00
NUQ,2017-02-11 10:56,54.00,0.00,7.00
NUQ,2017-02-11 11:56,56.00,0.00,7.00
NUQ,2017-02-11 12:56,58.00,0.00,8.00
NUQ,2017-02-11 13:56,59.00,0.00,12.00
NUQ,2017-02-11 14:56,60.00,0.00,9.00
NUQ,2017-02-11 15:56,60.00,0.00,7.00
NUQ,2017-02-11 16:56,60.00,0.00,6.00
NUQ,2017-02-11 17:56,58.00,0.00,3.00
NUQ,2017-02-11 18:56,55.00,0.00,0.00
NUQ,2017-02-11 19:56,53.00,0.00,0.00
NUQ,2017-02-11 20:56,51.00,0.00,3.00
NUQ,2017-02-11 21:56,50.00,0.00,3.00
NUQ,2017-02-11 22:56,49.00,0.00,3.00
NUQ,2017-02-11 23:56,48.00,0.00,0.00
NUQ,2017-02-12 00:56,46.00,0.00,0.00
NUQ,2017-02-12 01:56,46.00,0.00,0.00
NUQ,2017-02-12 02:56,46.00,0.00,0.00
NUQ,2017-02-12 03:56,42.00,0.00,3.00
NUQ,2017-02-12 04:56,43.00,0.00,0.00
NUQ,2017-02-12 05:56,43.00,0.00,0.00
NUQ,2017-02-12 06:56,43.00,0.00,0.00
NUQ,2017-02-12 07:56,47.00,0.00,5.00
NUQ,2017-02-12 08:56,54.00,0.00,0.00
NUQ,2017-02-12 09:56,57.00,0.00,5.00
NUQ,2017-02-12 10:56,59.00,0.00,6.00
NUQ,2017-02-12 11:56,61.00,0.00,3.00
NUQ,2017-02-12 12:56,64.00,0.00,0.00
NUQ,2017-02-12 13:56,64.00,0.00,3.00
NUQ,2017-02-12 14:56,65.00,0.00,6.00
NUQ,2017-02-12 15:56,62.00,0.00,11.00
NUQ,2017-02-12 16:56,60.00,0.00,7.00
NUQ,2017-02-12 17:56,55.00,0.00,6.00
NUQ,2017-02-12 18:56,53.00,0.00,6.00
NUQ,2017-02-12 19:56,51.00,0.00,5.00
NUQ,2017-02-12 20:56,51.00,0.00,3.00
NUQ,2017-02-12 21:56,51.00,0.00,0.00
NUQ,2017-02-12 22:56,49.00,0.00,0.00
NUQ,2017-02-12 23:56,48.00,0.00,0.00
NUQ,2017-02-13 00:56,47.00,0.00,4.00
NUQ,2017-02-13 01:56,47.00,0.00,0.00
NUQ,2017-02-13 02:56,44.00,0.00,0.00
NUQ,2017-02-13 03:17,46.00,0.00,0.00
NUQ,2017-02-13 03:56,46.00,0.00,0.00
NUQ,2017-02-13 04:05,46.00,0.00,0.00
NUQ,2017-02-13 04:14,46.00,0.00,0.00
NUQ,2017-02-13 04:56,46.00,0.00,0.00
NUQ,2017-02-13 05:41,47.00,0.00,0.00
NUQ,2017-02-13 05:50,46.40,0.00,4.00
NUQ,2017-02-13 05:52,46.40,0.00,3.00
NUQ,2017-02-13 05:56,47.00,0.00,0.00
NUQ,2017-02-13 06:03,47.00,0.00,4.00
NUQ,2017-02-13 06:17,47.00,0.00,0.00
NUQ,2017-02-13 06:27,46.00,0.00,0.00
NUQ,2017-02-13 06:41,45.00,0.00,3.00
NUQ,2017-02-13 06:56,46.00,0.00,3.00
NUQ,2017-02-13 07:56,46.00,0.00,0.00
NUQ,2017-02-13 08:32,47.00,0.00,3.00
NUQ,2017-02-13 08:42,47.00,0.00,3.00
NUQ,2017-02-13 08:56,48.00,0.00,0.00
NUQ,2017-02-13 09:56,52.00,0.00,3.00
NUQ,2017-02-13 10:56,53.00,0.00,3.00
NUQ,2017-02-13 11:56,57.00,0.00,4.00
NUQ,2017-02-13 12:56,59.00,0.00,4.00
NUQ,2017-02-13 13:56,60.00,0.00,3.00
NUQ,2017-02-13 14:56,62.00,0.00,0.00
NUQ,2017-02-13 15:56,59.00,0.00,6.00
NUQ,2017-02-13 16:56,58.00,0.00,6.00
NUQ,2017-02-13 17:56,57.00,0.00,4.00
NUQ,2017-02-13 18:56,56.00,0.00,5.00
NUQ,2017-02-13 19:56,56.00,0.00,3.00
NUQ,2017-02-13 20:56,56.00,0.00,0.00
NUQ,2017-02-13 21:56,57.00,0.00,7.00
NUQ,2017-02-13 22:56,56.00,0.00,0.00
NUQ,2017-02-13 23:56,54.00,0.00,0.00
NUQ,2017-02-14 00:56,52.00,0.00,0.00
NUQ,2017-02-14 01:56,50.00,0.00,0.00
NUQ,2017-02-14 02:56,50.00,0.00,3.00
NUQ,2017-02-14 03:56,47.00,0.00,4.00
NUQ,2017-02-14 04:56,47.00,0.00,0.00
NUQ,2017-02-14 05:56,47.00,0.00,0.00
NUQ,2017-02-14 06:56,44.00,0.00,0.00
NUQ,2017-02-14 07:56,49.00,0.00,0.00
NUQ,2017-02-14 08:56,53.00,0.00,0.00
NUQ,2017-02-14 09:56,57.00,0.00,5.00
NUQ,2017-02-14 10:56,59.00,0.00,4.00
NUQ,2017-02-14 11:56,62.00,0.00,4.00
NUQ,2017-02-14 12:56,64.00,0.00,3.00
NUQ,2017-02-14 13:56,65.00,0.00,4.00
NUQ,2017-02-14 14:56,67.00,0.00,4.00
NUQ,2017-02-14 15:56,66.00,0.00,6.00
NUQ,2017-02-14 16:56,62.00,0.00,8.00
NUQ,2017-02-14 17:56,58.00,0.00,4.00
NUQ,2017-02-14 18:56,59.00,0.00,0.00
NUQ,2017-02-14 19:56,59.00,0.00,0.00
NUQ,2017-02-14 20:56,56.00,0.00,0.00
NUQ,2017-02-14 21:56,56.00,0.00,3.00
NUQ,2017-02-14 22:56,52.00,0.00,4.00
NUQ,2017-02-14 23:56,52.00,0.00,0.00
NUQ,2017-02-15 00:56,54.00,0.00,0.00
NUQ,2017-02-15 01:56,53.00,0.00,0.00
NUQ,2017-02-15 02:56,50.00,0.00,0.00
NUQ,2017-02-15 03:56,52.00,0.00,0.00
NUQ,2017-02-15 04:56,51.00,0.00,0.00
NUQ,2017-02-15 05:56,50.00,0.00,0.00
NUQ,2017-02-15 06:56,52.00,0.00,0.00
NUQ,2017-02-15 07:56,54.00,0.00,3.00
NUQ,2017-02-15 08:56,54.00,0.00,0.00
NUQ,2017-02-15 09:56,57.00,0.00,0.00
NUQ,2017-02-15 10:56,59.00,0.00,5.00
NUQ,2017-02-15 11:56,62.00,0.00,4.00
NUQ,2017-02-15 12:56,64.00,0.00,4.00
NUQ,2017-02-15 13:56,65.00,0.00,4.00
NUQ,2017-02-15 14:56,68.00,0.00,3.00
NUQ,2017-02-15 15:56,70.00,0.00,7.00
NUQ,2017-02-15 16:56,70.00,0.00,10.00
NUQ,2017-02-15 17:56,69.00,0.00,9.00
NUQ,2017-02-15 18:56,67.00,0.00,7.00
NUQ,2017-02-15 19:56,65.00,0.00,11.00
NUQ,2017-02-15 20:56,64.00,0.00,12.00
NUQ,2017-02-15 21:56,63.00,0.00,5.00
NUQ,2017-02-15 22:56,61.00,0.00,9.00
NUQ,2017-02-15 23:56,60.00,0.00,7.00
NUQ,2017-02-16 00:56,58.00,0.00,17.00
NUQ,2017-02-16 01:56,60.00,0.00,14.00
NUQ,2017-02-16 02:56,60.00,0.00,15.00
NUQ,2017-02-16 03:56,59.00,0.01,11.00
NUQ,2017-02-16 04:23,57.00,0.01,20.00
NUQ,2017-02-16 04:56,56.00,0.03,14.00
NUQ,2017-02-16 05:06,56.00,0.01,15.00
NUQ,2017-02-16 05:56,56.00,0.05,8.00
NUQ,2017-02-16 06:56,57.00,T,8.00
NUQ,2017-02-16 07:24,58.00,0.00,5.00
NUQ,2017-02-16 07:56,58.00,T,6.00
NUQ,2017-02-16 08:06,59.00,T,6.00
NUQ,2017-02-16 08:13,59.00,T,5.00
NUQ,2017-02-16 08:56,61.00,T,5.00
NUQ,2017-02-16 09:56,59.00,0.00,8.00
NUQ,2017-02-16 10:06,60.00,0.00,7.00
NUQ,2017-02-16 10:56,59.00,T,0.00
NUQ,2017-02-16 11:04,60.00,T,0.00
NUQ,2017-02-16 11:56,64.00,0.01,0.00
NUQ,2017-02-16 12:56,63.00,0.00,6.00
NUQ,2017-02-16 13:11,63.00,0.00,6.00
NUQ,2017-02-16 13:56,64.00,0.00,7.00
NUQ,2017-02-16 14:56,63.00,0.00,9.00
NUQ,2017-02-16 15:56,62.00,0.00,12.00
NUQ,2017-02-16 16:56,59.00,0.00,10.00
NUQ,2017-02-16 17:56,57.00,0.00,8.00
NUQ,2017-02-16 18:56,54.00,0.00,4.00
NUQ,2017-02-16 19:56,56.00,0.00,5.00
NUQ,2017-02-16 20:56,55.00,0.00,0.00
NUQ,2017-02-16 21:48,56.00,0.00,0.00
NUQ,2017-02-16 21:56,56.00,0.00,0.00
NUQ,2017-02-16 22:43,55.00,0.00,0.00
NUQ,2017-02-16 22:53,55.40,0.00,0.00
NUQ,2017-02-16 22:56,55.00,0.00,0.00
NUQ,2017-02-16 23:56,54.00,0.00,0.00
NUQ,2017-02-17 00:56,53.00,0.00,4.00
NUQ,2017-02-17 01:56,55.00,T,6.00
NUQ,2017-02-17 02:56,55.00,T,3.00
NUQ,2017-02-17 03:56,56.00,0.01,13.00
NUQ,2017-02-17 04:56,55.00,0.01,17.00
NUQ,2017-02-17 05:56,55.00,T,12.00
NUQ,2017-02-17 06:56,55.00,0.02,12.00
NUQ,2017-02-17 07:56,57.00,0.03,11.00
NUQ,2017-02-17 08:56,58.00,T,23.00
NUQ,2017-02-17 09:56,57.00,0.01,23.00
NUQ,2017-02-17 10:56,56.00,0.06,21.00
NUQ,2017-02-17 11:56,56.00,0.03,10.00
NUQ,2017-02-17 12:56,57.00,0.01,10.00
NUQ,2017-02-17 13:09,57.00,T,9.00
NUQ,2017-02-17 13:40,57.00,T,11.00
NUQ,2017-02-17 13:56,57.00,T,9.00
NUQ,2017-02-17 14:56,57.00,0.04,9.00
NUQ,2017-02-17 15:25,56.00,0.08,7.00
NUQ,2017-02-17 15:56,56.00,0.15,7.00
NUQ,2017-02-17 16:03,56.00,0.04,6.00
NUQ,2017-02-17 16:10,56.00,0.08,5.00
NUQ,2017-02-17 16:17,56.00,0.12,5.00
NUQ,2017-02-17 16:41,56.00,0.21,8.00
NUQ,2017-02-17 16:49,56.00,0.24,6.00
NUQ,2017-02-17 16:56,56.00,0.26,7.00
NUQ,2017-02-17 17:56,54.00,0.11,3.00
NUQ,2017-02-17 18:56,54.00,0.08,3.00
NUQ,2017-02-17 19:07,54.00,0.01,4.00
NUQ,2017-02-17 19:18,55.00,0.03,0.00
NUQ,2017-02-17 19:25,54.00,0.04,5.00
NUQ,2017-02-17 19:37,54.00,0.05,7.00
NUQ,2017-02-17 19:56,53.00,0.06,7.00
NUQ,2017-02-17 20:56,53.00,0.01,6.00
NUQ,2017-02-17 21:56,53.00,0.01,7.00
NUQ,2017-02-17 22:56,54.00,T,10.00
NUQ,2017-02-17 23:56,53.00,0.00,7.00
NUQ,2017-02-18 00:56,54.00,0.00,5.00
NUQ,2017-02-18 01:56,54.00,T,11.00
NUQ,2017-02-18 02:56,54.00,T,3.00
NUQ,2017-02-18 03:07,53.00,T,5.00
NUQ,2017-02-18 03:25,51.00,0.08,5.00
NUQ,2017-02-18 03:56,51.00,0.11,3.00
NUQ,2017-02-18 04:17,51.00,0.01,5.00
NUQ,2017-02-18 04:56,51.00,0.03,3.00
NUQ,2017-02-18 05:56,52.00,T,4.00
NUQ,2017-02-18 06:56,53.00,0.00,6.00
NUQ,2017-02-18 07:30,53.00,0.00,5.00
NUQ,2017-02-18 07:56,52.00,T,5.00
NUQ,2017-02-18 08:17,52.00,T,5.00
NUQ,2017-02-18 08:52,51.80,T,8.00
NUQ,2017-02-18 08:56,51.00,0.01,8.00
NUQ,2017-02-18 09:04,52.00,T,6.00
NUQ,2017-02-18 09:15,53.00,T,9.00
NUQ,2017-02-18 09:23,53.00,T,10.00
NUQ,2017-02-18 09:56,53.00,T,7.00
NUQ,2017-02-18 10:17,55.00,0.00,11.00
NUQ,2017-02-18 10:56,55.00,0.00,12.00
NUQ,2017-02-18 11:36,55.00,0.00,13.00
NUQ,2017-02-18 11:43,55.00,0.00,13.00
NUQ,2017-02-18 11:53,55.40,0.00,12.00
NUQ,2017-02-18 11:56,55.00,0.00,12.00
NUQ,2017-02-18 12:33,56.00,0.00,8.00
NUQ,2017-02-18 12:56,55.00,0.00,14.00
NUQ,2017-02-18 13:56,56.00,0.00,12.00
NUQ,2017-02-18 14:56,54.00,0.00,8.00
NUQ,2017-02-18 15:08,54.00,0.00,9.00
NUQ,2017-02-18 15:56,53.00,0.00,9.00
NUQ,2017-02-18 16:56,53.00,0.00,11.00
NUQ,2017-02-18 17:56,52.00,0.00,10.00
NUQ,2017-02-18 18:56,51.00,0.00,10.00
NUQ,2017-02-18 19:56,51.00,0.00,6.00
NUQ,2017-02-18 20:56,51.00,0.00,0.00
NUQ,2017-02-18 21:56,50.00,0.00,0.00
NUQ,2017-02-18 22:56,50.00,0.00,3.00
NUQ,2017-02-18 23:56,49.00,0.00,3.00
NUQ,2017-02-19 00:56,48.00,T,3.00
NUQ,2017-02-19 01:56,50.00,T,0.00
NUQ,2017-02-19 02:03,49.00,0.00,3.00
NUQ,2017-02-19 02:12,49.00,0.00,3.00
NUQ,2017-02-19 02:56,48.00,0.00,3.00
NUQ,2017-02-19 03:56,49.00,T,5.00
NUQ,2017-02-19 04:56,48.00,0.01,6.00
NUQ,2017-02-19 05:56,49.00,0.00,6.00
NUQ,2017-02-19 06:56,49.00,T,10.00
NUQ,2017-02-19 07:56,49.00,0.00,9.00
NUQ,2017-02-19 08:56,51.00,0.00,8.00
NUQ,2017-02-19 09:56,52.00,T,8.00
NUQ,2017-02-19 10:56,53.00,0.00,11.00
NUQ,2017-02-19 11:56,53.00,T,13.00
NUQ,2017-02-19 12:56,55.00,T,13.00
NUQ,2017-02-19 13:56,56.00,0.00,11.00
NUQ,2017-02-19 14:56,55.00,0.00,14.00
NUQ,2017-02-19 15:56,55.00,0.00,17.00
NUQ,2017-02-19 16:56,54.00,0.00,13.00
NUQ,2017-02-19 17:56,53.00,0.00,17.00
NUQ,2017-02-19 18:56,54.00,0.00,12.00
NUQ,2017-02-19 19:56,55.00,0.00,10.00
NUQ,2017-02-19 20:56,55.00,0.00,10.00
NUQ,2017-02-19 21:56,55.00,0.00,13.00
NUQ,2017-02-19 22:56,54.00,0.00,19.00
NUQ,2017-02-19 23:56,54.00,0.00,15.00
NUQ,2017-02-20 00:56,53.00,0.13,9.00
NUQ,2017-02-20 01:56,53.00,0.01,14.00
NUQ,2017-02-20 02:56,53.00,0.05,11.00
NUQ,2017-02-20 03:56,54.00,0.07,9.00
NUQ,2017-02-20 04:56,55.00,0.09,9.00
NUQ,2017-02-20 05:56,55.00,0.07,7.00
NUQ,2017-02-20 06:56,55.00,0.01,7.00
NUQ,2017-02-20 07:56,55.00,0.03,7.00
NUQ,2017-02-20 08:48,56.00,0.01,0.00
NUQ,2017-02-20 08:56,56.00,0.02,0.00
NUQ,2017-02-20 09:56,56.00,0.12,5.00
NUQ,2017-02-20 10:56,57.00,0.10,4.00
NUQ,2017-02-20 11:56,57.00,0.07,8.00
NUQ,2017-02-20 12:56,57.00,0.04,8.00
NUQ,2017-02-20 13:10,56.00,0.02,6.00
NUQ,2017-02-20 13:26,57.00,0.06,9.00
NUQ,2017-02-20 13:40,57.00,0.08,7.00
NUQ,2017-02-20 13:56,56.00,0.08,10.00
NUQ,2017-02-20 14:20,56.00,0.05,6.00
NUQ,2017-02-20 14:29,56.00,0.07,6.00
NUQ,2017-02-20 14:32,55.00,0.09,8.00
NUQ,2017-02-20 14:39,56.00,0.14,8.00
NUQ,2017-02-20 14:45,55.00,0.15,10.00
NUQ,2017-02-20 14:56,55.00,0.16,8.00
NUQ,2017-02-20 15:06,54.00,0.05,4.00
NUQ,2017-02-20 15:13,54.00,0.14,3.00
NUQ,2017-02-20 15:30,54.00,0.29,4.00
NUQ,2017-02-20 15:40,54.00,0.33,6.00
NUQ,2017-02-20 15:49,54.00,0.39,5.00
NUQ,2017-02-20 15:56,54.00,0.42,4.00
NUQ,2017-02-20 16:11,55.00,0.05,7.00
NUQ,2017-02-20 16:34,58.00,0.12,11.00
NUQ,2017-02-20 16:41,59.00,0.15,10.00
NUQ,2017-02-20 16:56,59.00,0.19,10.00
NUQ,2017-02-20 17:16,61.00,0.04,13.00
NUQ,2017-02-20 17:56,60.00,0.08,8.00
NUQ,2017-02-20 18:07,59.00,0.01,7.00
NUQ,2017-02-20 18:56,59.00,0.04,3.00
NUQ,2017-02-20 19:03,58.00,0.01,7.00
NUQ,2017-02-20 19:56,57.00,0.04,6.00
NUQ,2017-02-20 20:56,60.00,T,12.00
NUQ,2017-02-20 21:56,61.00,T,13.00
NUQ,2017-02-20 22:56,61.00,T,9.00
NUQ,2017-02-20 23:56,60.00,0.01,8.00
NUQ,2017-02-21 00:56,57.00,0.03,7.00
NUQ,2017-02-21 01:56,54.00,0.01,0.00
NUQ,2017-02-21 02:56,56.00,0.01,0.00
NUQ,2017-02-21 03:56,54.00,T,0.00
NUQ,2017-02-21 04:56,56.00,T,5.00
NUQ,2017-02-21 05:56,54.00,0.06,0.00
NUQ,2017-02-21 06:56,52.00,0.02,3.00
NUQ,2017-02-21 07:52,55.40,0.00,0.00
NUQ,2017-02-21 07:56,55.00,0.00,0.00
NUQ,2017-02-21 08:42,54.00,0.06,6.00
NUQ,2017-02-21 08:56,53.00,0.09,0.00
NUQ,2017-02-21 09:56,59.00,T,0.00
NUQ,2017-02-21 10:56,56.00,0.01,5.00
NUQ,2017-02-21 11:56,57.00,T,5.00
NUQ,2017-02-21 12:56,59.00,0.00,6.00
NUQ,2017-02-21 13:56,60.00,0.00,8.00
NUQ,2017-02-21 14:56,60.00,0.00,6.00
NUQ,2017-02-21 15:56,58.00,0.00,6.00
NUQ,2017-02-21 16:56,57.00,0.00,4.00
NUQ,2017-02-21 17:56,54.00,0.00,6.00
NUQ,2017-02-21 18:17,54.00,0.00,6.00
NUQ,2017-02-21 18:42,51.00,0.04,5.00
NUQ,2017-02-21 18:56,51.00,0.06,3.00
NUQ,2017-02-21 19:56,51.00,0.01,4.00
NUQ,2017-02-21 20:17,51.00,0.08,4.00
NUQ,2017-02-21 20:25,50.00,0.10,3.00
NUQ,2017-02-21 20:56,50.00,0.11,0.00
NUQ,2017-02-21 21:56,48.00,T,0.00
NUQ,2017-02-21 22:56,48.00,0.00,0.00
NUQ,2017-02-21 23:12,48.20,0.00,0.00
NUQ,2017-02-21 23:35,49.00,0.00,0.00
NUQ,2017-02-21 23:56,48.00,0.00,0.00
NUQ,2017-02-22 00:56,46.00,0.00,3.00
NUQ,2017-02-22 01:56,45.00,0.00,0.00
NUQ,2017-02-22 02:56,44.00,0.00,0.00
NUQ,2017-02-22 03:56,44.00,0.00,0.00
NUQ,2017-02-22 04:56,45.00,0.00,0.00
NUQ,2017-02-22 05:56,42.00,0.00,0.00
NUQ,2017-02-22 06:56,45.00,0.00,0.00
NUQ,2017-02-22 07:56,47.00,0.00,4.00
NUQ,2017-02-22 08:56,50.00,0.00,4.00
NUQ,2017-02-22 09:56,53.00,0.00,8.00
NUQ,2017-02-22 10:56,51.00,0.00,10.00
NUQ,2017-02-22 11:56,53.00,0.00,12.00
NUQ,2017-02-22 12:56,54.00,0.00,12.00
NUQ,2017-02-22 13:56,53.00,0.00,9.00
NUQ,2017-02-22 14:56,54.00,0.00,12.00
NUQ,2017-02-22 15:56,54.00,0.00,13.00
NUQ,2017-02-22 16:56,52.00,0.00,12.00
NUQ,2017-02-22 17:56,50.00,0.00,9.00
NUQ,2017-02-22 18:56,48.00,T,8.00
NUQ,2017-02-22 19:56,48.00,0.00,7.00
NUQ,2017-02-22 20:56,47.00,0.00,7.00
NUQ,2017-02-22 21:56,47.00,0.00,10.00
NUQ,2017-02-22 22:56,46.00,0.00,7.00
NUQ,2017-02-22 23:56,46.00,0.00,9.00
NUQ,2017-02-23 00:56,44.00,0.00,3.00
NUQ,2017-02-23 01:56,44.00,0.00,8.00
NUQ,2017-02-23 02:56,44.00,0.00,8.00
NUQ,2017-02-23 03:56,43.00,0.00,3.00
NUQ,2017-02-23 04:56,42.00,0.00,5.00
NUQ,2017-02-23 05:56,42.00,0.00,4.00
NUQ,2017-02-23 06:56,41.00,0.00,3.00
NUQ,2017-02-23 07:56,44.00,0.00,5.00
NUQ,2017-02-23 08:56,48.00,0.00,9.00
NUQ,2017-02-23 09:56,50.00,0.00,8.00
NUQ,2017-02-23 10:56,49.00,0.00,7.00
NUQ,2017-02-23 11:56,51.00,0.00,9.00
NUQ,2017-02-23 12:56,52.00,0.00,12.00
NUQ,2017-02-23 13:56,52.00,0.00,11.00
NUQ,2017-02-23 14:56,52.00,0.00,12.00
NUQ,2017-02-23 15:56,52.00,0.00,7.00
NUQ,2017-02-23 16:56,51.00,0.00,7.00
NUQ,2017-02-23 17:56,50.00,0.00,7.00
NUQ,2017-02-23 18:56,48.00,0.00,5.00
NUQ,2017-02-23 19:56,47.00,0.00,3.00
NUQ,2017-02-23 20:56,46.00,0.00,0.00
NUQ,2017-02-23 21:56,45.00,0.00,3.00
NUQ,2017-02-23 22:56,44.00,0.00,0.00
NUQ,2017-02-23 23:56,41.00,0.00,3.00
NUQ,2017-02-24 00:56,37.00,0.00,4.00
NUQ,2017-02-24 01:56,39.00,0.00,5.00
NUQ,2017-02-24 02:56,38.00,0.00,4.00
NUQ,2017-02-24 03:56,39.00,0.00,0.00
NUQ,2017-02-24 04:56,38.00,0.00,0.00
NUQ,2017-02-24 05:56,36.00,0.00,4.00
NUQ,2017-02-24 06:56,35.00,0.00,5.00
NUQ,2017-02-24 07:56,41.00,0.00,4.00
NUQ,2017-02-24 08:56,46.00,0.00,3.00
NUQ,2017-02-24 09:56,50.00,0.00,0.00
NUQ,2017-02-24 10:56,51.00,0.00,0.00
NUQ,2017-02-24 11:56,51.00,0.00,4.00
NUQ,2017-02-24 12:56,52.00,0.00,8.00
NUQ,2017-02-24 13:56,54.00,0.00,10.00
NUQ,2017-02-24 14:56,54.00,0.00,9.00
NUQ,2017-02-24 15:56,53.00,0.00,11.00
NUQ,2017-02-24 16:56,53.00,0.00,6.00
NUQ,2017-02-24 17:56,50.00,0.00,6.00
NUQ,2017-02-24 18:56,49.00,0.00,6.00
NUQ,2017-02-24 19:56,47.00,0.00,5.00
NUQ,2017-02-24 20:56,45.00,0.00,0.00
NUQ,2017-02-24 21:56,45.00,0.00,0.00
NUQ,2017-02-24 22:56,43.00,0.00,3.00
NUQ,2017-02-24 23:56,43.00,0.00,3.00
NUQ,2017-02-25 00:56,40.00,0.00,0.00
NUQ,2017-02-25 01:56,38.00,0.00,5.00
NUQ,2017-02-25 02:56,40.00,0.00,4.00
NUQ,2017-02-25 03:56,39.00,0.00,0.00
NUQ,2017-02-25 04:56,40.00,0.00,4.00
NUQ,2017-02-25 05:56,38.00,0.00,3.00
NUQ,2017-02-25 06:56,38.00,0.00,5.00
NUQ,2017-02-25 07:56,41.00,0.00,5.00
NUQ,2017-02-25 08:56,46.00,0.00,3.00
NUQ,2017-02-25 09:56,50.00,0.00,0.00
NUQ,2017-02-25 10:56,53.00,0.00,3.00
NUQ,2017-02-25 11:56,54.00,0.00,4.00
NUQ,2017-02-25 12:56,56.00,0.00,7.00
NUQ,2017-02-25 13:56,56.00,0.00,5.00
NUQ,2017-02-25 14:56,57.00,0.00,5.00
NUQ,2017-02-25 15:56,54.00,0.00,11.00
NUQ,2017-02-25 16:56,52.00,0.00,7.00
NUQ,2017-02-25 17:56,51.00,0.00,5.00
NUQ,2017-02-25 18:56,50.00,0.00,3.00
NUQ,2017-02-25 19:56,50.00,0.00,0.00
NUQ,2017-02-25 20:56,49.00,0.00,4.00
NUQ,2017-02-25 21:56,49.00,0.00,6.00
NUQ,2017-02-25 22:56,48.00,0.00,8.00
NUQ,2017-02-25 23:56,48.00,0.00,4.00
NUQ,2017-02-26 00:56,47.00,0.00,3.00
NUQ,2017-02-26 01:56,45.00,0.00,0.00
NUQ,2017-02-26 02:56,45.00,0.00,3.00
NUQ,2017-02-26 03:56,43.00,0.00,4.00
NUQ,2017-02-26 04:56,40.00,0.00,0.00
NUQ,2017-02-26 05:56,40.00,0.00,0.00
NUQ,2017-02-26 06:56,40.00,0.00,0.00
NUQ,2017-02-26 07:56,44.00,0.00,0.00
NUQ,2017-02-26 08:56,48.00,0.00,3.00
NUQ,2017-02-26 09:56,51.00,0.00,3.00
NUQ,2017-02-26 10:56,54.00,0.00,5.00
NUQ,2017-02-26 11:56,55.00,0.00,5.00
NUQ,2017-02-26 12:56,57.00,0.00,7.00
NUQ,2017-02-26 13:56,56.00,0.00,9.00
NUQ,2017-02-26 14:56,54.00,0.00,10.00
NUQ,2017-02-26 15:56,56.00,0.00,13.00
NUQ,2017-02-26 16:56,55.00,0.00,9.00
NUQ,2017-02-26 17:56,52.00,0.00,8.00
NUQ,2017-02-26 18:56,50.00,0.00,5.00
NUQ,2017-02-26 19:56,49.00,0.00,0.00
NUQ,2017-02-26 20:56,50.00,0.00,0.00
NUQ,2017-02-26 21:18,50.00,0.00,5.00
NUQ,2017-02-26 21:28,50.00,0.00,3.00
NUQ,2017-02-26 21:56,50.00,0.00,3.00
NUQ,2017-02-26 22:56,49.00,T,4.00
NUQ,2017-02-26 23:56,47.00,T,3.00
NUQ,2017-02-27 00:56,47.00,0.00,0.00
NUQ,2017-02-27 01:56,48.00,T,3.00
NUQ,2017-02-27 02:56,47.00,T,7.00
NUQ,2017-02-27 03:56,46.00,0.03,0.00
NUQ,2017-02-27 04:56,44.00,0.00,4.00
NUQ,2017-02-27 05:56,42.00,0.00,0.00
NUQ,2017-02-27 06:56,44.00,0.00,0.00
NUQ,2017-02-27 07:28,45.00,0.00,0.00
NUQ,2017-02-27 07:45,45.00,0.00,0.00
NUQ,2017-02-27 07:56,46.00,0.00,0.00
NUQ,2017-02-27 08:56,48.00,0.00,0.00
NUQ,2017-02-27 09:56,51.00,0.00,4.00
NUQ,2017-02-27 10:56,52.00,0.00,7.00
NUQ,2017-02-27 11:56,52.00,0.00,7.00
NUQ,2017-02-27 12:56,53.00,0.00,8.00
NUQ,2017-02-27 13:56,54.00,0.00,11.00
NUQ,2017-02-27 14:56,54.00,0.00,9.00
NUQ,2017-02-27 15:56,54.00,0.00,10.00
NUQ,2017-02-27 16:56,53.00,0.00,9.00
NUQ,2017-02-27 17:56,51.00,0.00,5.00
NUQ,2017-02-27 18:56,50.00,0.00,7.00
NUQ,2017-02-27 19:56,48.00,0.00,5.00
NUQ,2017-02-27 20:56,47.00,0.00,3.00
NUQ,2017-02-27 21:56,46.00,0.00,0.00
NUQ,2017-02-27 22:56,46.00,0.00,0.00
NUQ,2017-02-27 23:56,45.00,0.00,4.00
NUQ,2017-02-28 00:56,43.00,0.00,0.00
NUQ,2017-02-28 01:56,43.00,0.00,3.00
NUQ,2017-02-28 02:56,42.00,0.00,3.00
NUQ,2017-02-28 03:56,42.00,0.00,0.00
NUQ,2017-02-28 04:56,43.00,0.00,0.00
NUQ,2017-02-28 05:56,41.00,0.00,0.00
NUQ,2017-02-28 06:56,42.00,0.00,0.00
NUQ,2017-02-28 07:56,45.00,0.00,3.00
NUQ,2017-02-28 08:56,48.00,0.00,7.00
NUQ,2017-02-28 09:56,50.00,0.00,5.00
NUQ,2017-02-28 10:56,52.00,0.00,8.00
NUQ,2017-02-28 11:56,53.00,0.00,7.00
NUQ,2017-02-28 12:56,55.00,0.00,6.00
NUQ,2017-02-28 13:56,57.00,0.00,9.00
NUQ,2017-02-28 14:56,58.00,0.00,12.00
NUQ,2017-02-28 15:56,57.00,0.00,10.00
NUQ,2017-02-28 16:56,55.00,0.00,9.00
NUQ,2017-02-28 17:56,53.00,0.00,5.00
NUQ,2017-02-28 18:56,50.00,0.00,5.00
NUQ,2017-02-28 19:56,50.00,0.00,3.00
NUQ,2017-02-28 20:56,49.00,0.00,0.00
NUQ,2017-02-28 21:56,48.00,0.00,0.00
NUQ,2017-02-28 22:56,46.00,0.00,0.00
NUQ,2017-02-28 23:56,44.00,0.00,0.00
NUQ,2017-03-01 00:56,44.00,0.00,0.00
NUQ,2017-03-01 01:56,41.00,0.00,0.00
NUQ,2017-03-01 02:56,42.00,0.00,0.00
NUQ,2017-03-01 03:56,41.00,0.00,3.00
NUQ,2017-03-01 04:56,39.00,0.00,0.00
NUQ,2017-03-01 05:56,40.00,0.00,0.00
NUQ,2017-03-01 06:56,40.00,0.00,0.00
NUQ,2017-03-01 07:56,43.00,0.00,0.00
NUQ,2017-03-01 08:56,48.00,0.00,4.00
NUQ,2017-03-01 09:56,51.00,0.00,0.00
NUQ,2017-03-01 10:56,53.00,0.00,0.00
NUQ,2017-03-01 11:56,58.00,0.00,0.00
NUQ,2017-03-01 12:56,60.00,0.00,6.00
NUQ,2017-03-01 13:56,62.00,0.00,6.00
NUQ,2017-03-01 14:56,62.00,0.00,9.00
NUQ,2017-03-01 15:56,61.00,0.00,7.00
NUQ,2017-03-01 16:56,59.00,0.00,10.00
NUQ,2017-03-01 17:56,56.00,0.00,7.00
NUQ,2017-03-01 18:56,53.00,0.00,4.00
NUQ,2017-03-01 19:56,53.00,0.00,4.00
NUQ,2017-03-01 20:56,51.00,0.00,0.00
NUQ,2017-03-01 21:56,50.00,0.00,0.00
NUQ,2017-03-01 22:56,47.00,0.00,0.00
NUQ,2017-03-01 23:56,47.00,0.00,0.00
NUQ,2017-03-02 00:56,44.00,0.00,0.00
NUQ,2017-03-02 01:56,43.00,0.00,0.00
NUQ,2017-03-02 02:56,42.00,0.00,0.00
NUQ,2017-03-02 03:56,42.00,0.00,0.00
NUQ,2017-03-02 04:56,42.00,0.00,0.00
NUQ,2017-03-02 05:56,40.00,0.00,0.00
NUQ,2017-03-02 06:56,41.00,0.00,0.00
NUQ,2017-03-02 07:56,44.00,0.00,0.00
NUQ,2017-03-02 08:56,50.00,0.00,0.00
NUQ,2017-03-02 09:56,53.00,0.00,3.00
NUQ,2017-03-02 10:56,56.00,0.00,4.00
NUQ,2017-03-02 11:56,59.00,0.00,4.00
NUQ,2017-03-02 12:56,61.00,0.00,5.00
NUQ,2017-03-02 13:56,64.00,0.00,6.00
NUQ,2017-03-02 14:56,64.00,0.00,7.00
NUQ,2017-03-02 15:56,64.00,0.00,7.00
NUQ,2017-03-02 16:56,64.00,0.00,5.00
NUQ,2017-03-02 17:56,58.00,0.00,6.00
NUQ,2017-03-02 18:56,57.00,0.00,5.00
NUQ,2017-03-02 19:56,53.00,0.00,0.00
NUQ,2017-03-02 20:56,54.00,0.00,3.00
NUQ,2017-03-02 21:56,52.00,0.00,0.00
NUQ,2017-03-02 22:56,51.00,0.00,0.00
NUQ,2017-03-02 23:56,49.00,0.00,0.00
NUQ,2017-03-03 00:56,46.00,0.00,0.00
NUQ,2017-03-03 01:56,45.00,0.00,0.00
NUQ,2017-03-03 02:56,45.00,0.00,3.00
NUQ,2017-03-03 03:56,45.00,0.00,3.00
NUQ,2017-03-03 04:56,45.00,0.00,0.00
NUQ,2017-03-03 05:56,43.00,0.00,0.00
NUQ,2017-03-03 06:56,43.00,0.00,0.00
NUQ,2017-03-03 07:56,47.00,0.00,0.00
NUQ,2017-03-03 08:56,51.00,0.00,3.00
NUQ,2017-03-03 09:56,55.00,0.00,0.00
NUQ,2017-03-03 10:56,57.00,0.00,4.00
NUQ,2017-03-03 11:56,59.00,0.00,6.00
NUQ,2017-03-03 12:56,61.00,0.00,5.00
NUQ,2017-03-03 13:56,64.00,0.00,5.00
NUQ,2017-03-03 14:56,62.00,0.00,10.00
NUQ,2017-03-03 15:56,61.00,0.00,10.00
NUQ,2017-03-03 16:56,57.00,0.00,11.00
NUQ,2017-03-03 17:56,55.00,0.00,11.00
NUQ,2017-03-03 18:56,52.00,0.00,11.00
NUQ,2017-03-03 19:56,51.00,0.00,4.00
NUQ,2017-03-03 20:56,50.00,0.00,5.00
NUQ,2017-03-03 21:56,51.00,0.00,4.00
NUQ,2017-03-03 22:56,50.00,0.00,3.00
NUQ,2017-03-03 23:56,49.00,0.00,0.00
NUQ,2017-03-04 00:56,47.00,0.00,3.00
NUQ,2017-03-04 01:56,47.00,0.00,4.00
NUQ,2017-03-04 02:56,48.00,0.00,0.00
NUQ,2017-03-04 03:56,48.00,0.00,4.00
NUQ,2017-03-04 04:56,50.00,0.00,3.00
NUQ,2017-03-04 05:36,49.00,0.00,0.00
NUQ,2017-03-04 05:56,49.00,0.00,3.00
NUQ,2017-03-04 06:05,47.00,0.00,4.00
NUQ,2017-03-04 06:42,48.00,0.00,4.00
NUQ,2017-03-04 06:56,48.00,0.00,3.00
NUQ,2017-03-04 07:24,49.00,0.00,4.00
NUQ,2017-03-04 07:56,51.00,0.00,5.00
NUQ,2017-03-04 08:56,54.00,0.00,6.00
NUQ,2017-03-04 09:51,53.60,T,4.00
NUQ,2017-03-04 09:56,53.00,T,0.00
NUQ,2017-03-04 10:07,53.00,T,0.00
NUQ,2017-03-04 10:56,58.00,T,5.00
NUQ,2017-03-04 11:56,59.00,T,0.00
NUQ,2017-03-04 12:56,61.00,0.00,3.00
NUQ,2017-03-04 13:56,62.00,0.00,8.00
NUQ,2017-03-04 14:56,62.00,0.00,8.00
NUQ,2017-03-04 15:56,60.00,0.00,7.00
NUQ,2017-03-04 16:56,59.00,0.00,9.00
NUQ,2017-03-04 17:56,57.00,0.00,5.00
NUQ,2017-03-04 18:56,55.00,0.00,5.00
NUQ,2017-03-04 19:56,55.00,T,10.00
NUQ,2017-03-04 20:56,54.00,T,12.00
NUQ,2017-03-04 21:56,52.00,0.02,10.00
NUQ,2017-03-04 22:12,53.00,0.04,5.00
NUQ,2017-03-04 22:37,51.00,0.09,7.00
NUQ,2017-03-04 22:56,51.00,0.10,5.00
NUQ,2017-03-04 23:56,50.00,0.01,5.00
NUQ,2017-03-05 00:18,51.00,0.00,0.00
NUQ,2017-03-05 00:27,51.00,0.00,0.00
NUQ,2017-03-05 00:42,51.00,0.00,4.00
NUQ,2017-03-05 00:56,52.00,0.00,0.00
NUQ,2017-03-05 01:15,51.00,0.00,3.00
NUQ,2017-03-05 01:22,51.00,0.00,4.00
NUQ,2017-03-05 01:33,51.00,0.00,4.00
NUQ,2017-03-05 01:56,50.00,0.00,4.00
NUQ,2017-03-05 02:56,48.00,0.01,0.00
NUQ,2017-03-05 03:56,49.00,0.01,4.00
NUQ,2017-03-05 04:34,48.00,0.02,4.00
NUQ,2017-03-05 04:49,48.00,0.02,3.00
NUQ,2017-03-05 04:56,48.00,0.02,0.00
NUQ,2017-03-05 05:56,45.00,0.07,5.00
NUQ,2017-03-05 06:56,45.00,0.01,5.00
NUQ,2017-03-05 07:56,46.00,0.01,7.00
NUQ,2017-03-05 08:56,47.00,T,12.00
NUQ,2017-03-05 09:56,48.00,0.01,9.00
NUQ,2017-03-05 10:56,48.00,0.01,9.00
NUQ,2017-03-05 11:56,45.00,0.02,13.00
NUQ,2017-03-05 12:11,47.00,0.01,6.00
NUQ,2017-03-05 12:33,49.00,0.01,12.00
NUQ,2017-03-05 12:56,49.00,0.02,13.00
NUQ,2017-03-05 13:56,50.00,T,11.00
NUQ,2017-03-05 14:56,45.00,0.01,3.00
NUQ,2017-03-05 15:56,47.00,T,10.00
NUQ,2017-03-05 16:56,50.00,0.01,12.00
NUQ,2017-03-05 17:56,45.00,0.01,3.00
NUQ,2017-03-05 18:56,46.00,0.00,0.00
NUQ,2017-03-05 19:56,45.00,0.00,0.00
NUQ,2017-03-05 20:56,44.00,0.00,3.00
NUQ,2017-03-05 21:56,44.00,0.00,3.00
NUQ,2017-03-05 22:56,41.00,T,3.00
NUQ,2017-03-05 23:56,42.00,0.00,5.00
NUQ,2017-03-06 00:56,41.00,0.00,3.00
NUQ,2017-03-06 01:56,42.00,T,7.00
NUQ,2017-03-06 02:56,42.00,T,6.00
NUQ,2017-03-06 03:56,43.00,0.01,4.00
NUQ,2017-03-06 04:56,42.00,T,5.00
NUQ,2017-03-06 05:56,42.00,0.01,6.00
NUQ,2017-03-06 06:56,43.00,T,6.00
NUQ,2017-03-06 07:56,45.00,0.01,6.00
NUQ,2017-03-06 08:56,49.00,0.00,8.00
NUQ,2017-03-06 09:36,48.00,T,5.00
NUQ,2017-03-06 09:56,50.00,T,5.00
NUQ,2017-03-06 10:09,51.00,0.00,7.00
NUQ,2017-03-06 10:56,51.00,T,3.00
NUQ,2017-03-06 11:15,51.00,0.01,0.00
NUQ,2017-03-06 11:29,50.00,0.01,5.00
NUQ,2017-03-06 11:56,53.00,0.01,3.00
NUQ,2017-03-06 12:56,54.00,T,6.00
NUQ,2017-03-06 13:56,55.00,T,6.00
NUQ,2017-03-06 14:56,57.00,0.00,4.00
NUQ,2017-03-06 15:56,54.00,0.00,6.00
NUQ,2017-03-06 16:56,54.00,0.00,5.00
NUQ,2017-03-06 17:56,51.00,0.00,6.00
NUQ,2017-03-06 18:56,51.00,0.00,5.00
NUQ,2017-03-06 19:56,49.00,0.00,4.00
NUQ,2017-03-06 20:56,49.00,0.00,4.00
NUQ,2017-03-06 21:56,46.00,0.00,0.00
NUQ,2017-03-06 22:56,45.00,0.00,3.00
NUQ,2017-03-06 23:56,46.00,0.00,4.00
NUQ,2017-03-07 00:56,43.00,0.00,0.00
NUQ,2017-03-07 01:56,43.00,0.00,0.00
NUQ,2017-03-07 02:56,42.00,0.00,0.00
NUQ,2017-03-07 03:56,41.00,0.00,0.00
NUQ,2017-03-07 04:56,41.00,0.00,0.00
NUQ,2017-03-07 05:56,40.00,0.00,0.00
NUQ,2017-03-07 06:56,39.00,0.00,5.00
NUQ,2017-03-07 07:56,46.00,0.00,4.00
NUQ,2017-03-07 08:56,51.00,0.00,0.00
NUQ,2017-03-07 09:56,54.00,0.00,0.00
NUQ,2017-03-07 10:56,55.00,0.00,6.00
NUQ,2017-03-07 11:56,56.00,0.00,3.00
NUQ,2017-03-07 12:56,58.00,0.00,4.00
NUQ,2017-03-07 13:56,60.00,0.00,5.00
NUQ,2017-03-07 14:56,58.00,0.00,11.00
NUQ,2017-03-07 15:56,58.00,0.00,7.00
NUQ,2017-03-07 16:56,59.00,0.00,7.00
NUQ,2017-03-07 17:56,56.00,0.00,9.00
NUQ,2017-03-07 18:56,55.00,0.00,7.00
NUQ,2017-03-07 19:56,54.00,0.00,5.00
NUQ,2017-03-07 20:56,53.00,0.00,4.00
NUQ,2017-03-07 21:56,52.00,0.00,4.00
NUQ,2017-03-07 22:56,51.00,0.00,4.00
NUQ,2017-03-07 23:56,50.00,0.00,3.00
NUQ,2017-03-08 00:56,49.00,0.00,3.00
NUQ,2017-03-08 01:56,48.00,0.00,0.00
NUQ,2017-03-08 02:56,48.00,0.00,4.00
NUQ,2017-03-08 03:56,46.00,0.00,0.00
NUQ,2017-03-08 04:56,46.00,0.00,0.00
NUQ,2017-03-08 05:56,47.00,0.00,3.00
NUQ,2017-03-08 06:56,46.00,0.00,0.00
NUQ,2017-03-08 07:56,51.00,0.00,0.00
NUQ,2017-03-08 08:56,54.00,0.00,0.00
NUQ,2017-03-08 09:56,57.00,0.00,4.00
NUQ,2017-03-08 10:56,59.00,0.00,6.00
NUQ,2017-03-08 11:56,62.00,0.00,8.00
NUQ,2017-03-08 12:56,63.00,0.00,11.00
NUQ,2017-03-08 13:56,64.00,0.00,10.00
NUQ,2017-03-08 14:56,66.00,0.00,8.00
NUQ,2017-03-08 15:56,65.00,0.00,11.00
NUQ,2017-03-08 16:56,64.00,0.00,10.00
NUQ,2017-03-08 17:56,61.00,0.00,7.00
NUQ,2017-03-08 18:56,57.00,0.00,6.00
NUQ,2017-03-08 19:56,55.00,0.00,4.00
NUQ,2017-03-08 20:56,56.00,0.00,3.00
NUQ,2017-03-08 21:56,54.00,0.00,0.00
NUQ,2017-03-08 22:56,54.00,0.00,0.00
NUQ,2017-03-08 23:56,53.00,0.00,3.00
NUQ,2017-03-09 00:56,53.00,0.00,3.00
NUQ,2017-03-09 01:56,53.00,0.00,3.00
NUQ,2017-03-09 02:56,50.00,0.00,0.00
NUQ,2017-03-09 03:56,50.00,0.00,0.00
NUQ,2017-03-09 04:56,48.00,0.00,0.00
NUQ,2017-03-09 05:56,48.00,0.00,3.00
NUQ,2017-03-09 06:56,49.00,0.00,0.00
NUQ,2017-03-09 07:56,54.00,0.00,0.00
NUQ,2017-03-09 08:56,59.00,0.00,0.00
NUQ,2017-03-09 09:56,61.00,0.00,4.00
NUQ,2017-03-09 10:56,63.00,0.00,5.00
NUQ,2017-03-09 11:56,65.00,0.00,5.00
NUQ,2017-03-09 12:56,68.00,0.00,11.00
NUQ,2017-03-09 13:56,68.00,0.00,9.00
NUQ,2017-03-09 14:56,66.00,0.00,12.00
NUQ,2017-03-09 15:56,67.00,0.00,8.00
NUQ,2017-03-09 16:56,64.00,0.00,8.00
NUQ,2017-03-09 17:56,62.00,0.00,7.00
NUQ,2017-03-09 18:56,60.00,0.00,6.00
NUQ,2017-03-09 19:56,58.00,0.00,3.00
NUQ,2017-03-09 20:56,57.00,0.00,3.00
NUQ,2017-03-09 21:56,57.00,0.00,4.00
NUQ,2017-03-09 22:56,57.00,0.00,0.00
NUQ,2017-03-09 23:56,55.00,0.00,0.00
NUQ,2017-03-10 00:56,55.00,0.00,4.00
NUQ,2017-03-10 01:56,54.00,0.00,3.00
NUQ,2017-03-10 02:56,53.00,0.00,0.00
NUQ,2017-03-10 03:56,53.00,0.00,0.00
NUQ,2017-03-10 04:56,54.00,0.00,0.00
NUQ,2017-03-10 05:56,54.00,0.00,0.00
NUQ,2017-03-10 06:56,53.00,0.00,0.00
NUQ,2017-03-10 07:56,55.00,0.00,0.00
NUQ,2017-03-10 08:22,56.00,0.00,4.00
NUQ,2017-03-10 08:56,56.00,0.00,6.00
NUQ,2017-03-10 09:56,58.00,0.00,4.00
NUQ,2017-03-10 10:56,61.00,0.00,0.00
NUQ,2017-03-10 11:56,63.00,0.00,5.00
NUQ,2017-03-10 12:56,66.00,0.00,7.00
NUQ,2017-03-10 13:56,64.00,0.00,9.00
NUQ,2017-03-10 14:56,69.00,0.00,6.00
NUQ,2017-03-10 15:56,70.00,0.00,8.00
NUQ,2017-03-10 16:56,67.00,0.00,6.00
NUQ,2017-03-10 17:56,64.00,0.00,7.00
NUQ,2017-03-10 18:56,61.00,0.00,5.00
NUQ,2017-03-10 19:56,60.00,0.00,5.00
NUQ,2017-03-10 20:56,58.00,0.00,4.00
NUQ,2017-03-10 21:56,60.00,0.00,0.00
NUQ,2017-03-10 22:56,59.00,0.00,0.00
NUQ,2017-03-10 23:56,57.00,0.00,0.00
NUQ,2017-03-11 00:56,56.00,0.00,0.00
NUQ,2017-03-11 01:56,55.00,0.00,0.00
NUQ,2017-03-11 02:56,53.00,0.00,0.00
NUQ,2017-03-11 03:56,53.00,0.00,0.00
NUQ,2017-03-11 04:56,52.00,0.00,0.00
NUQ,2017-03-11 05:56,52.00,0.00,0.00
NUQ,2017-03-11 06:56,52.00,0.00,0.00
NUQ,2017-03-11 07:56,57.00,0.00,0.00
NUQ,2017-03-11 08:56,60.00,0.00,3.00
NUQ,2017-03-11 09:56,61.00,0.00,5.00
NUQ,2017-03-11 10:56,64.00,0.00,3.00
NUQ,2017-03-11 11:56,67.00,0.00,7.00
NUQ,2017-03-11 12:56,69.00,0.00,7.00
NUQ,2017-03-11 13:56,67.00,0.00,7.00
NUQ,2017-03-11 14:56,68.00,0.00,11.00
NUQ,2017-03-11 15:56,66.00,0.00,11.00
NUQ,2017-03-11 16:56,64.00,0.00,10.00
NUQ,2017-03-11 17:56,62.00,0.00,9.00
NUQ,2017-03-11 18:56,58.00,0.00,7.00
NUQ,2017-03-11 19:56,56.00,0.00,7.00
NUQ,2017-03-11 20:56,54.00,0.00,8.00
NUQ,2017-03-11 21:56,54.00,0.00,5.00
NUQ,2017-03-11 22:46,54.00,0.00,9.00
NUQ,2017-03-11 22:56,54.00,0.00,7.00
NUQ,2017-03-11 23:09,53.00,0.00,5.00
NUQ,2017-03-11 23:44,53.00,0.00,5.00
NUQ,2017-03-11 23:56,53.00,0.00,3.00
NUQ,2017-03-12 00:56,53.00,0.00,0.00
NUQ,2017-03-12 01:56,53.00,0.00,0.00
NUQ,2017-03-12 03:56,52.00,0.00,0.00
NUQ,2017-03-12 04:56,51.00,0.00,0.00
NUQ,2017-03-12 05:56,49.00,0.00,3.00
NUQ,2017-03-12 06:56,48.00,0.00,3.00
NUQ,2017-03-12 07:11,49.00,0.00,3.00
NUQ,2017-03-12 07:13,48.00,0.00,3.00
NUQ,2017-03-12 07:21,47.00,0.00,3.00
NUQ,2017-03-12 07:56,47.00,0.00,3.00
NUQ,2017-03-12 08:17,49.00,0.00,0.00
NUQ,2017-03-12 08:19,49.00,0.00,0.00
NUQ,2017-03-12 08:29,50.00,0.00,0.00
NUQ,2017-03-12 08:41,50.00,0.00,3.00
NUQ,2017-03-12 08:43,50.00,0.00,3.00
NUQ,2017-03-12 08:56,50.00,0.00,4.00
NUQ,2017-03-12 08:59,50.00,0.00,3.00
NUQ,2017-03-12 09:08,51.00,0.00,4.00
NUQ,2017-03-12 09:56,53.00,0.00,0.00
NUQ,2017-03-12 10:05,53.00,0.00,0.00
NUQ,2017-03-12 10:17,55.00,0.00,3.00
NUQ,2017-03-12 10:56,58.00,0.00,5.00
NUQ,2017-03-12 11:56,64.00,0.00,8.00
NUQ,2017-03-12 12:56,69.00,0.00,6.00
NUQ,2017-03-12 13:56,72.00,0.00,4.00
NUQ,2017-03-12 14:56,73.00,0.00,8.00
NUQ,2017-03-12 15:56,73.00,0.00,9.00
NUQ,2017-03-12 16:56,72.00,0.00,9.00
NUQ,2017-03-12 17:56,68.00,0.00,7.00
NUQ,2017-03-12 18:56,63.00,0.00,9.00
NUQ,2017-03-12 19:56,59.00,0.00,9.00
NUQ,2017-03-12 20:56,57.00,0.00,4.00
NUQ,2017-03-12 21:56,56.00,0.00,0.00
NUQ,2017-03-12 22:56,56.00,0.00,3.00
NUQ,2017-03-12 23:56,56.00,0.00,0.00
NUQ,2017-03-13 00:56,54.00,0.00,0.00
NUQ,2017-03-13 01:56,53.00,0.00,0.00
NUQ,2017-03-13 02:56,52.00,0.00,0.00
NUQ,2017-03-13 03:56,49.00,0.00,0.00
NUQ,2017-03-13 04:56,50.00,0.00,0.00
NUQ,2017-03-13 05:56,48.00,0.00,0.00
NUQ,2017-03-13 06:56,48.00,0.00,0.00
NUQ,2017-03-13 07:56,50.00,0.00,0.00
NUQ,2017-03-13 08:56,54.00,0.00,0.00
NUQ,2017-03-13 09:56,60.00,0.00,0.00
NUQ,2017-03-13 10:56,63.00,0.00,4.00
NUQ,2017-03-13 11:56,65.00,0.00,7.00
NUQ,2017-03-13 12:56,70.00,0.00,0.00
NUQ,2017-03-13 13:56,73.00,0.00,4.00
NUQ,2017-03-13 14:56,73.00,0.00,6.00
NUQ,2017-03-13 15:56,75.00,0.00,6.00
NUQ,2017-03-13 16:56,76.00,0.00,6.00
NUQ,2017-03-13 17:56,74.00,0.00,5.00
NUQ,2017-03-13 18:56,70.00,0.00,4.00
NUQ,2017-03-13 19:56,67.00,0.00,0.00
NUQ,2017-03-13 20:56,65.00,0.00,0.00
NUQ,2017-03-13 21:56,63.00,0.00,0.00
NUQ,2017-03-13 22:56,63.00,0.00,0.00
NUQ,2017-03-13 23:56,60.00,0.00,0.00
NUQ,2017-03-14 00:56,60.00,0.00,0.00
NUQ,2017-03-14 01:56,58.00,0.00,0.00
NUQ,2017-03-14 02:56,56.00,0.00,0.00
NUQ,2017-03-14 03:56,55.00,0.00,0.00
NUQ,2017-03-14 04:56,55.00,0.00,0.00
NUQ,2017-03-14 05:56,55.00,0.00,0.00
NUQ,2017-03-14 06:56,54.00,0.00,0.00
NUQ,2017-03-14 07:56,53.00,0.00,0.00
NUQ,2017-03-14 08:56,59.00,0.00,0.00
NUQ,2017-03-14 09:56,62.00,0.00,3.00
NUQ,2017-03-14 10:56,66.00,0.00,M
NUQ,2017-03-14 11:56,69.00,0.00,6.00
NUQ,2017-03-14 12:56,72.00,0.00,4.00
NUQ,2017-03-14 13:56,75.00,0.00,5.00
NUQ,2017-03-14 14:56,77.00,0.00,8.00
NUQ,2017-03-14 15:56,77.00,0.00,10.00
NUQ,2017-03-14 16:56,75.00,0.00,9.00
NUQ,2017-03-14 17:56,73.00,0.00,9.00
NUQ,2017-03-14 18:56,71.00,0.00,4.00
NUQ,2017-03-14 19:56,65.00,0.00,6.00
NUQ,2017-03-14 20:56,62.00,0.00,6.00
NUQ,2017-03-14 21:56,62.00,0.00,3.00
NUQ,2017-03-14 22:56,62.00,0.00,0.00
NUQ,2017-03-14 23:56,61.00,0.00,3.00
NUQ,2017-03-15 00:56,59.00,0.00,0.00
NUQ,2017-03-15 01:56,57.00,0.00,3.00
NUQ,2017-03-15 02:56,57.00,0.00,0.00
NUQ,2017-03-15 03:56,55.00,0.00,5.00
NUQ,2017-03-15 04:56,55.00,0.00,5.00
NUQ,2017-03-15 05:56,53.00,0.00,0.00
NUQ,2017-03-15 06:09,56.00,0.00,3.00
NUQ,2017-03-15 06:17,55.00,0.00,0.00
NUQ,2017-03-15 06:56,55.00,0.00,0.00
NUQ,2017-03-15 07:56,55.00,0.00,7.00
NUQ,2017-03-15 08:32,56.00,0.00,0.00
NUQ,2017-03-15 08:56,56.00,0.00,3.00
NUQ,2017-03-15 09:03,56.00,0.00,4.00
NUQ,2017-03-15 09:56,58.00,0.00,0.00
NUQ,2017-03-15 10:03,58.00,0.00,0.00
NUQ,2017-03-15 10:52,59.00,0.00,7.00
NUQ,2017-03-15 10:56,59.00,0.00,7.00
NUQ,2017-03-15 11:56,62.00,0.00,7.00
NUQ,2017-03-15 12:56,64.00,0.00,7.00
NUQ,2017-03-15 13:56,64.00,0.00,12.00
NUQ,2017-03-15 14:56,62.00,0.00,14.00
NUQ,2017-03-15 15:56,62.00,0.00,8.00
NUQ,2017-03-15 16:56,60.00,0.00,9.00
NUQ,2017-03-15 17:56,59.00,0.00,11.00
NUQ,2017-03-15 18:56,59.00,0.00,13.00
NUQ,2017-03-15 19:56,58.00,0.00,10.00
NUQ,2017-03-15 20:56,56.00,0.00,7.00
NUQ,2017-03-15 21:56,56.00,0.00,4.00
NUQ,2017-03-15 22:56,55.00,0.00,3.00
NUQ,2017-03-15 23:56,55.00,0.00,0.00
NUQ,2017-03-16 00:56,54.00,0.00,4.00
NUQ,2017-03-16 01:31,54.00,0.00,3.00
NUQ,2017-03-16 01:56,55.00,0.00,4.00
NUQ,2017-03-16 02:56,56.00,0.00,4.00
NUQ,2017-03-16 03:56,56.00,0.00,4.00
NUQ,2017-03-16 04:56,56.00,0.00,0.00
NUQ,2017-03-16 05:56,56.00,0.00,0.00
NUQ,2017-03-16 06:56,54.00,0.00,0.00
NUQ,2017-03-16 07:56,58.00,0.00,0.00
NUQ,2017-03-16 08:56,59.00,0.00,4.00
NUQ,2017-03-16 09:23,59.00,0.00,0.00
NUQ,2017-03-16 09:56,61.00,0.00,0.00
NUQ,2017-03-16 10:32,60.00,0.00,5.00
NUQ,2017-03-16 10:56,61.00,0.00,0.00
NUQ,2017-03-16 11:56,64.00,0.00,6.00
NUQ,2017-03-16 12:56,65.00,0.00,8.00
NUQ,2017-03-16 13:56,66.00,0.00,8.00
NUQ,2017-03-16 14:56,68.00,0.00,8.00
NUQ,2017-03-16 15:56,68.00,0.00,9.00
NUQ,2017-03-16 16:56,64.00,0.00,9.00
NUQ,2017-03-16 17:56,62.00,0.00,12.00
NUQ,2017-03-16 18:56,61.00,0.00,12.00
NUQ,2017-03-16 19:56,59.00,0.00,6.00
NUQ,2017-03-16 20:56,58.00,0.00,0.00
NUQ,2017-03-16 21:56,55.00,0.00,3.00
NUQ,2017-03-16 22:56,53.00,0.00,6.00
NUQ,2017-03-16 23:56,55.00,0.00,3.00
NUQ,2017-03-17 00:56,53.00,0.00,0.00
NUQ,2017-03-17 01:56,52.00,0.00,0.00
NUQ,2017-03-17 02:56,51.00,0.00,0.00
NUQ,2017-03-17 03:56,50.00,0.00,0.00
NUQ,2017-03-17 04:56,49.00,0.00,0.00
NUQ,2017-03-17 05:56,49.00,0.00,0.00
NUQ,2017-03-17 06:56,47.00,0.00,0.00
NUQ,2017-03-17 07:56,50.00,0.00,0.00
NUQ,2017-03-17 08:56,54.00,0.00,0.00
NUQ,2017-03-17 09:56,58.00,0.00,4.00
NUQ,2017-03-17 10:56,61.00,0.00,0.00
NUQ,2017-03-17 11:56,65.00,0.00,4.00
NUQ,2017-03-17 12:56,69.00,0.00,4.00
NUQ,2017-03-17 13:56,71.00,0.00,5.00
NUQ,2017-03-17 14:56,74.00,0.00,4.00
NUQ,2017-03-17 15:56,77.00,0.00,7.00
NUQ,2017-03-17 16:56,74.00,0.00,7.00
NUQ,2017-03-17 17:56,71.00,0.00,6.00
NUQ,2017-03-17 18:56,66.00,0.00,8.00
NUQ,2017-03-17 19:56,62.00,0.00,4.00
NUQ,2017-03-17 20:56,62.00,0.00,3.00
NUQ,2017-03-17 21:56,61.00,0.00,4.00
NUQ,2017-03-17 22:56,59.00,0.00,0.00
NUQ,2017-03-17 23:56,58.00,0.00,0.00
NUQ,2017-03-18 00:56,58.00,0.00,0.00
NUQ,2017-03-18 01:56,58.00,0.00,0.00
NUQ,2017-03-18 02:56,57.00,0.00,0.00
NUQ,2017-03-18 03:56,54.00,0.00,0.00
NUQ,2017-03-18 04:56,54.00,0.00,0.00
NUQ,2017-03-18 05:56,54.00,0.00,0.00
NUQ,2017-03-18 06:56,54.00,0.00,4.00
NUQ,2017-03-18 07:56,55.00,0.00,0.00
NUQ,2017-03-18 08:56,57.00,0.00,0.00
NUQ,2017-03-18 09:56,59.00,0.00,3.00
NUQ,2017-03-18 10:56,60.00,0.00,4.00
NUQ,2017-03-18 11:56,62.00,0.00,3.00
NUQ,2017-03-18 12:56,63.00,0.00,5.00
NUQ,2017-03-18 13:56,65.00,0.00,7.00
NUQ,2017-03-18 14:56,70.00,0.00,7.00
NUQ,2017-03-18 15:56,68.00,0.00,9.00
NUQ,2017-03-18 16:56,67.00,0.00,11.00
NUQ,2017-03-18 17:56,65.00,0.00,10.00
NUQ,2017-03-18 18:56,62.00,0.00,7.00
NUQ,2017-03-18 19:56,61.00,0.00,8.00
NUQ,2017-03-18 20:56,58.00,0.00,8.00
NUQ,2017-03-18 21:56,57.00,0.00,5.00
NUQ,2017-03-18 22:56,57.00,0.00,0.00
NUQ,2017-03-18 23:56,57.00,0.00,0.00
NUQ,2017-03-19 00:56,56.00,0.00,0.00
NUQ,2017-03-19 01:56,56.00,0.00,0.00
NUQ,2017-03-19 02:46,55.00,0.00,0.00
NUQ,2017-03-19 02:56,55.00,0.00,0.00
NUQ,2017-03-19 03:41,56.00,0.00,0.00
NUQ,2017-03-19 03:56,56.00,0.00,0.00
NUQ,2017-03-19 04:21,56.00,0.00,0.00
NUQ,2017-03-19 04:56,56.00,0.00,0.00
NUQ,2017-03-19 05:56,54.00,0.00,0.00
NUQ,2017-03-19 06:56,56.00,0.00,0.00
NUQ,2017-03-19 07:56,55.00,0.00,0.00
NUQ,2017-03-19 08:56,56.00,0.00,0.00
NUQ,2017-03-19 09:56,57.00,0.00,0.00
NUQ,2017-03-19 10:56,59.00,0.00,0.00
NUQ,2017-03-19 11:56,62.00,0.00,3.00
NUQ,2017-03-19 12:56,66.00,0.00,3.00
NUQ,2017-03-19 13:56,66.00,0.00,6.00
NUQ,2017-03-19 14:56,64.00,0.00,10.00
NUQ,2017-03-19 15:56,62.00,0.00,8.00
NUQ,2017-03-19 16:56,61.00,0.00,6.00
NUQ,2017-03-19 17:56,60.00,0.00,6.00
NUQ,2017-03-19 18:56,60.00,0.00,7.00
NUQ,2017-03-19 19:56,58.00,0.00,6.00
NUQ,2017-03-19 20:56,57.00,0.00,0.00
NUQ,2017-03-19 21:56,58.00,0.00,0.00
NUQ,2017-03-19 22:56,57.00,0.00,0.00
NUQ,2017-03-19 23:56,56.00,0.00,4.00
NUQ,2017-03-20 00:56,57.00,0.00,0.00
NUQ,2017-03-20 01:56,56.00,0.00,0.00
NUQ,2017-03-20 02:56,56.00,0.00,0.00
NUQ,2017-03-20 03:56,56.00,0.00,0.00
NUQ,2017-03-20 04:56,56.00,0.00,4.00
NUQ,2017-03-20 05:56,56.00,0.00,9.00
NUQ,2017-03-20 06:56,56.00,0.00,8.00
NUQ,2017-03-20 07:56,57.00,0.00,7.00
NUQ,2017-03-20 08:56,57.00,0.00,11.00
NUQ,2017-03-20 09:56,58.00,0.00,10.00
NUQ,2017-03-20 10:56,60.00,0.00,10.00
NUQ,2017-03-20 11:56,60.00,0.00,11.00
NUQ,2017-03-20 12:56,61.00,0.00,9.00
NUQ,2017-03-20 13:56,62.00,0.00,13.00
NUQ,2017-03-20 14:56,62.00,T,10.00
NUQ,2017-03-20 15:56,61.00,T,11.00
NUQ,2017-03-20 16:56,61.00,T,8.00
NUQ,2017-03-20 17:56,61.00,T,6.00
NUQ,2017-03-20 18:56,61.00,T,7.00
NUQ,2017-03-20 19:56,59.00,0.01,5.00
NUQ,2017-03-20 20:56,59.00,0.01,5.00
NUQ,2017-03-20 21:56,58.00,0.06,7.00
NUQ,2017-03-20 22:56,58.00,0.11,7.00
NUQ,2017-03-20 23:56,58.00,0.01,8.00
NUQ,2017-03-21 00:56,58.00,0.01,9.00
NUQ,2017-03-21 01:56,58.00,T,8.00
NUQ,2017-03-21 02:56,60.00,T,8.00
NUQ,2017-03-21 03:56,60.00,T,7.00
NUQ,2017-03-21 04:56,61.00,T,8.00
NUQ,2017-03-21 05:56,60.00,0.01,8.00
NUQ,2017-03-21 06:34,62.00,0.01,10.00
NUQ,2017-03-21 06:53,59.00,0.01,8.00
NUQ,2017-03-21 06:56,59.00,0.01,9.00
NUQ,2017-03-21 07:35,59.00,0.03,7.00
NUQ,2017-03-21 07:56,59.00,0.03,12.00
NUQ,2017-03-21 08:32,60.00,T,3.00
NUQ,2017-03-21 08:56,60.00,T,9.00
NUQ,2017-03-21 09:56,59.00,0.01,7.00
NUQ,2017-03-21 10:34,60.00,0.01,10.00
NUQ,2017-03-21 10:56,60.00,0.01,9.00
NUQ,2017-03-21 11:56,64.00,0.00,12.00
NUQ,2017-03-21 12:56,66.00,0.00,9.00
NUQ,2017-03-21 13:56,68.00,0.00,6.00
NUQ,2017-03-21 14:56,67.00,0.00,7.00
NUQ,2017-03-21 15:56,67.00,0.00,12.00
NUQ,2017-03-21 16:56,66.00,0.00,9.00
NUQ,2017-03-21 17:56,65.00,0.00,8.00
NUQ,2017-03-21 18:56,62.00,0.00,9.00
NUQ,2017-03-21 19:56,61.00,0.00,6.00
NUQ,2017-03-21 20:56,59.00,0.00,4.00
NUQ,2017-03-21 21:56,58.00,0.00,3.00
NUQ,2017-03-21 22:56,58.00,0.00,4.00
NUQ,2017-03-21 23:56,57.00,T,4.00
NUQ,2017-03-22 00:56,56.00,0.01,7.00
NUQ,2017-03-22 01:56,56.00,0.03,6.00
NUQ,2017-03-22 01:59,56.00,0.06,6.00
NUQ,2017-03-22 02:03,55.00,0.19,6.00
NUQ,2017-03-22 02:13,54.00,0.29,4.00
NUQ,2017-03-22 02:21,53.00,0.31,3.00
NUQ,2017-03-22 02:29,53.00,0.31,0.00
NUQ,2017-03-22 02:56,52.00,0.44,3.00
NUQ,2017-03-22 03:36,53.00,0.04,0.00
NUQ,2017-03-22 03:56,53.00,0.04,7.00
NUQ,2017-03-22 04:56,52.00,0.06,4.00
NUQ,2017-03-22 05:20,52.00,T,6.00
NUQ,2017-03-22 05:56,52.00,0.05,5.00
NUQ,2017-03-22 06:25,52.00,0.06,5.00
NUQ,2017-03-22 06:38,52.00,0.06,4.00
NUQ,2017-03-22 06:56,52.00,0.06,3.00
NUQ,2017-03-22 07:56,53.00,0.01,3.00
NUQ,2017-03-22 08:06,53.00,0.02,3.00
NUQ,2017-03-22 08:15,53.00,0.02,5.00
NUQ,2017-03-22 08:22,53.00,0.02,3.00
NUQ,2017-03-22 08:56,55.00,0.02,6.00
NUQ,2017-03-22 09:56,56.00,0.00,6.00
NUQ,2017-03-22 10:56,56.00,0.00,8.00
NUQ,2017-03-22 11:56,57.00,T,8.00
NUQ,2017-03-22 12:56,57.00,0.01,10.00
NUQ,2017-03-22 13:56,60.00,0.00,9.00
NUQ,2017-03-22 14:56,59.00,0.00,10.00
NUQ,2017-03-22 15:56,59.00,0.00,10.00
NUQ,2017-03-22 16:56,59.00,0.00,7.00
NUQ,2017-03-22 17:56,57.00,0.00,11.00
NUQ,2017-03-22 18:56,55.00,0.00,9.00
NUQ,2017-03-22 19:56,53.00,0.00,6.00
NUQ,2017-03-22 20:56,52.00,0.00,5.00
NUQ,2017-03-22 21:56,51.00,0.00,5.00
NUQ,2017-03-22 22:40,52.00,0.00,3.00
NUQ,2017-03-22 22:56,51.00,0.00,0.00
NUQ,2017-03-22 23:18,51.00,0.00,0.00
NUQ,2017-03-22 23:56,51.00,0.00,3.00
NUQ,2017-03-23 00:56,51.00,0.00,5.00
NUQ,2017-03-23 01:56,50.00,0.00,4.00
NUQ,2017-03-23 02:56,50.00,0.00,4.00
NUQ,2017-03-23 03:56,50.00,0.00,3.00
NUQ,2017-03-23 04:56,50.00,0.00,0.00
NUQ,2017-03-23 05:56,50.00,0.00,5.00
NUQ,2017-03-23 06:56,50.00,0.00,0.00
NUQ,2017-03-23 07:56,50.00,0.00,0.00
NUQ,2017-03-23 08:56,53.00,0.00,3.00
NUQ,2017-03-23 09:46,54.00,0.00,5.00
NUQ,2017-03-23 09:56,54.00,0.00,5.00
NUQ,2017-03-23 10:56,57.00,0.00,0.00
NUQ,2017-03-23 11:56,59.00,0.00,6.00
NUQ,2017-03-23 12:56,60.00,0.00,5.00
NUQ,2017-03-23 13:56,61.00,0.00,9.00
NUQ,2017-03-23 14:56,61.00,0.00,9.00
NUQ,2017-03-23 15:56,61.00,0.00,11.00
NUQ,2017-03-23 16:56,60.00,0.00,12.00
NUQ,2017-03-23 17:56,59.00,0.00,6.00
NUQ,2017-03-23 18:56,55.00,0.00,9.00
NUQ,2017-03-23 19:56,54.00,0.00,9.00
NUQ,2017-03-23 20:56,54.00,0.00,5.00
NUQ,2017-03-23 21:56,54.00,0.00,3.00
NUQ,2017-03-23 22:56,54.00,0.00,0.00
NUQ,2017-03-23 23:56,54.00,0.00,0.00
NUQ,2017-03-24 00:56,53.00,0.00,7.00
NUQ,2017-03-24 01:56,53.00,0.00,4.00
NUQ,2017-03-24 02:56,53.00,0.00,5.00
NUQ,2017-03-24 03:56,53.00,0.00,10.00
NUQ,2017-03-24 04:56,53.00,0.00,8.00
NUQ,2017-03-24 05:56,53.00,T,8.00
NUQ,2017-03-24 06:56,54.00,T,10.00
NUQ,2017-03-24 07:56,54.00,T,13.00
NUQ,2017-03-24 08:56,56.00,0.00,11.00
NUQ,2017-03-24 09:56,57.00,T,16.00
NUQ,2017-03-24 10:56,55.00,T,14.00
NUQ,2017-03-24 11:56,53.00,0.04,13.00
NUQ,2017-03-24 12:56,53.00,0.07,9.00
NUQ,2017-03-24 13:56,56.00,T,7.00
NUQ,2017-03-24 14:56,55.00,0.01,9.00
NUQ,2017-03-24 15:56,55.00,0.01,7.00
NUQ,2017-03-24 16:16,55.00,T,8.00
NUQ,2017-03-24 16:28,55.00,0.01,6.00
NUQ,2017-03-24 16:46,55.00,0.02,6.00
NUQ,2017-03-24 16:56,54.00,0.03,4.00
NUQ,2017-03-24 17:10,54.00,0.02,5.00
NUQ,2017-03-24 17:16,55.00,0.03,3.00
NUQ,2017-03-24 17:23,55.00,0.03,5.00
NUQ,2017-03-24 17:41,55.00,0.04,0.00
NUQ,2017-03-24 17:56,55.00,0.04,3.00
NUQ,2017-03-24 18:56,55.00,0.00,3.00
NUQ,2017-03-24 19:56,55.00,0.00,3.00
NUQ,2017-03-24 20:27,55.00,0.00,3.00
NUQ,2017-03-24 20:56,55.00,0.00,0.00
NUQ,2017-03-24 21:56,55.00,T,3.00
NUQ,2017-03-24 22:56,54.00,0.00,0.00
NUQ,2017-03-24 23:56,54.00,0.00,0.00
NUQ,2017-03-25 00:29,54.00,0.00,0.00
NUQ,2017-03-25 00:56,54.00,0.00,0.00
NUQ,2017-03-25 01:13,53.00,0.00,0.00
NUQ,2017-03-25 01:56,52.00,0.00,0.00
NUQ,2017-03-25 02:12,52.00,0.00,0.00
NUQ,2017-03-25 02:21,50.00,0.00,3.00
NUQ,2017-03-25 02:24,50.00,0.00,3.00
NUQ,2017-03-25 02:36,51.00,0.00,3.00
NUQ,2017-03-25 02:40,51.00,0.00,0.00
NUQ,2017-03-25 02:43,52.00,0.00,0.00
NUQ,2017-03-25 02:53,51.80,0.00,0.00
NUQ,2017-03-25 02:56,52.00,0.00,0.00
NUQ,2017-03-25 03:56,53.00,0.00,3.00
NUQ,2017-03-25 04:04,53.00,0.00,3.00
NUQ,2017-03-25 04:21,53.00,0.00,4.00
NUQ,2017-03-25 04:56,53.00,0.00,5.00
NUQ,2017-03-25 05:56,53.00,0.00,3.00
NUQ,2017-03-25 06:03,53.00,0.00,3.00
NUQ,2017-03-25 06:56,53.00,0.00,3.00
NUQ,2017-03-25 07:56,53.00,0.00,0.00
NUQ,2017-03-25 08:56,55.00,0.00,3.00
NUQ,2017-03-25 09:21,56.00,0.00,5.00
NUQ,2017-03-25 09:56,57.00,0.00,5.00
NUQ,2017-03-25 10:56,58.00,0.00,11.00
NUQ,2017-03-25 11:56,60.00,0.00,10.00
NUQ,2017-03-25 12:56,60.00,0.00,11.00
NUQ,2017-03-25 13:56,62.00,0.00,14.00
NUQ,2017-03-25 14:56,62.00,0.00,14.00
NUQ,2017-03-25 15:56,63.00,0.00,14.00
NUQ,2017-03-25 16:56,62.00,0.00,14.00
NUQ,2017-03-25 17:56,60.00,0.00,12.00
NUQ,2017-03-25 18:56,58.00,0.00,5.00
NUQ,2017-03-25 19:56,55.00,0.00,8.00
NUQ,2017-03-25 20:56,53.00,0.00,4.00
NUQ,2017-03-25 21:56,52.00,0.00,4.00
NUQ,2017-03-25 22:56,53.00,0.00,0.00
NUQ,2017-03-25 23:56,51.00,0.00,3.00
NUQ,2017-03-26 00:56,49.00,0.00,0.00
NUQ,2017-03-26 01:56,50.00,0.00,0.00
NUQ,2017-03-26 02:56,49.00,0.00,0.00
NUQ,2017-03-26 03:56,50.00,0.00,0.00
NUQ,2017-03-26 04:56,50.00,0.00,0.00
NUQ,2017-03-26 05:56,51.00,0.00,0.00
NUQ,2017-03-26 06:56,51.00,0.00,0.00
NUQ,2017-03-26 07:56,51.00,0.00,4.00
NUQ,2017-03-26 08:56,53.00,0.00,3.00
NUQ,2017-03-26 09:56,54.00,0.00,5.00
NUQ,2017-03-26 10:56,56.00,0.00,4.00
NUQ,2017-03-26 11:56,60.00,0.00,6.00
NUQ,2017-03-26 12:56,62.00,0.00,5.00
NUQ,2017-03-26 13:56,62.00,0.00,6.00
NUQ,2017-03-26 14:56,63.00,0.00,6.00
NUQ,2017-03-26 15:56,63.00,0.00,M
NUQ,2017-03-26 16:56,63.00,0.00,5.00
NUQ,2017-03-26 17:56,62.00,0.00,7.00
NUQ,2017-03-26 18:56,59.00,0.00,9.00
NUQ,2017-03-26 19:30,58.00,0.00,10.00
NUQ,2017-03-26 19:49,58.00,0.00,10.00
NUQ,2017-03-26 19:56,58.00,0.00,8.00
NUQ,2017-03-26 20:56,56.00,0.00,6.00
NUQ,2017-03-26 21:56,56.00,T,6.00
NUQ,2017-03-26 22:56,55.00,0.01,4.00
NUQ,2017-03-26 23:10,56.00,0.00,5.00
NUQ,2017-03-26 23:56,55.00,0.00,4.00
NUQ,2017-03-27 00:56,55.00,0.00,0.00
NUQ,2017-03-27 01:36,53.00,T,5.00
NUQ,2017-03-27 01:56,53.00,T,6.00
NUQ,2017-03-27 02:56,52.00,0.00,3.00
NUQ,2017-03-27 03:56,50.00,0.00,0.00
NUQ,2017-03-27 04:56,51.00,0.00,4.00
NUQ,2017-03-27 05:56,51.00,0.00,3.00
NUQ,2017-03-27 06:56,50.00,0.00,5.00
NUQ,2017-03-27 07:56,52.00,0.00,5.00
NUQ,2017-03-27 08:56,54.00,0.00,6.00
NUQ,2017-03-27 09:56,57.00,0.00,8.00
NUQ,2017-03-27 10:56,59.00,0.00,11.00
NUQ,2017-03-27 11:56,60.00,0.00,13.00
NUQ,2017-03-27 12:56,61.00,0.00,14.00
NUQ,2017-03-27 13:56,62.00,0.00,12.00
NUQ,2017-03-27 14:56,63.00,0.00,12.00
NUQ,2017-03-27 15:56,62.00,0.00,11.00
NUQ,2017-03-27 16:56,62.00,0.00,12.00
NUQ,2017-03-27 17:56,61.00,0.00,9.00
NUQ,2017-03-27 18:56,59.00,0.00,11.00
NUQ,2017-03-27 19:56,55.00,0.00,10.00
NUQ,2017-03-27 20:56,55.00,0.00,6.00
NUQ,2017-03-27 21:56,54.00,0.00,6.00
NUQ,2017-03-27 22:56,54.00,0.00,5.00
NUQ,2017-03-27 23:56,53.00,0.00,5.00
NUQ,2017-03-28 00:56,53.00,0.00,3.00
NUQ,2017-03-28 01:56,52.00,0.00,4.00
NUQ,2017-03-28 02:56,52.00,0.00,3.00
NUQ,2017-03-28 03:56,50.00,0.00,0.00
NUQ,2017-03-28 04:56,50.00,0.00,0.00
NUQ,2017-03-28 05:56,50.00,0.00,0.00
NUQ,2017-03-28 06:56,49.00,0.00,0.00
NUQ,2017-03-28 07:56,51.00,0.00,0.00
NUQ,2017-03-28 08:56,55.00,0.00,4.00
NUQ,2017-03-28 09:56,57.00,0.00,5.00
NUQ,2017-03-28 10:56,60.00,0.00,3.00
NUQ,2017-03-28 11:56,64.00,0.00,7.00
NUQ,2017-03-28 12:56,66.00,0.00,8.00
NUQ,2017-03-28 13:56,69.00,0.00,11.00
NUQ,2017-03-28 14:56,71.00,0.00,12.00
NUQ,2017-03-28 15:56,72.00,0.00,8.00
NUQ,2017-03-28 16:56,71.00,0.00,9.00
NUQ,2017-03-28 17:56,70.00,0.00,9.00
NUQ,2017-03-28 18:56,66.00,0.00,7.00
NUQ,2017-03-28 19:56,62.00,0.00,6.00
NUQ,2017-03-28 20:56,57.00,0.00,4.00
NUQ,2017-03-28 21:56,60.00,0.00,0.00
NUQ,2017-03-28 22:56,57.00,0.00,0.00
NUQ,2017-03-28 23:56,58.00,0.00,0.00
NUQ,2017-03-29 00:56,56.00,0.00,0.00
NUQ,2017-03-29 01:56,55.00,0.00,0.00
NUQ,2017-03-29 02:56,54.00,0.00,0.00
NUQ,2017-03-29 03:56,53.00,0.00,0.00
NUQ,2017-03-29 04:56,52.00,0.00,0.00
NUQ,2017-03-29 05:56,50.00,0.00,3.00
NUQ,2017-03-29 06:56,51.00,0.00,0.00
NUQ,2017-03-29 07:56,54.00,0.00,0.00
NUQ,2017-03-29 08:56,59.00,0.00,0.00
NUQ,2017-03-29 09:56,62.00,0.00,0.00
NUQ,2017-03-29 10:56,66.00,0.00,5.00
NUQ,2017-03-29 11:56,67.00,0.00,8.00
NUQ,2017-03-29 12:56,64.00,0.00,15.00
NUQ,2017-03-29 13:56,65.00,0.00,14.00
NUQ,2017-03-29 14:56,67.00,0.00,15.00
NUQ,2017-03-29 15:56,68.00,0.00,15.00
NUQ,2017-03-29 16:56,68.00,0.00,5.00
NUQ,2017-03-29 17:56,65.00,0.00,13.00
NUQ,2017-03-29 18:56,64.00,0.00,7.00
NUQ,2017-03-29 19:56,59.00,0.00,7.00
NUQ,2017-03-29 20:56,57.00,0.00,7.00
NUQ,2017-03-29 21:56,55.00,0.00,5.00
NUQ,2017-03-29 22:56,54.00,0.00,5.00
NUQ,2017-03-29 23:56,56.00,0.00,0.00
NUQ,2017-03-30 00:56,56.00,0.00,0.00
NUQ,2017-03-30 01:26,56.00,0.00,5.00
NUQ,2017-03-30 01:56,56.00,0.00,4.00
NUQ,2017-03-30 02:41,57.00,0.00,4.00
NUQ,2017-03-30 02:56,57.00,0.00,0.00
NUQ,2017-03-30 03:11,57.00,0.00,0.00
NUQ,2017-03-30 03:56,56.00,0.00,3.00
NUQ,2017-03-30 04:56,57.00,T,7.00
NUQ,2017-03-30 05:11,56.00,T,7.00
NUQ,2017-03-30 05:34,56.00,T,8.00
NUQ,2017-03-30 05:56,54.00,T,11.00
NUQ,2017-03-30 06:27,53.00,T,16.00
NUQ,2017-03-30 06:40,53.00,T,14.00
NUQ,2017-03-30 06:56,53.00,T,9.00
NUQ,2017-03-30 07:56,53.00,0.00,11.00
NUQ,2017-03-30 08:56,55.00,0.00,7.00
NUQ,2017-03-30 09:56,56.00,0.00,11.00
NUQ,2017-03-30 10:56,59.00,0.00,12.00
NUQ,2017-03-30 11:56,61.00,0.00,14.00
NUQ,2017-03-30 12:56,63.00,0.00,16.00
NUQ,2017-03-30 13:56,64.00,0.00,14.00
NUQ,2017-03-30 14:56,65.00,0.00,10.00
NUQ,2017-03-30 15:56,65.00,0.00,12.00
NUQ,2017-03-30 16:56,62.00,0.00,15.00
NUQ,2017-03-30 17:56,61.00,0.00,13.00
NUQ,2017-03-30 18:56,57.00,0.00,13.00
NUQ,2017-03-30 19:56,55.00,0.00,6.00
NUQ,2017-03-30 20:56,54.00,0.00,9.00
NUQ,2017-03-30 21:56,54.00,0.00,8.00
NUQ,2017-03-30 22:56,54.00,0.00,9.00
NUQ,2017-03-30 23:56,54.00,0.00,8.00
NUQ,2017-03-31 00:56,53.00,0.00,6.00
NUQ,2017-03-31 01:56,56.00,0.00,11.00
NUQ,2017-03-31 02:56,55.00,0.00,11.00
NUQ,2017-03-31 03:56,55.00,0.00,12.00
NUQ,2017-03-31 04:56,55.00,0.00,13.00
NUQ,2017-03-31 05:56,54.00,0.00,12.00
NUQ,2017-03-31 06:56,53.00,0.00,8.00
NUQ,2017-03-31 07:56,55.00,0.00,13.00
NUQ,2017-03-31 08:56,57.00,0.00,13.00
NUQ,2017-03-31 09:56,59.00,0.00,13.00
NUQ,2017-03-31 10:56,61.00,0.00,14.00
NUQ,2017-03-31 11:56,63.00,0.00,14.00
NUQ,2017-03-31 12:56,66.00,0.00,15.00
NUQ,2017-03-31 13:56,68.00,0.00,16.00
NUQ,2017-03-31 14:56,71.00,0.00,15.00
NUQ,2017-03-31 15:56,72.00,0.00,15.00
NUQ,2017-03-31 16:56,70.00,0.00,12.00
NUQ,2017-03-31 17:56,69.00,0.00,7.00
NUQ,2017-03-31 18:56,69.00,0.00,9.00
NUQ,2017-03-31 19:56,66.00,0.00,6.00
NUQ,2017-03-31 20:56,60.00,0.00,6.00
NUQ,2017-03-31 21:56,57.00,0.00,0.00
NUQ,2017-03-31 22:56,57.00,0.00,0.00
NUQ,2017-03-31 23:56,57.00,0.00,3.00
NUQ,2017-04-01 00:56,55.00,0.00,4.00
NUQ,2017-04-01 01:56,56.00,0.00,3.00
NUQ,2017-04-01 02:56,57.00,0.00,3.00
NUQ,2017-04-01 03:56,52.00,0.00,0.00
NUQ,2017-04-01 04:56,52.00,0.00,0.00
NUQ,2017-04-01 05:56,54.00,0.00,4.00
NUQ,2017-04-01 06:56,53.00,0.00,0.00
NUQ,2017-04-01 07:56,55.00,0.00,0.00
NUQ,2017-04-01 08:56,64.00,0.00,0.00
NUQ,2017-04-01 09:56,67.00,0.00,3.00
NUQ,2017-04-01 10:56,69.00,0.00,0.00
NUQ,2017-04-01 11:56,72.00,0.00,4.00
NUQ,2017-04-01 12:56,73.00,0.00,6.00
NUQ,2017-04-01 13:56,75.00,0.00,5.00
NUQ,2017-04-01 14:56,77.00,0.00,4.00
NUQ,2017-04-01 15:56,76.00,0.00,0.00
NUQ,2017-04-01 16:56,77.00,0.00,4.00
NUQ,2017-04-01 17:56,76.00,0.00,4.00
NUQ,2017-04-01 18:56,67.00,0.00,3.00
NUQ,2017-04-01 19:56,63.00,0.00,4.00
NUQ,2017-04-01 20:56,60.00,0.00,6.00
NUQ,2017-04-01 21:56,57.00,0.00,4.00
NUQ,2017-04-01 22:56,57.00,0.00,0.00
NUQ,2017-04-01 23:56,57.00,0.00,3.00
NUQ,2017-04-02 00:56,56.00,0.00,4.00
NUQ,2017-04-02 01:56,56.00,0.00,7.00
NUQ,2017-04-02 02:56,54.00,0.00,0.00
NUQ,2017-04-02 03:24,53.00,0.00,4.00
NUQ,2017-04-02 03:56,53.00,0.00,0.00
NUQ,2017-04-02 04:52,53.60,0.00,4.00
NUQ,2017-04-02 04:56,52.00,0.00,4.00
NUQ,2017-04-02 05:56,52.00,0.00,3.00
NUQ,2017-04-02 06:53,55.40,0.00,0.00
NUQ,2017-04-02 06:56,55.00,0.00,0.00
NUQ,2017-04-02 07:15,55.00,0.00,3.00
NUQ,2017-04-02 07:49,55.00,0.00,0.00
NUQ,2017-04-02 07:56,56.00,0.00,0.00
NUQ,2017-04-02 08:56,56.00,0.00,0.00
NUQ,2017-04-02 09:56,58.00,0.00,3.00
NUQ,2017-04-02 10:41,60.00,0.00,4.00
NUQ,2017-04-02 10:56,60.00,0.00,5.00
NUQ,2017-04-02 11:56,65.00,0.00,4.00
NUQ,2017-04-02 12:56,70.00,0.00,3.00
NUQ,2017-04-02 13:56,73.00,0.00,6.00
NUQ,2017-04-02 14:56,75.00,0.00,5.00
NUQ,2017-04-02 15:56,75.00,0.00,10.00
NUQ,2017-04-02 16:56,74.00,0.00,11.00
NUQ,2017-04-02 17:56,75.00,0.00,11.00
NUQ,2017-04-02 18:56,73.00,0.00,7.00
NUQ,2017-04-02 19:56,66.00,0.00,3.00
NUQ,2017-04-02 20:56,63.00,0.00,6.00
NUQ,2017-04-02 21:56,60.00,0.00,4.00
NUQ,2017-04-02 22:56,58.00,0.00,4.00
NUQ,2017-04-02 23:56,56.00,0.00,3.00
NUQ,2017-04-03 00:56,57.00,0.00,3.00
NUQ,2017-04-03 01:56,54.00,0.00,0.00
NUQ,2017-04-03 02:56,53.00,0.00,0.00
NUQ,2017-04-03 03:56,53.00,0.00,0.00
NUQ,2017-04-03 04:56,53.00,0.00,0.00
NUQ,2017-04-03 05:56,51.00,0.00,0.00
NUQ,2017-04-03 06:56,50.00,0.00,0.00
NUQ,2017-04-03 07:56,53.00,0.00,0.00
NUQ,2017-04-03 08:56,57.00,0.00,3.00
NUQ,2017-04-03 09:56,59.00,0.00,5.00
NUQ,2017-04-03 10:56,62.00,0.00,5.00
NUQ,2017-04-03 11:56,65.00,0.00,6.00
NUQ,2017-04-03 12:56,68.00,0.00,9.00
NUQ,2017-04-03 13:56,70.00,0.00,12.00
NUQ,2017-04-03 14:56,71.00,0.00,11.00
NUQ,2017-04-03 15:56,70.00,0.00,10.00
NUQ,2017-04-03 16:56,70.00,0.00,10.00
NUQ,2017-04-03 17:56,67.00,0.00,13.00
NUQ,2017-04-03 18:56,61.00,0.00,17.00
NUQ,2017-04-03 19:56,58.00,0.00,11.00
NUQ,2017-04-03 20:56,55.00,0.00,3.00
NUQ,2017-04-03 21:56,52.00,0.00,3.00
NUQ,2017-04-03 22:56,53.00,0.00,5.00
NUQ,2017-04-03 23:56,53.00,0.00,3.00
NUQ,2017-04-04 00:56,51.00,0.00,4.00
NUQ,2017-04-04 01:56,52.00,0.00,4.00
NUQ,2017-04-04 02:56,51.00,0.00,0.00
NUQ,2017-04-04 03:56,51.00,0.00,0.00
NUQ,2017-04-04 04:56,50.00,0.00,0.00
NUQ,2017-04-04 05:56,49.00,0.00,4.00
NUQ,2017-04-04 06:56,50.00,0.00,4.00
NUQ,2017-04-04 07:56,51.00,0.00,3.00
NUQ,2017-04-04 08:56,55.00,0.00,5.00
NUQ,2017-04-04 09:56,58.00,0.00,8.00
NUQ,2017-04-04 10:56,60.00,0.00,0.00
NUQ,2017-04-04 11:56,67.00,0.00,3.00
NUQ,2017-04-04 12:56,69.00,0.00,6.00
NUQ,2017-04-04 13:56,67.00,0.00,9.00
NUQ,2017-04-04 14:56,69.00,0.00,7.00
NUQ,2017-04-04 15:56,71.00,0.00,6.00
NUQ,2017-04-04 16:56,67.00,0.00,11.00
NUQ,2017-04-04 17:56,64.00,0.00,10.00
NUQ,2017-04-04 18:56,62.00,0.00,9.00
NUQ,2017-04-04 19:56,62.00,0.00,6.00
NUQ,2017-04-04 20:56,60.00,0.00,6.00
NUQ,2017-04-04 21:56,58.00,0.00,7.00
NUQ,2017-04-04 22:56,58.00,0.00,4.00
NUQ,2017-04-04 23:56,56.00,0.00,3.00
NUQ,2017-04-05 00:56,57.00,0.00,0.00
NUQ,2017-04-05 01:56,57.00,0.00,3.00
NUQ,2017-04-05 02:56,56.00,0.00,0.00
NUQ,2017-04-05 03:56,55.00,0.00,0.00
NUQ,2017-04-05 04:56,55.00,0.00,0.00
NUQ,2017-04-05 05:56,56.00,0.00,0.00
NUQ,2017-04-05 06:56,54.00,0.00,0.00
NUQ,2017-04-05 07:56,56.00,0.00,0.00
NUQ,2017-04-05 08:56,60.00,0.00,0.00
NUQ,2017-04-05 09:56,64.00,0.00,0.00
NUQ,2017-04-05 10:56,66.00,0.00,8.00
NUQ,2017-04-05 11:56,68.00,0.00,6.00
NUQ,2017-04-05 12:56,69.00,0.00,4.00
NUQ,2017-04-05 13:56,69.00,0.00,7.00
NUQ,2017-04-05 14:56,74.00,0.00,7.00
NUQ,2017-04-05 15:56,73.00,0.00,8.00
NUQ,2017-04-05 16:56,68.00,0.00,9.00
NUQ,2017-04-05 17:56,66.00,0.00,10.00
NUQ,2017-04-05 18:56,65.00,0.00,6.00
NUQ,2017-04-05 19:56,63.00,0.00,4.00
NUQ,2017-04-05 20:56,61.00,0.00,3.00
NUQ,2017-04-05 21:56,61.00,0.00,0.00
NUQ,2017-04-05 22:56,60.00,0.00,4.00
NUQ,2017-04-05 23:56,59.00,0.00,4.00
NUQ,2017-04-06 00:56,58.00,0.00,4.00
NUQ,2017-04-06 01:56,59.00,0.00,0.00
NUQ,2017-04-06 02:56,56.00,0.00,0.00
NUQ,2017-04-06 03:56,57.00,0.00,0.00
NUQ,2017-04-06 04:56,58.00,0.00,0.00
NUQ,2017-04-06 05:56,59.00,0.00,3.00
NUQ,2017-04-06 06:56,60.00,0.00,4.00
NUQ,2017-04-06 07:56,60.00,0.00,7.00
NUQ,2017-04-06 08:56,62.00,0.00,0.00
NUQ,2017-04-06 09:56,61.00,0.00,3.00
NUQ,2017-04-06 10:56,62.00,0.00,4.00
NUQ,2017-04-06 11:56,66.00,0.00,8.00
NUQ,2017-04-06 12:56,62.00,T,14.00
NUQ,2017-04-06 13:56,61.00,0.00,15.00
NUQ,2017-04-06 14:56,64.00,0.00,7.00
NUQ,2017-04-06 15:56,66.00,0.00,16.00
NUQ,2017-04-06 16:56,66.00,0.00,10.00
NUQ,2017-04-06 17:56,63.00,T,10.00
NUQ,2017-04-06 18:56,55.00,0.13,12.00
NUQ,2017-04-06 19:56,53.00,0.02,29.00
NUQ,2017-04-06 20:24,53.00,T,15.00
NUQ,2017-04-06 20:56,53.00,T,17.00
NUQ,2017-04-06 21:56,52.00,0.01,20.00
NUQ,2017-04-06 22:56,51.00,0.03,26.00
NUQ,2017-04-06 23:29,51.00,0.04,14.00
NUQ,2017-04-06 23:37,51.00,0.05,20.00
NUQ,2017-04-06 23:44,50.00,0.07,19.00
NUQ,2017-04-06 23:56,51.00,0.10,19.00
NUQ,2017-04-07 00:09,50.00,0.06,18.00
NUQ,2017-04-07 00:52,51.80,0.09,14.00
NUQ,2017-04-07 00:56,51.00,0.09,11.00
NUQ,2017-04-07 01:36,51.00,0.09,10.00
NUQ,2017-04-07 01:56,51.00,0.11,11.00
NUQ,2017-04-07 02:56,52.00,0.05,9.00
NUQ,2017-04-07 03:56,53.00,0.00,9.00
NUQ,2017-04-07 04:56,54.00,0.00,6.00
NUQ,2017-04-07 05:56,54.00,T,7.00
NUQ,2017-04-07 06:56,55.00,T,4.00
NUQ,2017-04-07 07:56,56.00,T,3.00
NUQ,2017-04-07 08:56,57.00,0.00,6.00
NUQ,2017-04-07 09:56,59.00,0.00,7.00
NUQ,2017-04-07 10:56,61.00,0.00,8.00
NUQ,2017-04-07 11:56,62.00,0.00,8.00
NUQ,2017-04-07 12:56,61.00,0.00,6.00
NUQ,2017-04-07 13:56,62.00,0.00,9.00
NUQ,2017-04-07 14:56,65.00,0.00,8.00
NUQ,2017-04-07 15:56,64.00,0.00,9.00
NUQ,2017-04-07 16:56,63.00,0.00,9.00
NUQ,2017-04-07 17:56,63.00,0.00,7.00
NUQ,2017-04-07 18:56,61.00,0.00,8.00
NUQ,2017-04-07 19:56,59.00,0.00,12.00
NUQ,2017-04-07 20:56,58.00,T,13.00
NUQ,2017-04-07 21:56,57.00,T,11.00
NUQ,2017-04-07 22:56,57.00,0.01,7.00
NUQ,2017-04-07 23:39,56.00,0.04,6.00
NUQ,2017-04-07 23:42,55.00,0.07,11.00
NUQ,2017-04-07 23:50,51.80,0.18,10.00
NUQ,2017-04-07 23:56,51.00,0.21,4.00
NUQ,2017-04-07 23:59,51.00,0.01,5.00
NUQ,2017-04-08 00:54,51.80,0.08,7.00
NUQ,2017-04-08 00:56,51.00,0.08,6.00
NUQ,2017-04-08 01:56,50.00,T,0.00
NUQ,2017-04-08 02:56,50.00,0.00,3.00
NUQ,2017-04-08 03:56,48.00,0.00,5.00
NUQ,2017-04-08 04:56,48.00,0.00,0.00
NUQ,2017-04-08 05:56,48.00,0.00,0.00
NUQ,2017-04-08 06:56,50.00,0.00,0.00
NUQ,2017-04-08 07:25,49.00,0.03,4.00
NUQ,2017-04-08 07:33,48.00,0.04,3.00
NUQ,2017-04-08 07:56,49.00,0.04,0.00
NUQ,2017-04-08 08:56,52.00,0.00,0.00
NUQ,2017-04-08 09:22,50.00,0.07,10.00
NUQ,2017-04-08 09:31,49.00,0.08,4.00
NUQ,2017-04-08 09:56,50.00,0.08,3.00
NUQ,2017-04-08 10:56,50.00,0.01,0.00
NUQ,2017-04-08 11:26,51.00,0.00,3.00
NUQ,2017-04-08 11:39,52.00,0.00,5.00
NUQ,2017-04-08 11:56,54.00,0.00,8.00
NUQ,2017-04-08 12:56,53.00,0.02,9.00
NUQ,2017-04-08 13:56,56.00,0.00,10.00
NUQ,2017-04-08 14:56,55.00,0.00,7.00
NUQ,2017-04-08 15:56,56.00,0.00,7.00
NUQ,2017-04-08 16:56,54.00,0.00,7.00
NUQ,2017-04-08 17:56,54.00,0.00,6.00
NUQ,2017-04-08 18:56,53.00,0.00,7.00
NUQ,2017-04-08 19:56,51.00,0.00,5.00
NUQ,2017-04-08 20:56,49.00,0.00,4.00
NUQ,2017-04-08 21:56,48.00,0.00,0.00
NUQ,2017-04-08 22:56,48.00,0.00,4.00
NUQ,2017-04-08 23:56,47.00,0.00,0.00
NUQ,2017-04-09 00:56,45.00,0.00,3.00
NUQ,2017-04-09 01:56,45.00,0.00,0.00
NUQ,2017-04-09 02:56,42.00,0.00,0.00
NUQ,2017-04-09 03:56,43.00,0.00,0.00
NUQ,2017-04-09 04:56,42.00,0.00,0.00
NUQ,2017-04-09 05:56,41.00,0.00,0.00
NUQ,2017-04-09 06:56,39.00,0.00,0.00
NUQ,2017-04-09 07:56,45.00,0.00,0.00
NUQ,2017-04-09 08:56,50.00,0.00,0.00
NUQ,2017-04-09 09:56,53.00,0.00,0.00
NUQ,2017-04-09 10:56,55.00,0.00,3.00
NUQ,2017-04-09 11:56,57.00,0.00,5.00
NUQ,2017-04-09 12:56,59.00,0.00,7.00
NUQ,2017-04-09 13:56,60.00,0.00,9.00
NUQ,2017-04-09 14:56,61.00,0.00,12.00
NUQ,2017-04-09 15:56,60.00,0.00,14.00
NUQ,2017-04-09 16:56,59.00,0.00,12.00
NUQ,2017-04-09 17:56,58.00,0.00,13.00
NUQ,2017-04-09 18:56,56.00,0.00,10.00
NUQ,2017-04-09 19:56,52.00,0.00,9.00
NUQ,2017-04-09 20:56,50.00,0.00,8.00
NUQ,2017-04-09 21:56,50.00,0.00,6.00
NUQ,2017-04-09 22:56,50.00,0.00,0.00
NUQ,2017-04-09 23:56,48.00,0.00,3.00
NUQ,2017-04-10 00:56,48.00,0.00,5.00
NUQ,2017-04-10 01:56,46.00,0.00,0.00
NUQ,2017-04-10 02:56,47.00,0.00,0.00
NUQ,2017-04-10 03:56,45.00,0.00,0.00
NUQ,2017-04-10 04:56,45.00,0.00,0.00
NUQ,2017-04-10 05:56,44.00,0.00,0.00
NUQ,2017-04-10 06:56,43.00,0.00,4.00
NUQ,2017-04-10 07:56,47.00,0.00,3.00
NUQ,2017-04-10 08:56,52.00,0.00,3.00
NUQ,2017-04-10 09:56,57.00,0.00,3.00
NUQ,2017-04-10 10:56,61.00,0.00,3.00
NUQ,2017-04-10 11:56,62.00,0.00,4.00
NUQ,2017-04-10 12:56,64.00,0.00,6.00
NUQ,2017-04-10 13:56,65.00,0.00,7.00
NUQ,2017-04-10 14:56,65.00,0.00,11.00
NUQ,2017-04-10 15:56,65.00,0.00,11.00
NUQ,2017-04-10 16:56,63.00,0.00,12.00
NUQ,2017-04-10 17:56,61.00,0.00,14.00
NUQ,2017-04-10 18:56,59.00,0.00,10.00
NUQ,2017-04-10 19:56,58.00,0.00,6.00
NUQ,2017-04-10 20:56,57.00,0.00,8.00
NUQ,2017-04-10 21:56,56.00,0.00,8.00
NUQ,2017-04-10 22:56,55.00,0.00,4.00
NUQ,2017-04-10 23:56,55.00,0.00,0.00
NUQ,2017-04-11 00:40,55.00,0.00,0.00
NUQ,2017-04-11 00:53,55.40,0.00,0.00
NUQ,2017-04-11 00:56,55.00,0.00,0.00
NUQ,2017-04-11 01:11,55.00,0.00,0.00
NUQ,2017-04-11 01:56,55.00,0.00,3.00
NUQ,2017-04-11 02:56,55.00,0.00,0.00
NUQ,2017-04-11 03:56,55.00,0.00,0.00
NUQ,2017-04-11 04:56,55.00,0.00,0.00
NUQ,2017-04-11 05:56,54.00,0.00,0.00
NUQ,2017-04-11 06:56,55.00,T,5.00
NUQ,2017-04-11 07:56,55.00,0.00,5.00
NUQ,2017-04-11 08:56,57.00,T,8.00
NUQ,2017-04-11 09:56,59.00,T,11.00
NUQ,2017-04-11 10:56,62.00,0.00,9.00
NUQ,2017-04-11 11:56,66.00,0.00,11.00
NUQ,2017-04-11 12:56,67.00,0.00,6.00
NUQ,2017-04-11 13:56,67.00,0.00,7.00
NUQ,2017-04-11 14:56,68.00,0.00,13.00
NUQ,2017-04-11 15:56,69.00,0.00,7.00
NUQ,2017-04-11 16:56,66.00,0.00,11.00
NUQ,2017-04-11 17:56,64.00,0.00,12.00
NUQ,2017-04-11 18:56,63.00,0.00,9.00
NUQ,2017-04-11 19:56,61.00,0.00,8.00
NUQ,2017-04-11 20:56,59.00,0.00,9.00
NUQ,2017-04-11 21:56,59.00,0.00,9.00
NUQ,2017-04-11 22:56,60.00,0.00,8.00
NUQ,2017-04-11 23:56,58.00,0.00,8.00
NUQ,2017-04-12 00:56,59.00,0.00,9.00
NUQ,2017-04-12 01:56,58.00,0.00,8.00
NUQ,2017-04-12 02:35,59.00,0.00,7.00
NUQ,2017-04-12 02:56,59.00,0.00,8.00
NUQ,2017-04-12 03:31,58.00,0.00,12.00
NUQ,2017-04-12 03:56,57.00,0.00,7.00
NUQ,2017-04-12 04:56,59.00,0.00,5.00
NUQ,2017-04-12 05:56,58.00,T,5.00
NUQ,2017-04-12 06:33,58.00,T,5.00
NUQ,2017-04-12 06:56,58.00,T,7.00
NUQ,2017-04-12 07:56,58.00,T,10.00
NUQ,2017-04-12 08:56,59.00,0.00,8.00
NUQ,2017-04-12 09:46,62.00,0.00,7.00
NUQ,2017-04-12 09:56,62.00,0.00,M
NUQ,2017-04-12 10:42,61.00,0.00,5.00
NUQ,2017-04-12 10:51,60.80,0.00,8.00
NUQ,2017-04-12 10:56,60.00,0.00,8.00
NUQ,2017-04-12 11:31,62.00,0.00,9.00
NUQ,2017-04-12 11:56,64.00,0.00,8.00
NUQ,2017-04-12 12:56,64.00,0.00,8.00
NUQ,2017-04-12 13:56,67.00,0.00,12.00
NUQ,2017-04-12 14:56,67.00,0.00,16.00
NUQ,2017-04-12 15:56,68.00,0.00,12.00
NUQ,2017-04-12 16:56,65.00,0.00,11.00
NUQ,2017-04-12 17:56,65.00,0.00,8.00
NUQ,2017-04-12 18:56,62.00,0.00,14.00
NUQ,2017-04-12 19:56,61.00,0.00,15.00
NUQ,2017-04-12 20:56,60.00,0.00,15.00
NUQ,2017-04-12 21:56,59.00,0.00,9.00
NUQ,2017-04-12 22:56,56.00,T,10.00
NUQ,2017-04-12 23:56,55.00,0.01,8.00
NUQ,2017-04-13 00:56,55.00,0.03,8.00
NUQ,2017-04-13 01:13,55.00,T,6.00
NUQ,2017-04-13 01:45,56.00,0.01,4.00
NUQ,2017-04-13 01:56,55.00,0.03,6.00
NUQ,2017-04-13 02:04,55.00,T,3.00
NUQ,2017-04-13 02:19,55.00,T,4.00
NUQ,2017-04-13 02:56,55.00,T,9.00
NUQ,2017-04-13 03:56,51.00,0.00,0.00
NUQ,2017-04-13 04:56,52.00,0.00,3.00
NUQ,2017-04-13 05:56,50.00,0.00,4.00
NUQ,2017-04-13 06:56,52.00,0.01,3.00
NUQ,2017-04-13 07:56,52.00,T,4.00
NUQ,2017-04-13 08:56,57.00,0.00,0.00
NUQ,2017-04-13 09:56,57.00,T,9.00
NUQ,2017-04-13 10:56,58.00,T,11.00
NUQ,2017-04-13 11:56,59.00,0.00,11.00
NUQ,2017-04-13 12:56,61.00,0.00,11.00
NUQ,2017-04-13 13:56,59.00,0.00,10.00
NUQ,2017-04-13 14:56,58.00,T,10.00
NUQ,2017-04-13 15:56,59.00,0.00,8.00
NUQ,2017-04-13 16:56,58.00,0.00,8.00
NUQ,2017-04-13 17:56,59.00,0.00,7.00
NUQ,2017-04-13 18:56,55.00,0.00,9.00
NUQ,2017-04-13 19:56,53.00,0.00,10.00
NUQ,2017-04-13 20:56,52.00,0.00,7.00
NUQ,2017-04-13 21:56,51.00,0.00,3.00
NUQ,2017-04-13 22:56,50.00,0.00,5.00
NUQ,2017-04-13 23:56,50.00,0.00,8.00
NUQ,2017-04-14 00:56,49.00,0.00,4.00
NUQ,2017-04-14 01:56,49.00,0.00,3.00
NUQ,2017-04-14 02:56,48.00,0.00,3.00
NUQ,2017-04-14 03:56,47.00,0.00,3.00
NUQ,2017-04-14 04:56,45.00,0.00,4.00
NUQ,2017-04-14 05:56,47.00,0.00,3.00
NUQ,2017-04-14 06:56,46.00,0.00,0.00
NUQ,2017-04-14 07:56,49.00,0.00,0.00
NUQ,2017-04-14 08:56,52.00,0.00,6.00
NUQ,2017-04-14 09:56,54.00,0.00,12.00
NUQ,2017-04-14 10:56,55.00,0.00,8.00
NUQ,2017-04-14 11:56,57.00,0.00,9.00
NUQ,2017-04-14 12:56,60.00,0.00,9.00
NUQ,2017-04-14 13:56,61.00,0.00,14.00
NUQ,2017-04-14 14:56,62.00,0.00,12.00
NUQ,2017-04-14 15:56,63.00,0.00,10.00
NUQ,2017-04-14 16:56,63.00,0.00,8.00
NUQ,2017-04-14 17:56,61.00,0.00,9.00
NUQ,2017-04-14 18:56,59.00,0.00,10.00
NUQ,2017-04-14 19:56,56.00,0.00,8.00
NUQ,2017-04-14 20:56,53.00,0.00,7.00
NUQ,2017-04-14 21:56,53.00,0.00,6.00
NUQ,2017-04-14 22:56,52.00,0.00,0.00
NUQ,2017-04-14 23:56,52.00,0.00,0.00
NUQ,2017-04-15 00:56,51.00,0.00,0.00
NUQ,2017-04-15 01:56,48.00,0.00,0.00
NUQ,2017-04-15 02:56,47.00,0.00,0.00
NUQ,2017-04-15 03:56,48.00,0.00,0.00
NUQ,2017-04-15 04:56,47.00,0.00,0.00
NUQ,2017-04-15 05:56,46.00,0.00,0.00
NUQ,2017-04-15 06:56,44.00,0.00,0.00
NUQ,2017-04-15 07:56,49.00,0.00,0.00
NUQ,2017-04-15 08:56,53.00,0.00,0.00
NUQ,2017-04-15 09:56,57.00,0.00,3.00
NUQ,2017-04-15 10:56,60.00,0.00,3.00
NUQ,2017-04-15 11:56,63.00,0.00,3.00
NUQ,2017-04-15 12:56,65.00,0.00,5.00
NUQ,2017-04-15 13:56,66.00,0.00,4.00
NUQ,2017-04-15 14:56,68.00,0.00,4.00
NUQ,2017-04-15 15:56,68.00,0.00,7.00
NUQ,2017-04-15 16:56,66.00,0.00,7.00
NUQ,2017-04-15 17:56,65.00,0.00,9.00
NUQ,2017-04-15 18:56,63.00,0.00,7.00
NUQ,2017-04-15 19:56,62.00,0.00,3.00
NUQ,2017-04-15 20:56,60.00,0.00,3.00
NUQ,2017-04-15 21:56,58.00,0.00,3.00
NUQ,2017-04-15 22:56,57.00,0.00,0.00
NUQ,2017-04-15 23:56,58.00,0.00,3.00
NUQ,2017-04-16 00:56,58.00,0.00,0.00
NUQ,2017-04-16 01:56,55.00,0.00,0.00
NUQ,2017-04-16 02:56,54.00,0.00,0.00
NUQ,2017-04-16 03:56,52.00,0.00,0.00
NUQ,2017-04-16 04:56,53.00,0.00,4.00
NUQ,2017-04-16 05:56,52.00,0.00,0.00
NUQ,2017-04-16 06:56,54.00,0.00,0.00
NUQ,2017-04-16 07:56,55.00,0.00,3.00
NUQ,2017-04-16 08:56,58.00,0.00,6.00
NUQ,2017-04-16 09:56,60.00,0.00,7.00
NUQ,2017-04-16 10:56,59.00,0.00,12.00
NUQ,2017-04-16 11:56,61.00,0.00,9.00
NUQ,2017-04-16 12:56,59.00,T,6.00
NUQ,2017-04-16 13:56,53.00,0.02,10.00
NUQ,2017-04-16 14:56,54.00,T,11.00
NUQ,2017-04-16 15:56,54.00,T,14.00
NUQ,2017-04-16 16:56,55.00,T,14.00
NUQ,2017-04-16 17:56,55.00,0.00,10.00
NUQ,2017-04-16 18:56,57.00,0.00,7.00
NUQ,2017-04-16 19:56,56.00,0.00,7.00
NUQ,2017-04-16 20:56,56.00,0.00,8.00
NUQ,2017-04-16 21:56,57.00,0.00,10.00
NUQ,2017-04-16 22:56,57.00,0.00,7.00
NUQ,2017-04-16 23:56,56.00,0.00,6.00
NUQ,2017-04-17 00:56,57.00,0.00,6.00
NUQ,2017-04-17 01:56,57.00,0.00,5.00
NUQ,2017-04-17 02:56,57.00,0.00,5.00
NUQ,2017-04-17 03:56,57.00,0.00,0.00
NUQ,2017-04-17 04:56,57.00,0.00,0.00
NUQ,2017-04-17 05:56,56.00,0.00,5.00
NUQ,2017-04-17 06:56,57.00,0.00,0.00
NUQ,2017-04-17 07:56,58.00,0.00,3.00
NUQ,2017-04-17 08:04,58.00,0.00,0.00
NUQ,2017-04-17 08:52,57.20,0.00,3.00
NUQ,2017-04-17 08:56,59.00,0.00,0.00
NUQ,2017-04-17 09:37,59.00,0.00,3.00
NUQ,2017-04-17 09:56,60.00,0.00,0.00
NUQ,2017-04-17 10:20,61.00,0.00,4.00
NUQ,2017-04-17 10:29,62.00,0.00,7.00
NUQ,2017-04-17 10:37,62.00,0.00,8.00
NUQ,2017-04-17 10:56,62.00,0.00,5.00
NUQ,2017-04-17 11:56,64.00,0.00,0.00
NUQ,2017-04-17 12:19,64.00,0.00,3.00
NUQ,2017-04-17 12:54,64.40,0.00,0.00
NUQ,2017-04-17 12:56,65.00,0.00,4.00
NUQ,2017-04-17 13:26,64.00,0.00,4.00
NUQ,2017-04-17 13:56,62.00,T,5.00
NUQ,2017-04-17 14:56,64.00,T,0.00
NUQ,2017-04-17 15:56,64.00,T,5.00
NUQ,2017-04-17 16:56,62.00,T,3.00
NUQ,2017-04-17 17:56,57.00,0.03,4.00
NUQ,2017-04-17 18:56,58.00,0.01,0.00
NUQ,2017-04-17 19:56,57.00,T,3.00
NUQ,2017-04-17 20:56,57.00,0.00,5.00
NUQ,2017-04-17 21:56,57.00,0.00,0.00
NUQ,2017-04-17 22:25,57.00,0.00,3.00
NUQ,2017-04-17 22:47,57.00,T,0.00
NUQ,2017-04-17 22:56,56.00,T,6.00
NUQ,2017-04-17 23:03,56.00,T,6.00
NUQ,2017-04-17 23:10,56.00,T,4.00
NUQ,2017-04-17 23:35,55.00,0.01,4.00
NUQ,2017-04-17 23:56,55.00,0.03,4.00
NUQ,2017-04-18 00:56,54.00,0.05,0.00
NUQ,2017-04-18 01:56,54.00,0.01,3.00
NUQ,2017-04-18 02:56,54.00,T,0.00
NUQ,2017-04-18 03:04,54.00,T,0.00
NUQ,2017-04-18 03:56,54.00,T,0.00
NUQ,2017-04-18 04:15,54.00,0.00,4.00
NUQ,2017-04-18 04:56,54.00,0.00,0.00
NUQ,2017-04-18 05:07,54.00,0.00,3.00
NUQ,2017-04-18 05:56,55.00,T,0.00
NUQ,2017-04-18 06:26,54.00,T,0.00
NUQ,2017-04-18 06:56,55.00,T,0.00
NUQ,2017-04-18 07:56,55.00,0.00,3.00
NUQ,2017-04-18 08:18,55.00,T,0.00
NUQ,2017-04-18 08:31,56.00,T,3.00
NUQ,2017-04-18 08:56,55.00,T,3.00
NUQ,2017-04-18 09:15,56.00,0.00,0.00
NUQ,2017-04-18 09:42,57.00,0.00,4.00
NUQ,2017-04-18 09:56,57.00,0.00,5.00
NUQ,2017-04-18 10:13,58.00,0.00,6.00
NUQ,2017-04-18 10:30,58.00,0.00,5.00
NUQ,2017-04-18 10:56,60.00,0.00,4.00
NUQ,2017-04-18 11:56,64.00,0.00,10.00
NUQ,2017-04-18 12:56,64.00,0.00,6.00
NUQ,2017-04-18 13:56,64.00,0.00,7.00
NUQ,2017-04-18 14:56,68.00,0.00,7.00
NUQ,2017-04-18 15:56,64.00,0.00,9.00
NUQ,2017-04-18 16:56,66.00,0.00,10.00
NUQ,2017-04-18 17:56,65.00,0.00,9.00
NUQ,2017-04-18 18:56,63.00,0.00,7.00
NUQ,2017-04-18 19:56,59.00,0.00,6.00
NUQ,2017-04-18 20:56,59.00,0.00,4.00
NUQ,2017-04-18 21:56,58.00,0.00,0.00
NUQ,2017-04-18 22:56,56.00,0.00,0.00
NUQ,2017-04-18 23:56,53.00,0.00,0.00
NUQ,2017-04-19 00:56,51.00,0.00,0.00
NUQ,2017-04-19 01:56,50.00,0.00,0.00
NUQ,2017-04-19 02:56,50.00,0.00,0.00
NUQ,2017-04-19 03:56,49.00,0.00,0.00
NUQ,2017-04-19 04:56,47.00,0.00,0.00
NUQ,2017-04-19 05:56,46.00,0.00,0.00
NUQ,2017-04-19 06:56,47.00,0.00,0.00
NUQ,2017-04-19 07:56,51.00,0.00,3.00
NUQ,2017-04-19 08:56,56.00,0.00,5.00
NUQ,2017-04-19 09:56,61.00,0.00,4.00
NUQ,2017-04-19 10:56,65.00,0.00,4.00
NUQ,2017-04-19 11:56,67.00,0.00,4.00
NUQ,2017-04-19 12:56,66.00,0.00,5.00
NUQ,2017-04-19 13:56,68.00,0.00,8.00
NUQ,2017-04-19 14:56,70.00,0.00,5.00
NUQ,2017-04-19 15:56,70.00,0.00,9.00
NUQ,2017-04-19 16:56,68.00,0.00,11.00
NUQ,2017-04-19 17:56,68.00,0.00,8.00
NUQ,2017-04-19 18:56,66.00,0.00,9.00
NUQ,2017-04-19 19:56,63.00,0.00,5.00
NUQ,2017-04-19 20:56,60.00,0.00,5.00
NUQ,2017-04-19 21:56,61.00,0.00,0.00
NUQ,2017-04-19 22:56,61.00,0.00,0.00
NUQ,2017-04-19 23:56,60.00,0.00,0.00
NUQ,2017-04-20 00:56,59.00,0.00,3.00
NUQ,2017-04-20 01:51,55.40,0.03,5.00
NUQ,2017-04-20 01:56,55.00,0.04,7.00
NUQ,2017-04-20 02:04,55.00,0.01,6.00
NUQ,2017-04-20 02:15,55.00,0.02,3.00
NUQ,2017-04-20 02:49,55.00,0.03,4.00
NUQ,2017-04-20 02:56,55.00,0.03,3.00
NUQ,2017-04-20 03:56,54.00,0.04,3.00
NUQ,2017-04-20 04:24,55.00,0.00,0.00
NUQ,2017-04-20 04:56,55.00,0.00,3.00
NUQ,2017-04-20 05:45,54.00,0.00,3.00
NUQ,2017-04-20 05:56,55.00,0.00,3.00
NUQ,2017-04-20 06:04,55.00,0.00,0.00
NUQ,2017-04-20 06:32,53.00,0.00,3.00
NUQ,2017-04-20 06:56,55.00,0.00,0.00
NUQ,2017-04-20 07:07,55.00,0.00,0.00
NUQ,2017-04-20 07:14,55.00,0.00,0.00
NUQ,2017-04-20 07:44,55.00,0.00,0.00
NUQ,2017-04-20 07:56,56.00,0.00,0.00
NUQ,2017-04-20 08:56,57.00,0.00,3.00
NUQ,2017-04-20 09:03,58.00,0.00,3.00
NUQ,2017-04-20 09:15,60.00,0.00,3.00
NUQ,2017-04-20 09:53,60.80,0.00,5.00
NUQ,2017-04-20 09:56,61.00,0.00,6.00
NUQ,2017-04-20 10:56,62.00,0.00,9.00
NUQ,2017-04-20 11:56,63.00,0.00,6.00
NUQ,2017-04-20 12:56,66.00,0.00,10.00
NUQ,2017-04-20 13:56,66.00,0.00,11.00
NUQ,2017-04-20 14:56,68.00,0.00,6.00
NUQ,2017-04-20 15:56,68.00,0.00,10.00
NUQ,2017-04-20 16:56,68.00,0.00,9.00
NUQ,2017-04-20 17:56,66.00,0.00,9.00
NUQ,2017-04-20 18:56,63.00,0.00,8.00
NUQ,2017-04-20 19:56,60.00,0.00,6.00
NUQ,2017-04-20 20:56,58.00,0.00,6.00
NUQ,2017-04-20 21:56,58.00,0.00,5.00
NUQ,2017-04-20 22:56,57.00,0.00,4.00
NUQ,2017-04-20 23:56,56.00,0.00,3.00
NUQ,2017-04-21 00:56,56.00,0.00,3.00
NUQ,2017-04-21 01:56,55.00,0.00,4.00
NUQ,2017-04-21 02:56,54.00,0.00,4.00
NUQ,2017-04-21 03:56,54.00,0.00,4.00
NUQ,2017-04-21 04:56,54.00,0.00,4.00
NUQ,2017-04-21 05:56,53.00,0.00,3.00
NUQ,2017-04-21 06:56,54.00,0.00,3.00
NUQ,2017-04-21 07:56,57.00,0.00,0.00
NUQ,2017-04-21 08:56,60.00,0.00,5.00
NUQ,2017-04-21 09:56,63.00,0.00,5.00
NUQ,2017-04-21 10:56,67.00,0.00,6.00
NUQ,2017-04-21 11:56,69.00,0.00,6.00
NUQ,2017-04-21 12:56,73.00,0.00,4.00
NUQ,2017-04-21 13:56,75.00,0.00,6.00
NUQ,2017-04-21 14:56,75.00,0.00,10.00
NUQ,2017-04-21 15:56,76.00,0.00,8.00
NUQ,2017-04-21 16:56,75.00,0.00,10.00
NUQ,2017-04-21 17:56,75.00,0.00,8.00
NUQ,2017-04-21 18:56,70.00,0.00,10.00
NUQ,2017-04-21 19:56,65.00,0.00,11.00
NUQ,2017-04-21 20:56,62.00,0.00,9.00
NUQ,2017-04-21 21:56,61.00,0.00,7.00
NUQ,2017-04-21 22:56,60.00,0.00,4.00
NUQ,2017-04-21 23:56,58.00,0.00,3.00
NUQ,2017-04-22 00:56,57.00,0.00,4.00
NUQ,2017-04-22 01:56,56.00,0.00,0.00
NUQ,2017-04-22 02:56,55.00,0.00,3.00
NUQ,2017-04-22 03:56,54.00,0.00,4.00
NUQ,2017-04-22 04:56,54.00,0.00,3.00
NUQ,2017-04-22 05:56,51.00,0.00,0.00
NUQ,2017-04-22 06:56,51.00,0.00,0.00
NUQ,2017-04-22 07:56,55.00,0.00,0.00
NUQ,2017-04-22 08:56,62.00,0.00,0.00
NUQ,2017-04-22 09:56,64.00,0.00,3.00
NUQ,2017-04-22 10:56,67.00,0.00,9.00
NUQ,2017-04-22 11:56,66.00,0.00,11.00
NUQ,2017-04-22 12:56,66.00,0.00,15.00
NUQ,2017-04-22 13:56,65.00,0.00,15.00
NUQ,2017-04-22 14:56,65.00,0.00,17.00
NUQ,2017-04-22 15:56,66.00,0.00,13.00
NUQ,2017-04-22 16:56,65.00,0.00,12.00
NUQ,2017-04-22 17:56,64.00,0.00,13.00
NUQ,2017-04-22 18:56,62.00,0.00,10.00
NUQ,2017-04-22 19:56,61.00,0.00,7.00
NUQ,2017-04-22 20:56,57.00,0.00,6.00
NUQ,2017-04-22 21:56,57.00,0.00,7.00
NUQ,2017-04-22 22:56,55.00,0.00,8.00
NUQ,2017-04-22 23:56,54.00,0.00,7.00
NUQ,2017-04-23 00:56,54.00,0.00,5.00
NUQ,2017-04-23 01:56,53.00,0.00,4.00
NUQ,2017-04-23 02:56,53.00,0.00,3.00
NUQ,2017-04-23 03:56,53.00,0.00,4.00
NUQ,2017-04-23 04:56,54.00,0.00,5.00
NUQ,2017-04-23 05:56,54.00,0.00,5.00
NUQ,2017-04-23 06:56,54.00,0.00,6.00
NUQ,2017-04-23 07:56,56.00,0.00,6.00
NUQ,2017-04-23 08:56,59.00,0.00,6.00
NUQ,2017-04-23 09:56,62.00,0.00,5.00
NUQ,2017-04-23 10:56,64.00,0.00,11.00
NUQ,2017-04-23 11:56,65.00,0.00,7.00
NUQ,2017-04-23 12:56,65.00,0.00,9.00
NUQ,2017-04-23 13:56,66.00,0.00,9.00
NUQ,2017-04-23 14:56,66.00,0.00,11.00
NUQ,2017-04-23 15:56,66.00,0.00,9.00
NUQ,2017-04-23 16:56,65.00,0.00,9.00
NUQ,2017-04-23 17:56,62.00,0.00,10.00
NUQ,2017-04-23 18:56,60.00,0.00,7.00
NUQ,2017-04-23 19:56,57.00,0.00,8.00
NUQ,2017-04-23 20:56,56.00,0.00,4.00
NUQ,2017-04-23 21:56,54.00,0.00,4.00
NUQ,2017-04-23 22:56,55.00,0.00,3.00
NUQ,2017-04-23 23:56,54.00,0.00,0.00
NUQ,2017-04-24 00:56,53.00,0.00,3.00
NUQ,2017-04-24 01:56,53.00,0.00,6.00
NUQ,2017-04-24 02:18,53.00,0.00,3.00
NUQ,2017-04-24 02:56,53.00,0.00,3.00
NUQ,2017-04-24 03:43,53.00,0.00,3.00
NUQ,2017-04-24 03:56,54.00,0.00,4.00
NUQ,2017-04-24 04:13,54.00,0.00,3.00
NUQ,2017-04-24 04:56,54.00,0.00,4.00
NUQ,2017-04-24 05:56,54.00,0.00,3.00
NUQ,2017-04-24 06:56,55.00,0.00,0.00
NUQ,2017-04-24 07:56,55.00,0.00,3.00
NUQ,2017-04-24 08:56,57.00,0.00,5.00
NUQ,2017-04-24 09:29,58.00,0.00,3.00
NUQ,2017-04-24 09:56,58.00,0.00,9.00
NUQ,2017-04-24 10:56,59.00,0.00,5.00
NUQ,2017-04-24 11:37,60.00,0.00,10.00
NUQ,2017-04-24 11:56,61.00,0.00,6.00
NUQ,2017-04-24 12:18,60.00,0.00,5.00
NUQ,2017-04-24 12:56,61.00,0.00,4.00
NUQ,2017-04-24 13:56,61.00,0.00,7.00
NUQ,2017-04-24 14:32,62.00,T,8.00
NUQ,2017-04-24 14:56,62.00,T,9.00
NUQ,2017-04-24 15:28,62.00,0.00,7.00
NUQ,2017-04-24 15:56,61.00,0.00,6.00
NUQ,2017-04-24 16:28,62.00,T,9.00
NUQ,2017-04-24 16:56,62.00,T,9.00
NUQ,2017-04-24 17:56,61.00,0.00,8.00
NUQ,2017-04-24 18:04,61.00,0.00,9.00
NUQ,2017-04-24 18:56,60.00,0.00,9.00
NUQ,2017-04-24 19:56,58.00,0.00,7.00
NUQ,2017-04-24 20:34,57.00,0.00,5.00
NUQ,2017-04-24 20:43,57.00,0.00,5.00
NUQ,2017-04-24 20:56,57.00,0.00,4.00
NUQ,2017-04-24 21:12,57.00,0.00,3.00
NUQ,2017-04-24 21:34,56.00,0.00,7.00
NUQ,2017-04-24 21:56,55.00,0.00,9.00
NUQ,2017-04-24 22:56,55.00,0.00,6.00
NUQ,2017-04-24 23:12,55.00,0.00,4.00
NUQ,2017-04-24 23:56,54.00,0.00,4.00
NUQ,2017-04-25 00:37,54.00,0.00,6.00
NUQ,2017-04-25 00:48,54.00,0.00,6.00
NUQ,2017-04-25 00:56,54.00,0.00,4.00
NUQ,2017-04-25 01:56,53.00,0.00,3.00
NUQ,2017-04-25 02:56,52.00,0.00,0.00
NUQ,2017-04-25 03:56,52.00,0.00,5.00
NUQ,2017-04-25 04:56,53.00,0.00,3.00
NUQ,2017-04-25 05:56,53.00,0.00,0.00
NUQ,2017-04-25 06:56,53.00,0.00,3.00
NUQ,2017-04-25 07:56,55.00,0.00,3.00
NUQ,2017-04-25 08:56,58.00,0.00,0.00
NUQ,2017-04-25 09:56,60.00,0.00,10.00
NUQ,2017-04-25 10:56,62.00,0.00,13.00
NUQ,2017-04-25 11:56,63.00,0.00,14.00
NUQ,2017-04-25 12:56,63.00,0.00,13.00
NUQ,2017-04-25 13:56,65.00,0.00,14.00
NUQ,2017-04-25 14:56,65.00,0.00,16.00
NUQ,2017-04-25 15:56,66.00,0.00,15.00
NUQ,2017-04-25 16:56,65.00,0.00,10.00
NUQ,2017-04-25 17:56,63.00,0.00,10.00
NUQ,2017-04-25 18:56,62.00,0.00,9.00
NUQ,2017-04-25 19:56,61.00,0.00,5.00
NUQ,2017-04-25 20:56,58.00,0.00,4.00
NUQ,2017-04-25 21:56,57.00,0.00,4.00
NUQ,2017-04-25 22:56,58.00,0.00,4.00
NUQ,2017-04-25 23:56,57.00,0.00,0.00
NUQ,2017-04-26 00:12,58.00,0.00,0.00
NUQ,2017-04-26 00:24,57.00,0.00,0.00
NUQ,2017-04-26 00:56,57.00,0.00,0.00
NUQ,2017-04-26 01:35,58.00,0.00,3.00
NUQ,2017-04-26 01:56,58.00,0.00,3.00
NUQ,2017-04-26 02:56,57.00,0.00,3.00
NUQ,2017-04-26 03:05,57.00,0.00,0.00
NUQ,2017-04-26 03:56,57.00,0.00,3.00
NUQ,2017-04-26 04:40,56.00,0.00,3.00
NUQ,2017-04-26 04:56,57.00,0.00,0.00
NUQ,2017-04-26 05:56,57.00,0.00,0.00
NUQ,2017-04-26 06:56,57.00,0.00,0.00
NUQ,2017-04-26 07:56,59.00,0.00,4.00
NUQ,2017-04-26 08:56,61.00,0.00,4.00
NUQ,2017-04-26 09:56,63.00,0.00,6.00
NUQ,2017-04-26 10:56,63.00,0.00,4.00
NUQ,2017-04-26 11:56,64.00,0.00,7.00
NUQ,2017-04-26 12:56,64.00,0.00,7.00
NUQ,2017-04-26 13:56,65.00,0.00,3.00
NUQ,2017-04-26 14:56,66.00,0.00,9.00
NUQ,2017-04-26 15:56,66.00,0.00,15.00
NUQ,2017-04-26 16:56,64.00,0.00,11.00
NUQ,2017-04-26 17:41,62.00,0.00,11.00
NUQ,2017-04-26 17:56,62.00,0.00,12.00
NUQ,2017-04-26 18:56,61.00,0.00,8.00
NUQ,2017-04-26 19:56,60.00,0.00,8.00
NUQ,2017-04-26 20:36,59.00,0.00,9.00
NUQ,2017-04-26 20:56,58.00,0.00,10.00
NUQ,2017-04-26 21:13,58.00,0.00,5.00
NUQ,2017-04-26 21:48,58.00,0.00,3.00
NUQ,2017-04-26 21:56,58.00,0.00,3.00
NUQ,2017-04-26 22:56,57.00,0.00,7.00
NUQ,2017-04-26 23:56,56.00,0.00,6.00
NUQ,2017-04-27 00:04,55.00,0.00,7.00
NUQ,2017-04-27 00:56,55.00,0.00,6.00
NUQ,2017-04-27 01:56,53.00,0.00,5.00
NUQ,2017-04-27 02:42,54.00,0.00,0.00
NUQ,2017-04-27 02:56,54.00,0.00,3.00
NUQ,2017-04-27 03:20,53.00,0.00,3.00
NUQ,2017-04-27 03:56,53.00,0.00,3.00
NUQ,2017-04-27 04:56,51.00,0.00,4.00
NUQ,2017-04-27 05:56,52.00,0.00,0.00
NUQ,2017-04-27 06:56,52.00,0.00,0.00
NUQ,2017-04-27 07:23,54.00,0.00,0.00
NUQ,2017-04-27 07:56,54.00,0.00,4.00
NUQ,2017-04-27 08:56,57.00,0.00,4.00
NUQ,2017-04-27 09:56,60.00,0.00,0.00
NUQ,2017-04-27 10:56,63.00,0.00,9.00
NUQ,2017-04-27 11:56,65.00,0.00,9.00
NUQ,2017-04-27 12:56,66.00,0.00,12.00
NUQ,2017-04-27 13:56,68.00,0.00,17.00
NUQ,2017-04-27 14:56,70.00,0.00,15.00
NUQ,2017-04-27 15:56,67.00,0.00,14.00
NUQ,2017-04-27 16:56,67.00,0.00,12.00
NUQ,2017-04-27 17:56,65.00,0.00,12.00
NUQ,2017-04-27 18:56,64.00,0.00,10.00
NUQ,2017-04-27 19:56,60.00,0.00,14.00
NUQ,2017-04-27 20:56,58.00,0.00,14.00
NUQ,2017-04-27 21:56,57.00,0.00,8.00
NUQ,2017-04-27 22:56,56.00,0.00,5.00
NUQ,2017-04-27 23:56,56.00,0.00,8.00
NUQ,2017-04-28 00:56,54.00,0.00,3.00
NUQ,2017-04-28 01:56,54.00,0.00,3.00
NUQ,2017-04-28 02:56,53.00,0.00,0.00
NUQ,2017-04-28 03:56,50.00,0.00,0.00
NUQ,2017-04-28 04:56,51.00,0.00,0.00
NUQ,2017-04-28 05:56,50.00,0.00,0.00
NUQ,2017-04-28 06:56,50.00,0.00,0.00
NUQ,2017-04-28 07:56,55.00,0.00,0.00
NUQ,2017-04-28 08:56,58.00,0.00,5.00
NUQ,2017-04-28 09:56,61.00,0.00,6.00
NUQ,2017-04-28 10:56,64.00,0.00,8.00
NUQ,2017-04-28 11:56,66.00,0.00,10.00
NUQ,2017-04-28 12:56,70.00,0.00,10.00
NUQ,2017-04-28 13:56,72.00,0.00,10.00
NUQ,2017-04-28 14:56,73.00,0.00,13.00
NUQ,2017-04-28 15:56,74.00,0.00,11.00
NUQ,2017-04-28 16:56,74.00,0.00,14.00
NUQ,2017-04-28 17:56,73.00,0.00,9.00
NUQ,2017-04-28 18:56,70.00,0.00,10.00
NUQ,2017-04-28 19:56,64.00,0.00,8.00
NUQ,2017-04-28 20:56,61.00,0.00,3.00
NUQ,2017-04-28 21:56,59.00,0.00,0.00
NUQ,2017-04-28 22:56,61.00,0.00,4.00
NUQ,2017-04-28 23:56,60.00,0.00,0.00
NUQ,2017-04-29 00:56,60.00,0.00,5.00
NUQ,2017-04-29 01:56,59.00,0.00,4.00
NUQ,2017-04-29 02:56,60.00,0.00,5.00
NUQ,2017-04-29 03:56,59.00,0.00,5.00
NUQ,2017-04-29 04:56,57.00,0.00,7.00
NUQ,2017-04-29 05:56,55.00,0.00,0.00
NUQ,2017-04-29 06:56,57.00,0.00,4.00
NUQ,2017-04-29 07:56,63.00,0.00,0.00
NUQ,2017-04-29 08:56,67.00,0.00,4.00
NUQ,2017-04-29 09:56,70.00,0.00,6.00
NUQ,2017-04-29 10:56,73.00,0.00,7.00
NUQ,2017-04-29 11:56,75.00,0.00,6.00
NUQ,2017-04-29 12:56,76.00,0.00,8.00
NUQ,2017-04-29 13:56,77.00,0.00,9.00
NUQ,2017-04-29 14:56,79.00,0.00,6.00
NUQ,2017-04-29 15:56,79.00,0.00,10.00
NUQ,2017-04-29 16:56,77.00,0.00,12.00
NUQ,2017-04-29 17:56,73.00,0.00,11.00
NUQ,2017-04-29 18:56,70.00,0.00,10.00
NUQ,2017-04-29 19:56,65.00,0.00,10.00
NUQ,2017-04-29 20:56,63.00,0.00,9.00
NUQ,2017-04-29 21:56,60.00,0.00,4.00
NUQ,2017-04-29 22:56,57.00,0.00,6.00
NUQ,2017-04-29 23:56,56.00,0.00,5.00
NUQ,2017-04-30 00:56,56.00,0.00,0.00
NUQ,2017-04-30 01:56,56.00,0.00,4.00
NUQ,2017-04-30 02:56,56.00,0.00,0.00
NUQ,2017-04-30 03:56,56.00,0.00,0.00
NUQ,2017-04-30 04:56,54.00,0.00,0.00
NUQ,2017-04-30 05:56,53.00,0.00,0.00
NUQ,2017-04-30 06:56,53.00,0.00,0.00
NUQ,2017-04-30 07:56,57.00,0.00,3.00
NUQ,2017-04-30 08:56,61.00,0.00,3.00
NUQ,2017-04-30 09:56,64.00,0.00,4.00
NUQ,2017-04-30 10:56,67.00,0.00,6.00
NUQ,2017-04-30 11:56,71.00,0.00,6.00
NUQ,2017-04-30 12:56,75.00,0.00,8.00
NUQ,2017-04-30 13:56,75.00,0.00,11.00
NUQ,2017-04-30 14:56,76.00,0.00,11.00
NUQ,2017-04-30 15:56,76.00,0.00,13.00
NUQ,2017-04-30 16:56,74.00,0.00,12.00
NUQ,2017-04-30 17:56,71.00,0.00,13.00
NUQ,2017-04-30 18:56,67.00,0.00,13.00
NUQ,2017-04-30 19:56,64.00,0.00,7.00
NUQ,2017-04-30 20:56,62.00,0.00,4.00
NUQ,2017-04-30 21:56,61.00,0.00,7.00
NUQ,2017-04-30 22:56,60.00,0.00,3.00
NUQ,2017-04-30 23:56,60.00,0.00,3.00
NUQ,2017-05-01 00:56,59.00,0.00,3.00
NUQ,2017-05-01 01:56,59.00,0.00,3.00
NUQ,2017-05-01 02:56,59.00,0.00,0.00
NUQ,2017-05-01 03:56,58.00,0.00,0.00
NUQ,2017-05-01 04:56,57.00,0.00,0.00
NUQ,2017-05-01 05:56,56.00,0.00,0.00
NUQ,2017-05-01 06:56,57.00,0.00,0.00
NUQ,2017-05-01 07:56,62.00,0.00,0.00
NUQ,2017-05-01 08:56,66.00,0.00,5.00
NUQ,2017-05-01 09:56,71.00,0.00,6.00
NUQ,2017-05-01 10:56,74.00,0.00,6.00
NUQ,2017-05-01 11:56,80.00,0.00,7.00
NUQ,2017-05-01 12:56,82.00,0.00,12.00
NUQ,2017-05-01 13:56,85.00,0.00,9.00
NUQ,2017-05-01 14:56,87.00,0.00,9.00
NUQ,2017-05-01 15:56,87.00,0.00,10.00
NUQ,2017-05-01 16:56,86.00,0.00,10.00
NUQ,2017-05-01 17:56,86.00,0.00,6.00
NUQ,2017-05-01 18:56,76.00,0.00,9.00
NUQ,2017-05-01 19:56,72.00,0.00,7.00
NUQ,2017-05-01 20:56,68.00,0.00,7.00
NUQ,2017-05-01 21:56,68.00,0.00,4.00
NUQ,2017-05-01 22:56,67.00,0.00,3.00
NUQ,2017-05-01 23:56,65.00,0.00,5.00
NUQ,2017-05-02 00:56,65.00,0.00,3.00
NUQ,2017-05-02 01:56,65.00,0.00,0.00
NUQ,2017-05-02 02:56,61.00,0.00,5.00
NUQ,2017-05-02 03:56,63.00,0.00,0.00
NUQ,2017-05-02 04:56,60.00,0.00,4.00
NUQ,2017-05-02 05:56,61.00,0.00,0.00
NUQ,2017-05-02 06:56,63.00,0.00,0.00
NUQ,2017-05-02 07:56,67.00,0.00,0.00
NUQ,2017-05-02 08:56,71.00,0.00,3.00
NUQ,2017-05-02 09:56,74.00,0.00,5.00
NUQ,2017-05-02 10:56,79.00,0.00,7.00
NUQ,2017-05-02 11:56,82.00,0.00,11.00
NUQ,2017-05-02 12:56,84.00,0.00,10.00
NUQ,2017-05-02 13:56,87.00,0.00,9.00
NUQ,2017-05-02 14:56,89.00,0.00,8.00
NUQ,2017-05-02 15:56,90.00,0.00,10.00
NUQ,2017-05-02 16:56,89.00,0.00,9.00
NUQ,2017-05-02 17:56,86.00,0.00,8.00
NUQ,2017-05-02 18:56,75.00,0.00,10.00
NUQ,2017-05-02 19:56,71.00,0.00,7.00
NUQ,2017-05-02 20:56,69.00,0.00,10.00
NUQ,2017-05-02 21:56,67.00,0.00,4.00
NUQ,2017-05-02 22:56,66.00,0.00,3.00
NUQ,2017-05-02 23:56,66.00,0.00,0.00
NUQ,2017-05-03 00:56,64.00,0.00,3.00
NUQ,2017-05-03 01:56,66.00,0.00,0.00
NUQ,2017-05-03 02:56,64.00,0.00,0.00
NUQ,2017-05-03 03:56,63.00,0.00,0.00
NUQ,2017-05-03 04:56,62.00,0.00,0.00
NUQ,2017-05-03 05:56,64.00,0.00,0.00
NUQ,2017-05-03 06:56,63.00,0.00,0.00
NUQ,2017-05-03 07:56,69.00,0.00,0.00
NUQ,2017-05-03 08:56,73.00,0.00,3.00
NUQ,2017-05-03 09:56,76.00,0.00,6.00
NUQ,2017-05-03 10:56,80.00,0.00,5.00
NUQ,2017-05-03 11:56,85.00,0.00,5.00
NUQ,2017-05-03 12:56,87.00,0.00,0.00
NUQ,2017-05-03 13:56,89.00,0.00,4.00
NUQ,2017-05-03 14:56,89.00,0.00,11.00
NUQ,2017-05-03 15:56,88.00,0.00,9.00
NUQ,2017-05-03 16:56,85.00,0.00,9.00
NUQ,2017-05-03 17:56,80.00,0.00,12.00
NUQ,2017-05-03 18:56,75.00,0.00,10.00
NUQ,2017-05-03 19:56,70.00,0.00,6.00
NUQ,2017-05-03 20:56,67.00,0.00,4.00
NUQ,2017-05-03 21:56,66.00,0.00,3.00
NUQ,2017-05-03 22:56,64.00,0.00,3.00
NUQ,2017-05-03 23:56,64.00,0.00,3.00
NUQ,2017-05-04 00:56,63.00,0.00,3.00
NUQ,2017-05-04 01:56,62.00,0.00,3.00
NUQ,2017-05-04 02:56,60.00,0.00,3.00
NUQ,2017-05-04 03:56,59.00,0.00,4.00
NUQ,2017-05-04 04:56,59.00,0.00,0.00
NUQ,2017-05-04 05:56,59.00,0.00,3.00
NUQ,2017-05-04 06:56,59.00,0.00,3.00
NUQ,2017-05-04 07:56,61.00,0.00,4.00
NUQ,2017-05-04 08:56,63.00,0.00,6.00
NUQ,2017-05-04 09:56,66.00,0.00,7.00
NUQ,2017-05-04 10:56,68.00,0.00,7.00
NUQ,2017-05-04 11:56,70.00,0.00,8.00
NUQ,2017-05-04 12:56,73.00,0.00,10.00
NUQ,2017-05-04 13:56,72.00,0.00,13.00
NUQ,2017-05-04 14:56,70.00,0.00,12.00
NUQ,2017-05-04 15:56,69.00,0.00,12.00
NUQ,2017-05-04 16:56,67.00,0.00,13.00
NUQ,2017-05-04 17:56,66.00,0.00,10.00
NUQ,2017-05-04 18:56,64.00,0.00,10.00
NUQ,2017-05-04 19:56,61.00,0.00,10.00
NUQ,2017-05-04 20:07,61.00,0.00,8.00
NUQ,2017-05-04 20:45,59.00,0.00,14.00
NUQ,2017-05-04 20:56,59.00,0.00,8.00
NUQ,2017-05-04 21:56,58.00,0.00,11.00
NUQ,2017-05-04 22:07,58.00,0.00,7.00
NUQ,2017-05-04 22:21,58.00,0.00,8.00
NUQ,2017-05-04 22:56,58.00,0.00,9.00
NUQ,2017-05-04 23:51,57.20,0.00,7.00
NUQ,2017-05-04 23:56,58.00,0.00,6.00
NUQ,2017-05-05 00:28,58.00,0.00,4.00
NUQ,2017-05-05 00:56,58.00,0.00,4.00
NUQ,2017-05-05 01:56,58.00,0.00,5.00
NUQ,2017-05-05 02:56,58.00,0.00,0.00
NUQ,2017-05-05 03:42,58.00,0.00,6.00
NUQ,2017-05-05 03:56,57.00,0.00,8.00
NUQ,2017-05-05 04:20,56.00,0.00,7.00
NUQ,2017-05-05 04:29,56.00,0.00,8.00
NUQ,2017-05-05 04:56,55.00,0.00,6.00
NUQ,2017-05-05 05:56,54.00,0.00,6.00
NUQ,2017-05-05 06:56,56.00,0.00,4.00
NUQ,2017-05-05 07:56,57.00,0.00,4.00
NUQ,2017-05-05 08:13,58.00,0.00,0.00
NUQ,2017-05-05 08:56,60.00,0.00,0.00
NUQ,2017-05-05 09:25,62.00,0.00,5.00
NUQ,2017-05-05 09:32,62.00,0.00,6.00
NUQ,2017-05-05 09:56,62.00,0.00,11.00
NUQ,2017-05-05 10:56,65.00,0.00,11.00
NUQ,2017-05-05 11:56,68.00,0.00,5.00
NUQ,2017-05-05 12:56,69.00,0.00,8.00
NUQ,2017-05-05 13:56,69.00,0.00,9.00
NUQ,2017-05-05 14:56,68.00,0.00,12.00
NUQ,2017-05-05 15:56,66.00,0.00,12.00
NUQ,2017-05-05 16:56,64.00,0.00,11.00
NUQ,2017-05-05 17:56,62.00,0.00,16.00
NUQ,2017-05-05 18:56,59.00,0.00,11.00
NUQ,2017-05-05 19:56,56.00,0.00,5.00
NUQ,2017-05-05 20:56,55.00,0.00,9.00
NUQ,2017-05-05 21:56,54.00,0.00,9.00
NUQ,2017-05-05 22:56,54.00,0.00,8.00
NUQ,2017-05-05 23:56,54.00,0.00,7.00
NUQ,2017-05-06 00:56,52.00,0.00,11.00
NUQ,2017-05-06 01:56,52.00,0.00,8.00
NUQ,2017-05-06 02:56,52.00,0.00,7.00
NUQ,2017-05-06 03:56,52.00,0.00,10.00
NUQ,2017-05-06 04:56,52.00,0.00,8.00
NUQ,2017-05-06 05:38,51.00,0.00,7.00
NUQ,2017-05-06 05:56,51.00,0.00,11.00
NUQ,2017-05-06 06:56,51.00,0.00,7.00
NUQ,2017-05-06 07:56,53.00,0.00,7.00
NUQ,2017-05-06 08:56,55.00,0.00,10.00
NUQ,2017-05-06 09:56,57.00,0.00,9.00
NUQ,2017-05-06 10:56,59.00,0.00,4.00
NUQ,2017-05-06 11:56,60.00,0.00,7.00
NUQ,2017-05-06 12:56,61.00,0.00,8.00
NUQ,2017-05-06 13:56,59.00,0.00,10.00
NUQ,2017-05-06 14:56,60.00,0.00,8.00
NUQ,2017-05-06 15:56,64.00,0.00,M
NUQ,2017-05-06 16:56,62.00,0.00,14.00
NUQ,2017-05-06 17:56,64.00,0.00,13.00
NUQ,2017-05-06 18:56,61.00,0.00,10.00
NUQ,2017-05-06 19:56,58.00,0.00,7.00
NUQ,2017-05-06 20:56,58.00,0.00,3.00
NUQ,2017-05-06 21:56,57.00,0.00,0.00
NUQ,2017-05-06 22:56,55.00,0.00,3.00
NUQ,2017-05-06 23:56,55.00,0.00,3.00
NUQ,2017-05-07 00:56,57.00,0.00,3.00
NUQ,2017-05-07 01:56,56.00,0.00,3.00
NUQ,2017-05-07 02:56,55.00,0.00,3.00
NUQ,2017-05-07 03:56,54.00,0.00,0.00
NUQ,2017-05-07 04:56,53.00,0.00,3.00
NUQ,2017-05-07 05:56,52.00,0.00,0.00
NUQ,2017-05-07 06:56,52.00,0.00,4.00
NUQ,2017-05-07 07:56,52.00,0.00,4.00
NUQ,2017-05-07 08:56,58.00,0.00,4.00
NUQ,2017-05-07 09:56,61.00,0.00,0.00
NUQ,2017-05-07 10:56,66.00,0.00,0.00
NUQ,2017-05-07 11:56,69.00,0.00,5.00
NUQ,2017-05-07 12:56,72.00,0.00,5.00
NUQ,2017-05-07 13:56,74.00,0.00,9.00
NUQ,2017-05-07 14:56,74.00,T,13.00
NUQ,2017-05-07 15:56,74.00,0.00,13.00
NUQ,2017-05-07 16:56,73.00,0.00,16.00
NUQ,2017-05-07 17:56,71.00,0.00,6.00
NUQ,2017-05-07 18:56,69.00,0.00,9.00
NUQ,2017-05-07 19:56,66.00,0.00,5.00
NUQ,2017-05-07 20:56,64.00,0.00,7.00
NUQ,2017-05-07 21:56,59.00,0.00,6.00
NUQ,2017-05-07 22:56,59.00,0.00,0.00
NUQ,2017-05-07 23:56,59.00,0.00,0.00
NUQ,2017-05-08 00:56,56.00,0.00,4.00
NUQ,2017-05-08 01:56,54.00,0.00,5.00
NUQ,2017-05-08 02:56,55.00,0.00,0.00
NUQ,2017-05-08 03:56,52.00,0.00,3.00
NUQ,2017-05-08 04:56,54.00,0.00,4.00
NUQ,2017-05-08 05:56,53.00,0.00,3.00
NUQ,2017-05-08 06:56,53.00,0.00,4.00
NUQ,2017-05-08 07:56,56.00,0.00,5.00
NUQ,2017-05-08 08:56,59.00,0.00,4.00
NUQ,2017-05-08 09:56,64.00,0.00,0.00
NUQ,2017-05-08 10:56,68.00,0.00,6.00
NUQ,2017-05-08 11:56,69.00,0.00,7.00
NUQ,2017-05-08 12:56,71.00,0.00,10.00
NUQ,2017-05-08 13:56,73.00,0.00,11.00
NUQ,2017-05-08 14:56,73.00,0.00,10.00
NUQ,2017-05-08 15:56,72.00,0.00,12.00
NUQ,2017-05-08 16:56,71.00,0.00,11.00
NUQ,2017-05-08 17:56,68.00,0.00,8.00
NUQ,2017-05-08 18:56,65.00,0.00,11.00
NUQ,2017-05-08 19:56,61.00,0.00,11.00
NUQ,2017-05-08 20:56,59.00,0.00,6.00
NUQ,2017-05-08 21:56,58.00,0.00,4.00
NUQ,2017-05-08 22:56,57.00,0.00,0.00
NUQ,2017-05-08 23:56,57.00,0.00,0.00
NUQ,2017-05-09 00:56,56.00,0.00,4.00
NUQ,2017-05-09 01:56,57.00,0.00,0.00
NUQ,2017-05-09 02:56,57.00,0.00,0.00
NUQ,2017-05-09 03:56,55.00,0.00,0.00
NUQ,2017-05-09 04:56,56.00,0.00,0.00
NUQ,2017-05-09 05:56,55.00,0.00,0.00
NUQ,2017-05-09 06:56,56.00,0.00,0.00
NUQ,2017-05-09 07:56,58.00,0.00,3.00
NUQ,2017-05-09 08:56,62.00,0.00,0.00
NUQ,2017-05-09 09:56,66.00,0.00,3.00
NUQ,2017-05-09 10:56,69.00,0.00,4.00
NUQ,2017-05-09 11:56,72.00,0.00,8.00
NUQ,2017-05-09 12:56,76.00,0.00,8.00
NUQ,2017-05-09 13:56,77.00,0.00,10.00
NUQ,2017-05-09 14:56,78.00,0.00,11.00
NUQ,2017-05-09 15:56,74.00,0.00,11.00
NUQ,2017-05-09 16:56,72.00,0.00,7.00
NUQ,2017-05-09 17:56,68.00,0.00,13.00
NUQ,2017-05-09 18:56,66.00,0.00,11.00
NUQ,2017-05-09 19:56,61.00,0.00,10.00
NUQ,2017-05-09 20:56,59.00,0.00,8.00
NUQ,2017-05-09 21:56,57.00,0.00,7.00
NUQ,2017-05-09 22:56,56.00,0.00,4.00
NUQ,2017-05-09 23:56,57.00,0.00,5.00
NUQ,2017-05-10 00:56,55.00,0.00,6.00
NUQ,2017-05-10 01:56,55.00,0.00,7.00
NUQ,2017-05-10 02:56,53.00,0.00,5.00
NUQ,2017-05-10 03:56,54.00,0.00,6.00
NUQ,2017-05-10 04:56,54.00,0.00,0.00
NUQ,2017-05-10 05:56,53.00,0.00,0.00
NUQ,2017-05-10 06:56,55.00,0.00,0.00
NUQ,2017-05-10 07:56,58.00,0.00,3.00
NUQ,2017-05-10 08:56,61.00,0.00,4.00
NUQ,2017-05-10 09:56,63.00,0.00,3.00
NUQ,2017-05-10 10:56,66.00,0.00,4.00
NUQ,2017-05-10 11:56,69.00,0.00,3.00
NUQ,2017-05-10 12:56,70.00,0.00,8.00
NUQ,2017-05-10 13:56,71.00,0.00,9.00
NUQ,2017-05-10 14:56,70.00,0.00,11.00
NUQ,2017-05-10 15:56,71.00,0.00,8.00
NUQ,2017-05-10 16:56,70.00,0.00,11.00
NUQ,2017-05-10 17:56,69.00,0.00,12.00
NUQ,2017-05-10 18:56,66.00,0.00,13.00
NUQ,2017-05-10 19:56,62.00,0.00,7.00
NUQ,2017-05-10 20:56,58.00,0.00,11.00
NUQ,2017-05-10 21:56,57.00,0.00,7.00
NUQ,2017-05-10 22:56,56.00,0.00,8.00
NUQ,2017-05-10 23:56,55.00,0.00,7.00
NUQ,2017-05-11 00:56,54.00,0.00,5.00
NUQ,2017-05-11 01:56,54.00,0.00,3.00
NUQ,2017-05-11 02:56,54.00,0.00,6.00
NUQ,2017-05-11 03:56,54.00,0.00,3.00
NUQ,2017-05-11 04:08,55.00,0.00,3.00
NUQ,2017-05-11 04:56,56.00,0.00,3.00
NUQ,2017-05-11 05:56,56.00,0.00,0.00
NUQ,2017-05-11 06:56,57.00,0.00,0.00
NUQ,2017-05-11 07:56,57.00,0.00,0.00
NUQ,2017-05-11 08:56,61.00,0.00,0.00
NUQ,2017-05-11 09:26,61.00,0.00,M
NUQ,2017-05-11 09:56,60.00,0.00,M
NUQ,2017-05-11 10:36,62.00,0.00,8.00
NUQ,2017-05-11 10:56,62.00,0.00,8.00
NUQ,2017-05-11 11:17,64.00,0.00,9.00
NUQ,2017-05-11 11:38,65.00,0.00,7.00
NUQ,2017-05-11 11:56,65.00,0.00,7.00
NUQ,2017-05-11 12:56,67.00,0.00,9.00
NUQ,2017-05-11 13:56,68.00,0.00,9.00
NUQ,2017-05-11 14:56,68.00,0.00,12.00
NUQ,2017-05-11 15:56,70.00,0.00,13.00
NUQ,2017-05-11 16:56,67.00,0.00,13.00
NUQ,2017-05-11 17:56,66.00,0.00,11.00
NUQ,2017-05-11 18:56,63.00,0.00,14.00
NUQ,2017-05-11 19:56,58.00,0.00,13.00
NUQ,2017-05-11 20:18,59.00,0.00,9.00
NUQ,2017-05-11 20:56,57.00,0.00,6.00
NUQ,2017-05-11 21:56,56.00,0.00,7.00
NUQ,2017-05-11 22:56,55.00,0.00,6.00
NUQ,2017-05-11 23:56,55.00,0.00,4.00
NUQ,2017-05-12 00:56,54.00,0.00,6.00
NUQ,2017-05-12 01:56,54.00,0.00,6.00
NUQ,2017-05-12 02:56,54.00,0.00,5.00
NUQ,2017-05-12 03:56,53.00,0.00,4.00
NUQ,2017-05-12 04:56,52.00,0.00,4.00
NUQ,2017-05-12 05:56,52.00,0.00,5.00
NUQ,2017-05-12 06:56,52.00,0.00,4.00
NUQ,2017-05-12 07:56,55.00,0.00,7.00
NUQ,2017-05-12 08:56,58.00,0.00,10.00
NUQ,2017-05-12 09:56,60.00,0.00,11.00
NUQ,2017-05-12 10:56,61.00,0.00,12.00
NUQ,2017-05-12 11:56,63.00,0.00,10.00
NUQ,2017-05-12 12:56,64.00,0.00,10.00
NUQ,2017-05-12 13:56,66.00,0.00,12.00
NUQ,2017-05-12 14:56,66.00,0.00,11.00
NUQ,2017-05-12 15:56,65.00,0.00,12.00
NUQ,2017-05-12 16:56,63.00,0.00,14.00
NUQ,2017-05-12 17:56,61.00,0.00,13.00
NUQ,2017-05-12 18:56,59.00,0.00,12.00
NUQ,2017-05-12 19:56,56.00,0.00,14.00
NUQ,2017-05-12 20:56,55.00,0.00,9.00
NUQ,2017-05-12 21:56,54.00,0.00,7.00
NUQ,2017-05-12 22:56,54.00,0.00,12.00
NUQ,2017-05-12 23:56,53.00,0.00,10.00
NUQ,2017-05-13 00:56,52.00,0.00,7.00
NUQ,2017-05-13 01:56,51.00,0.00,5.00
NUQ,2017-05-13 02:56,51.00,0.00,6.00
NUQ,2017-05-13 03:56,51.00,0.00,7.00
NUQ,2017-05-13 04:56,50.00,0.00,6.00
NUQ,2017-05-13 05:56,50.00,0.00,7.00
NUQ,2017-05-13 06:56,51.00,0.00,4.00
NUQ,2017-05-13 07:56,53.00,0.00,5.00
NUQ,2017-05-13 08:56,55.00,0.00,6.00
NUQ,2017-05-13 09:56,59.00,0.00,10.00
NUQ,2017-05-13 10:56,60.00,0.00,11.00
NUQ,2017-05-13 11:56,62.00,0.00,11.00
NUQ,2017-05-13 12:56,63.00,0.00,9.00
NUQ,2017-05-13 13:56,66.00,0.00,10.00
NUQ,2017-05-13 14:56,67.00,0.00,18.00
NUQ,2017-05-13 15:56,66.00,0.00,11.00
NUQ,2017-05-13 16:56,65.00,0.00,10.00
NUQ,2017-05-13 17:56,62.00,0.00,12.00
NUQ,2017-05-13 18:56,60.00,0.00,8.00
NUQ,2017-05-13 19:56,56.00,0.00,8.00
NUQ,2017-05-13 20:56,54.00,0.00,10.00
NUQ,2017-05-13 21:56,53.00,0.00,5.00
NUQ,2017-05-13 22:56,53.00,0.00,3.00
NUQ,2017-05-13 23:56,52.00,0.00,0.00
NUQ,2017-05-14 00:56,51.00,0.00,0.00
NUQ,2017-05-14 01:56,50.00,0.00,0.00
NUQ,2017-05-14 02:56,50.00,0.00,0.00
NUQ,2017-05-14 03:34,50.00,0.00,0.00
NUQ,2017-05-14 03:56,49.00,0.00,3.00
NUQ,2017-05-14 04:06,49.00,0.00,0.00
NUQ,2017-05-14 04:26,49.00,0.00,0.00
NUQ,2017-05-14 04:56,50.00,0.00,0.00
NUQ,2017-05-14 05:56,51.00,0.00,4.00
NUQ,2017-05-14 06:56,51.00,0.00,4.00
NUQ,2017-05-14 07:51,53.60,0.00,0.00
NUQ,2017-05-14 07:56,53.00,0.00,3.00
NUQ,2017-05-14 08:54,53.60,0.00,M
NUQ,2017-05-14 08:56,55.00,0.00,M
NUQ,2017-05-14 09:26,56.00,0.00,4.00
NUQ,2017-05-14 09:56,57.00,0.00,4.00
NUQ,2017-05-14 10:56,60.00,0.00,0.00
NUQ,2017-05-14 11:56,63.00,0.00,9.00
NUQ,2017-05-14 12:56,65.00,0.00,6.00
NUQ,2017-05-14 13:56,66.00,0.00,8.00
NUQ,2017-05-14 14:56,65.00,0.00,9.00
NUQ,2017-05-14 15:56,64.00,0.00,9.00
NUQ,2017-05-14 16:56,64.00,0.00,8.00
NUQ,2017-05-14 17:56,62.00,0.00,9.00
NUQ,2017-05-14 18:56,61.00,0.00,8.00
NUQ,2017-05-14 19:56,58.00,0.00,7.00
NUQ,2017-05-14 20:56,56.00,0.00,6.00
NUQ,2017-05-14 21:56,54.00,0.00,3.00
NUQ,2017-05-14 22:56,54.00,0.00,0.00
NUQ,2017-05-14 23:56,53.00,0.00,3.00
NUQ,2017-05-15 00:56,53.00,0.00,0.00
NUQ,2017-05-15 01:56,52.00,0.00,0.00
NUQ,2017-05-15 02:56,51.00,0.00,0.00
NUQ,2017-05-15 03:56,48.00,0.00,4.00
NUQ,2017-05-15 04:56,49.00,0.00,3.00
NUQ,2017-05-15 05:56,48.00,0.00,5.00
NUQ,2017-05-15 06:56,49.00,0.00,5.00
NUQ,2017-05-15 07:56,53.00,0.00,7.00
NUQ,2017-05-15 08:56,56.00,0.00,7.00
NUQ,2017-05-15 09:56,59.00,0.00,0.00
NUQ,2017-05-15 10:56,61.00,0.00,0.00
NUQ,2017-05-15 11:56,65.00,0.00,7.00
NUQ,2017-05-15 12:56,68.00,0.00,9.00
NUQ,2017-05-15 13:56,67.00,0.00,11.00
NUQ,2017-05-15 14:56,70.00,0.00,8.00
NUQ,2017-05-15 15:56,67.00,0.00,13.00
NUQ,2017-05-15 16:56,64.00,0.00,12.00
NUQ,2017-05-15 17:56,61.00,0.00,12.00
NUQ,2017-05-15 18:56,58.00,0.00,11.00
NUQ,2017-05-15 19:56,55.00,0.00,8.00
NUQ,2017-05-15 20:56,54.00,0.00,9.00
NUQ,2017-05-15 21:56,53.00,0.00,9.00
NUQ,2017-05-15 22:56,53.00,0.00,6.00
NUQ,2017-05-15 23:56,52.00,0.00,6.00
NUQ,2017-05-16 00:56,52.00,0.00,6.00
NUQ,2017-05-16 01:56,52.00,0.00,8.00
NUQ,2017-05-16 02:04,53.00,0.00,7.00
NUQ,2017-05-16 02:22,52.00,0.00,4.00
NUQ,2017-05-16 02:56,51.00,0.00,3.00
NUQ,2017-05-16 03:03,52.00,0.00,3.00
NUQ,2017-05-16 03:56,52.00,0.00,3.00
NUQ,2017-05-16 04:56,53.00,0.00,3.00
NUQ,2017-05-16 05:56,53.00,0.00,3.00
NUQ,2017-05-16 06:56,52.00,0.00,4.00
NUQ,2017-05-16 07:47,54.00,0.00,3.00
NUQ,2017-05-16 07:56,54.00,0.00,0.00
NUQ,2017-05-16 08:56,57.00,0.00,5.00
NUQ,2017-05-16 09:26,58.00,0.00,4.00
NUQ,2017-05-16 09:56,59.00,0.00,3.00
NUQ,2017-05-16 10:04,59.00,0.00,4.00
NUQ,2017-05-16 10:56,59.00,0.00,0.00
NUQ,2017-05-16 11:26,62.00,0.00,3.00
NUQ,2017-05-16 11:56,62.00,0.00,7.00
NUQ,2017-05-16 12:49,63.00,0.00,4.00
NUQ,2017-05-16 12:56,62.00,0.00,5.00
NUQ,2017-05-16 13:29,63.00,0.00,4.00
NUQ,2017-05-16 13:56,62.00,0.00,6.00
NUQ,2017-05-16 14:17,62.00,0.00,5.00
NUQ,2017-05-16 14:56,62.00,0.00,8.00
NUQ,2017-05-16 15:09,62.00,0.00,8.00
NUQ,2017-05-16 15:17,62.00,0.00,11.00
NUQ,2017-05-16 15:56,62.00,0.00,7.00
NUQ,2017-05-16 16:06,62.00,0.00,9.00
NUQ,2017-05-16 16:56,62.00,0.00,11.00
NUQ,2017-05-16 17:56,61.00,0.00,11.00
NUQ,2017-05-16 18:56,59.00,0.00,9.00
NUQ,2017-05-16 19:56,58.00,0.00,8.00
NUQ,2017-05-16 20:36,57.00,0.00,10.00
NUQ,2017-05-16 20:43,56.00,0.00,8.00
NUQ,2017-05-16 20:56,56.00,0.00,6.00
NUQ,2017-05-16 21:17,56.00,0.00,9.00
NUQ,2017-05-16 21:29,56.00,0.00,8.00
NUQ,2017-05-16 21:38,56.00,0.00,7.00
NUQ,2017-05-16 21:56,56.00,0.00,7.00
NUQ,2017-05-16 22:19,55.00,0.00,7.00
NUQ,2017-05-16 22:56,56.00,0.00,6.00
NUQ,2017-05-16 23:56,56.00,0.00,8.00
NUQ,2017-05-17 00:56,56.00,0.00,5.00
NUQ,2017-05-17 01:42,55.00,0.00,9.00
NUQ,2017-05-17 01:56,55.00,0.00,9.00
NUQ,2017-05-17 02:56,54.00,0.00,6.00
NUQ,2017-05-17 03:56,53.00,0.00,3.00
NUQ,2017-05-17 04:56,52.00,0.00,4.00
NUQ,2017-05-17 05:56,52.00,0.00,4.00
NUQ,2017-05-17 06:56,52.00,0.00,4.00
NUQ,2017-05-17 07:56,54.00,0.00,4.00
NUQ,2017-05-17 08:53,57.20,0.00,3.00
NUQ,2017-05-17 08:56,58.00,0.00,6.00
NUQ,2017-05-17 09:28,58.00,0.00,7.00
NUQ,2017-05-17 09:56,59.00,0.00,6.00
NUQ,2017-05-17 10:56,61.00,0.00,6.00
NUQ,2017-05-17 11:56,64.00,0.00,9.00
NUQ,2017-05-17 12:56,67.00,0.00,8.00
NUQ,2017-05-17 13:56,69.00,0.00,10.00
NUQ,2017-05-17 14:56,70.00,0.00,15.00
NUQ,2017-05-17 15:56,69.00,0.00,14.00
NUQ,2017-05-17 16:56,70.00,0.00,13.00
NUQ,2017-05-17 17:56,69.00,0.00,17.00
NUQ,2017-05-17 18:56,65.00,0.00,13.00
NUQ,2017-05-17 19:56,62.00,0.00,5.00
NUQ,2017-05-17 20:56,59.00,0.00,10.00
NUQ,2017-05-17 21:56,57.00,0.00,9.00
NUQ,2017-05-17 22:56,55.00,0.00,6.00
NUQ,2017-05-17 23:56,54.00,0.00,0.00
NUQ,2017-05-18 00:56,53.00,0.00,4.00
NUQ,2017-05-18 01:56,53.00,0.00,3.00
NUQ,2017-05-18 02:56,53.00,0.00,0.00
NUQ,2017-05-18 03:56,52.00,0.00,3.00
NUQ,2017-05-18 04:56,49.00,0.00,0.00
NUQ,2017-05-18 05:56,50.00,0.00,0.00
NUQ,2017-05-18 06:56,52.00,0.00,0.00
NUQ,2017-05-18 07:56,56.00,0.00,0.00
NUQ,2017-05-18 08:56,59.00,0.00,4.00
NUQ,2017-05-18 09:56,64.00,0.00,5.00
NUQ,2017-05-18 10:56,70.00,0.00,5.00
NUQ,2017-05-18 11:56,74.00,0.00,6.00
NUQ,2017-05-18 12:56,77.00,0.00,11.00
NUQ,2017-05-18 13:56,78.00,0.00,9.00
NUQ,2017-05-18 14:56,79.00,0.00,11.00
NUQ,2017-05-18 15:56,81.00,0.00,15.00
NUQ,2017-05-18 16:56,78.00,0.00,15.00
NUQ,2017-05-18 17:56,71.00,0.00,18.00
NUQ,2017-05-18 18:56,67.00,0.00,14.00
NUQ,2017-05-18 19:56,64.00,0.00,8.00
NUQ,2017-05-18 20:56,62.00,0.00,5.00
NUQ,2017-05-18 21:56,60.00,0.00,3.00
NUQ,2017-05-18 22:56,61.00,0.00,0.00
NUQ,2017-05-18 23:56,60.00,0.00,0.00
NUQ,2017-05-19 00:56,60.00,0.00,0.00
NUQ,2017-05-19 01:56,59.00,0.00,0.00
NUQ,2017-05-19 02:56,57.00,0.00,0.00
NUQ,2017-05-19 03:56,57.00,0.00,0.00
NUQ,2017-05-19 04:56,56.00,0.00,0.00
NUQ,2017-05-19 05:56,56.00,0.00,0.00
NUQ,2017-05-19 06:56,57.00,0.00,0.00
NUQ,2017-05-19 07:56,63.00,0.00,0.00
NUQ,2017-05-19 08:56,67.00,0.00,3.00
NUQ,2017-05-19 09:56,70.00,0.00,5.00
NUQ,2017-05-19 10:56,73.00,0.00,5.00
NUQ,2017-05-19 11:56,77.00,0.00,7.00
NUQ,2017-05-19 12:56,80.00,0.00,6.00
NUQ,2017-05-19 13:56,82.00,0.00,8.00
NUQ,2017-05-19 14:56,85.00,0.00,10.00
NUQ,2017-05-19 15:56,83.00,0.00,10.00
NUQ,2017-05-19 16:56,80.00,0.00,10.00
NUQ,2017-05-19 17:56,78.00,0.00,9.00
NUQ,2017-05-19 18:56,71.00,0.00,11.00
NUQ,2017-05-19 19:56,67.00,0.00,6.00
NUQ,2017-05-19 20:56,66.00,0.00,5.00
NUQ,2017-05-19 21:56,64.00,0.00,3.00
NUQ,2017-05-19 22:56,62.00,0.00,3.00
NUQ,2017-05-19 23:56,63.00,0.00,0.00
NUQ,2017-05-20 00:56,62.00,0.00,0.00
NUQ,2017-05-20 01:56,62.00,0.00,0.00
NUQ,2017-05-20 02:56,59.00,0.00,0.00
NUQ,2017-05-20 03:56,59.00,0.00,0.00
NUQ,2017-05-20 04:56,57.00,0.00,0.00
NUQ,2017-05-20 05:56,57.00,0.00,0.00
NUQ,2017-05-20 06:56,58.00,0.00,3.00
NUQ,2017-05-20 07:56,62.00,0.00,4.00
NUQ,2017-05-20 08:56,66.00,0.00,0.00
NUQ,2017-05-20 09:56,68.00,0.00,4.00
NUQ,2017-05-20 10:56,72.00,0.00,4.00
NUQ,2017-05-20 11:56,75.00,0.00,8.00
NUQ,2017-05-20 12:56,80.00,0.00,8.00
NUQ,2017-05-20 13:56,82.00,0.00,9.00
NUQ,2017-05-20 14:56,85.00,0.00,10.00
NUQ,2017-05-20 15:56,85.00,0.00,11.00
NUQ,2017-05-20 16:56,82.00,0.00,12.00
NUQ,2017-05-20 17:56,78.00,0.00,15.00
NUQ,2017-05-20 18:56,75.00,0.00,12.00
NUQ,2017-05-20 19:56,72.00,0.00,6.00
NUQ,2017-05-20 20:56,71.00,0.00,3.00
NUQ,2017-05-20 21:56,68.00,0.00,3.00
NUQ,2017-05-20 22:56,68.00,0.00,0.00
NUQ,2017-05-20 23:56,67.00,0.00,0.00
NUQ,2017-05-21 00:56,64.00,0.00,3.00
NUQ,2017-05-21 01:56,63.00,0.00,0.00
NUQ,2017-05-21 02:56,63.00,0.00,0.00
NUQ,2017-05-21 03:56,61.00,0.00,0.00
NUQ,2017-05-21 04:56,61.00,0.00,0.00
NUQ,2017-05-21 05:56,60.00,0.00,0.00
NUQ,2017-05-21 06:56,61.00,0.00,3.00
NUQ,2017-05-21 07:56,64.00,0.00,4.00
NUQ,2017-05-21 08:56,65.00,0.00,7.00
NUQ,2017-05-21 09:56,68.00,0.00,6.00
NUQ,2017-05-21 10:56,74.00,0.00,3.00
NUQ,2017-05-21 11:56,79.00,0.00,5.00
NUQ,2017-05-21 12:56,80.00,0.00,9.00
NUQ,2017-05-21 13:56,81.00,0.00,9.00
NUQ,2017-05-21 14:56,81.00,0.00,10.00
NUQ,2017-05-21 15:56,80.00,0.00,11.00
NUQ,2017-05-21 16:56,78.00,0.00,9.00
NUQ,2017-05-21 17:56,75.00,0.00,8.00
NUQ,2017-05-21 18:56,71.00,0.00,8.00
NUQ,2017-05-21 19:56,66.00,0.00,8.00
NUQ,2017-05-21 20:56,65.00,0.00,5.00
NUQ,2017-05-21 21:56,62.00,0.00,4.00
NUQ,2017-05-21 22:56,59.00,0.00,4.00
NUQ,2017-05-21 23:56,59.00,0.00,3.00
NUQ,2017-05-22 00:56,59.00,0.00,4.00
NUQ,2017-05-22 01:56,58.00,0.00,3.00
NUQ,2017-05-22 02:56,58.00,0.00,3.00
NUQ,2017-05-22 03:56,57.00,0.00,0.00
NUQ,2017-05-22 04:05,57.00,0.00,3.00
NUQ,2017-05-22 04:56,57.00,0.00,0.00
NUQ,2017-05-22 05:56,57.00,0.00,3.00
NUQ,2017-05-22 06:47,57.00,0.00,0.00
NUQ,2017-05-22 06:56,57.00,0.00,0.00
NUQ,2017-05-22 07:56,58.00,0.00,0.00
NUQ,2017-05-22 08:47,60.00,0.00,5.00
NUQ,2017-05-22 08:56,62.00,0.00,5.00
NUQ,2017-05-22 09:56,63.00,0.00,5.00
NUQ,2017-05-22 10:56,65.00,0.00,6.00
NUQ,2017-05-22 11:56,70.00,0.00,5.00
NUQ,2017-05-22 12:56,73.00,0.00,7.00
NUQ,2017-05-22 13:56,74.00,0.00,10.00
NUQ,2017-05-22 14:56,77.00,0.00,10.00
NUQ,2017-05-22 15:56,76.00,0.00,10.00
NUQ,2017-05-22 16:56,74.00,0.00,11.00
NUQ,2017-05-22 17:56,72.00,0.00,11.00
NUQ,2017-05-22 18:56,68.00,0.00,8.00
NUQ,2017-05-22 19:56,65.00,0.00,8.00
NUQ,2017-05-22 20:56,63.00,0.00,6.00
NUQ,2017-05-22 21:56,61.00,0.00,4.00
NUQ,2017-05-22 22:56,60.00,0.00,3.00
NUQ,2017-05-22 23:56,60.00,0.00,3.00
NUQ,2017-05-23 00:56,59.00,0.00,4.00
NUQ,2017-05-23 01:56,59.00,0.00,3.00
NUQ,2017-05-23 02:56,59.00,0.00,3.00
NUQ,2017-05-23 03:56,58.00,0.00,3.00
NUQ,2017-05-23 04:56,59.00,0.00,0.00
NUQ,2017-05-23 05:56,58.00,0.00,3.00
NUQ,2017-05-23 06:46,59.00,0.00,0.00
NUQ,2017-05-23 06:56,59.00,0.00,3.00
NUQ,2017-05-23 07:56,61.00,0.00,4.00
NUQ,2017-05-23 08:18,62.00,0.00,3.00
NUQ,2017-05-23 08:56,63.00,0.00,4.00
NUQ,2017-05-23 09:56,63.00,0.00,8.00
NUQ,2017-05-23 10:56,65.00,0.00,6.00
NUQ,2017-05-23 11:56,68.00,0.00,6.00
NUQ,2017-05-23 12:56,70.00,0.00,6.00
NUQ,2017-05-23 13:56,72.00,0.00,12.00
NUQ,2017-05-23 14:56,72.00,0.00,13.00
NUQ,2017-05-23 15:56,71.00,0.00,10.00
NUQ,2017-05-23 16:56,69.00,0.00,12.00
NUQ,2017-05-23 17:56,67.00,0.00,12.00
NUQ,2017-05-23 18:56,65.00,0.00,9.00
NUQ,2017-05-23 19:56,62.00,0.00,6.00
NUQ,2017-05-23 20:56,60.00,0.00,5.00
NUQ,2017-05-23 21:56,58.00,0.00,5.00
NUQ,2017-05-23 22:56,58.00,0.00,4.00
NUQ,2017-05-23 23:16,58.00,0.00,4.00
NUQ,2017-05-23 23:49,59.00,0.00,3.00
NUQ,2017-05-23 23:56,58.00,0.00,4.00
NUQ,2017-05-24 00:56,58.00,0.00,4.00
NUQ,2017-05-24 01:56,58.00,0.00,4.00
NUQ,2017-05-24 02:41,57.00,0.00,4.00
NUQ,2017-05-24 02:56,58.00,0.00,0.00
NUQ,2017-05-24 03:56,57.00,0.00,5.00
NUQ,2017-05-24 04:56,57.00,0.00,7.00
NUQ,2017-05-24 05:56,56.00,0.00,5.00
NUQ,2017-05-24 06:56,56.00,0.00,4.00
NUQ,2017-05-24 07:56,57.00,0.00,4.00
NUQ,2017-05-24 08:56,58.00,0.00,4.00
NUQ,2017-05-24 09:14,59.00,0.00,4.00
NUQ,2017-05-24 09:56,60.00,0.00,5.00
NUQ,2017-05-24 10:48,62.00,0.00,4.00
NUQ,2017-05-24 10:56,63.00,0.00,3.00
NUQ,2017-05-24 11:56,65.00,0.00,8.00
NUQ,2017-05-24 12:56,68.00,0.00,10.00
NUQ,2017-05-24 13:56,68.00,0.00,11.00
NUQ,2017-05-24 14:56,70.00,0.00,10.00
NUQ,2017-05-24 15:56,69.00,0.00,14.00
NUQ,2017-05-24 16:56,69.00,0.00,14.00
NUQ,2017-05-24 17:56,69.00,0.00,11.00
NUQ,2017-05-24 18:56,66.00,0.00,11.00
NUQ,2017-05-24 19:56,63.00,0.00,11.00
NUQ,2017-05-24 20:56,61.00,0.00,7.00
NUQ,2017-05-24 21:56,59.00,0.00,9.00
NUQ,2017-05-24 22:56,57.00,0.00,7.00
NUQ,2017-05-24 23:56,57.00,0.00,4.00
NUQ,2017-05-25 00:56,56.00,0.00,0.00
NUQ,2017-05-25 01:56,56.00,0.00,4.00
NUQ,2017-05-25 02:56,56.00,0.00,3.00
NUQ,2017-05-25 03:56,56.00,0.00,7.00
NUQ,2017-05-25 04:56,55.00,0.00,0.00
NUQ,2017-05-25 05:56,54.00,0.00,0.00
NUQ,2017-05-25 06:56,57.00,0.00,8.00
NUQ,2017-05-25 07:56,60.00,0.00,9.00
NUQ,2017-05-25 08:56,63.00,0.00,10.00
NUQ,2017-05-25 09:56,65.00,0.00,9.00
NUQ,2017-05-25 10:56,67.00,0.00,11.00
NUQ,2017-05-25 11:56,68.00,0.00,11.00
NUQ,2017-05-25 12:56,69.00,0.00,9.00
NUQ,2017-05-25 13:56,70.00,0.00,9.00
NUQ,2017-05-25 14:56,70.00,0.00,9.00
NUQ,2017-05-25 15:56,69.00,0.00,10.00
NUQ,2017-05-25 16:56,68.00,0.00,11.00
NUQ,2017-05-25 17:56,67.00,0.00,8.00
NUQ,2017-05-25 18:56,65.00,0.00,5.00
NUQ,2017-05-25 19:56,62.00,0.00,8.00
NUQ,2017-05-25 20:56,60.00,0.00,6.00
NUQ,2017-05-25 21:56,58.00,0.00,5.00
NUQ,2017-05-25 22:56,57.00,0.00,6.00
NUQ,2017-05-25 23:56,56.00,0.00,4.00
NUQ,2017-05-26 00:56,57.00,0.00,0.00
NUQ,2017-05-26 01:24,57.00,0.00,3.00
NUQ,2017-05-26 01:43,57.00,0.00,4.00
NUQ,2017-05-26 01:56,57.00,0.00,4.00
NUQ,2017-05-26 02:56,56.00,0.00,4.00
NUQ,2017-05-26 03:56,56.00,0.00,5.00
NUQ,2017-05-26 04:56,55.00,0.00,6.00
NUQ,2017-05-26 05:56,56.00,0.00,4.00
NUQ,2017-05-26 06:32,56.00,0.00,4.00
NUQ,2017-05-26 06:56,56.00,0.00,3.00
NUQ,2017-05-26 07:56,58.00,0.00,4.00
NUQ,2017-05-26 08:56,62.00,0.00,5.00
NUQ,2017-05-26 09:22,60.00,0.00,6.00
NUQ,2017-05-26 09:41,61.00,0.00,5.00
NUQ,2017-05-26 09:56,62.00,0.00,4.00
NUQ,2017-05-26 10:56,63.00,0.00,8.00
NUQ,2017-05-26 11:56,65.00,0.00,8.00
NUQ,2017-05-26 12:56,65.00,0.00,4.00
NUQ,2017-05-26 13:56,67.00,0.00,6.00
NUQ,2017-05-26 14:56,66.00,0.00,5.00
NUQ,2017-05-26 15:56,68.00,0.00,6.00
NUQ,2017-05-26 16:56,69.00,0.00,7.00
NUQ,2017-05-26 17:56,67.00,0.00,8.00
NUQ,2017-05-26 18:56,65.00,0.00,7.00
NUQ,2017-05-26 19:56,62.00,0.00,7.00
NUQ,2017-05-26 20:56,59.00,0.00,6.00
NUQ,2017-05-26 21:56,56.00,0.00,7.00
NUQ,2017-05-26 22:56,56.00,0.00,7.00
NUQ,2017-05-26 23:42,55.00,0.00,5.00
NUQ,2017-05-26 23:56,54.00,0.00,6.00
NUQ,2017-05-27 00:15,54.00,0.00,4.00
NUQ,2017-05-27 00:56,54.00,0.00,0.00
NUQ,2017-05-27 01:56,54.00,0.00,3.00
NUQ,2017-05-27 02:31,54.00,0.00,0.00
NUQ,2017-05-27 02:41,54.00,0.00,0.00
NUQ,2017-05-27 02:56,54.00,0.00,3.00
NUQ,2017-05-27 03:10,54.00,0.00,0.00
NUQ,2017-05-27 03:56,54.00,0.00,0.00
NUQ,2017-05-27 04:56,55.00,0.00,3.00
NUQ,2017-05-27 05:56,56.00,0.00,4.00
NUQ,2017-05-27 06:56,56.00,0.00,5.00
NUQ,2017-05-27 07:56,57.00,0.00,3.00
NUQ,2017-05-27 08:56,59.00,0.00,3.00
NUQ,2017-05-27 09:56,62.00,0.00,6.00
NUQ,2017-05-27 10:22,63.00,0.00,3.00
NUQ,2017-05-27 10:56,64.00,0.00,5.00
NUQ,2017-05-27 11:56,64.00,0.00,8.00
NUQ,2017-05-27 12:56,67.00,0.00,9.00
NUQ,2017-05-27 13:56,66.00,0.00,12.00
NUQ,2017-05-27 14:56,66.00,0.00,11.00
NUQ,2017-05-27 15:56,67.00,0.00,14.00
NUQ,2017-05-27 16:56,66.00,0.00,17.00
NUQ,2017-05-27 17:56,65.00,0.00,18.00
NUQ,2017-05-27 18:56,63.00,0.00,17.00
NUQ,2017-05-27 19:56,61.00,0.00,12.00
NUQ,2017-05-27 20:56,58.00,0.00,7.00
NUQ,2017-05-27 21:56,57.00,0.00,6.00
NUQ,2017-05-27 22:56,56.00,0.00,7.00
NUQ,2017-05-27 23:56,55.00,0.00,5.00
NUQ,2017-05-28 00:40,56.00,0.00,3.00
NUQ,2017-05-28 00:56,56.00,0.00,5.00
NUQ,2017-05-28 01:56,56.00,0.00,4.00
NUQ,2017-05-28 02:56,56.00,0.00,4.00
NUQ,2017-05-28 03:56,56.00,0.00,4.00
NUQ,2017-05-28 04:23,56.00,0.00,3.00
NUQ,2017-05-28 04:56,56.00,0.00,3.00
NUQ,2017-05-28 05:56,56.00,0.00,4.00
NUQ,2017-05-28 06:18,56.00,0.00,4.00
NUQ,2017-05-28 06:56,56.00,0.00,4.00
NUQ,2017-05-28 07:56,56.00,0.00,4.00
NUQ,2017-05-28 08:56,56.00,0.00,6.00
NUQ,2017-05-28 09:16,57.00,0.00,7.00
NUQ,2017-05-28 09:56,59.00,0.00,5.00
NUQ,2017-05-28 10:56,62.00,0.00,7.00
NUQ,2017-05-28 11:31,62.00,0.00,7.00
NUQ,2017-05-28 11:56,63.00,0.00,8.00
NUQ,2017-05-28 12:26,63.00,0.00,8.00
NUQ,2017-05-28 12:56,64.00,0.00,10.00
NUQ,2017-05-28 13:32,64.00,0.00,11.00
NUQ,2017-05-28 13:56,64.00,0.00,13.00
NUQ,2017-05-28 14:56,65.00,0.00,12.00
NUQ,2017-05-28 15:56,65.00,0.00,14.00
NUQ,2017-05-28 16:56,64.00,0.00,11.00
NUQ,2017-05-28 17:56,64.00,0.00,13.00
NUQ,2017-05-28 18:56,62.00,0.00,14.00
NUQ,2017-05-28 19:56,59.00,0.00,10.00
NUQ,2017-05-28 20:56,57.00,0.00,10.00
NUQ,2017-05-28 21:56,56.00,0.00,9.00
NUQ,2017-05-28 22:56,55.00,0.00,7.00
NUQ,2017-05-28 23:45,55.00,0.00,3.00
NUQ,2017-05-28 23:56,56.00,0.00,6.00
NUQ,2017-05-29 00:56,56.00,0.00,0.00
NUQ,2017-05-29 01:56,55.00,0.00,4.00
NUQ,2017-05-29 02:56,55.00,0.00,3.00
NUQ,2017-05-29 03:56,55.00,0.00,4.00
NUQ,2017-05-29 04:56,55.00,0.00,5.00
NUQ,2017-05-29 05:56,55.00,0.00,5.00
NUQ,2017-05-29 06:56,55.00,0.00,4.00
NUQ,2017-05-29 07:56,56.00,0.00,7.00
NUQ,2017-05-29 08:54,57.20,0.00,11.00
NUQ,2017-05-29 08:56,57.00,0.00,10.00
NUQ,2017-05-29 09:04,57.00,0.00,10.00
NUQ,2017-05-29 09:16,57.00,0.00,9.00
NUQ,2017-05-29 09:52,57.20,0.00,8.00
NUQ,2017-05-29 09:56,58.00,0.00,8.00
NUQ,2017-05-29 10:22,59.00,0.00,4.00
NUQ,2017-05-29 10:53,57.20,0.00,6.00
NUQ,2017-05-29 10:56,59.00,0.00,7.00
NUQ,2017-05-29 11:28,60.00,0.00,7.00
NUQ,2017-05-29 11:56,62.00,0.00,8.00
NUQ,2017-05-29 12:56,62.00,0.00,9.00
NUQ,2017-05-29 13:06,62.00,0.00,9.00
NUQ,2017-05-29 13:56,64.00,0.00,10.00
NUQ,2017-05-29 14:56,64.00,0.00,13.00
NUQ,2017-05-29 15:56,66.00,0.00,14.00
NUQ,2017-05-29 16:56,64.00,0.00,14.00
NUQ,2017-05-29 17:56,63.00,0.00,17.00
NUQ,2017-05-29 18:56,61.00,0.00,11.00
NUQ,2017-05-29 19:56,57.00,0.00,9.00
NUQ,2017-05-29 20:56,55.00,0.00,6.00
NUQ,2017-05-29 21:56,54.00,0.00,6.00
NUQ,2017-05-29 22:56,54.00,0.00,7.00
NUQ,2017-05-29 23:56,53.00,0.00,0.00
NUQ,2017-05-30 00:56,54.00,0.00,0.00
NUQ,2017-05-30 01:56,53.00,0.00,3.00
NUQ,2017-05-30 02:56,53.00,0.00,5.00
NUQ,2017-05-30 03:08,54.00,0.00,4.00
NUQ,2017-05-30 03:54,53.60,0.00,5.00
NUQ,2017-05-30 03:56,54.00,0.00,5.00
NUQ,2017-05-30 04:42,54.00,0.00,5.00
NUQ,2017-05-30 04:56,54.00,0.00,5.00
NUQ,2017-05-30 05:39,55.00,0.00,3.00
NUQ,2017-05-30 05:56,54.00,0.00,5.00
NUQ,2017-05-30 06:05,54.00,0.00,3.00
NUQ,2017-05-30 06:29,55.00,0.00,5.00
NUQ,2017-05-30 06:56,55.00,0.00,3.00
NUQ,2017-05-30 07:56,57.00,0.00,6.00
NUQ,2017-05-30 08:27,57.00,0.00,4.00
NUQ,2017-05-30 08:49,58.00,0.00,7.00
NUQ,2017-05-30 08:56,58.00,0.00,7.00
NUQ,2017-05-30 09:14,59.00,0.00,6.00
NUQ,2017-05-30 09:56,60.00,0.00,6.00
NUQ,2017-05-30 10:56,61.00,0.00,3.00
NUQ,2017-05-30 11:56,62.00,0.00,8.00
NUQ,2017-05-30 12:56,65.00,0.00,6.00
NUQ,2017-05-30 13:56,66.00,0.00,13.00
NUQ,2017-05-30 14:56,65.00,0.00,13.00
NUQ,2017-05-30 15:56,64.00,0.00,12.00
NUQ,2017-05-30 16:56,65.00,0.00,11.00
NUQ,2017-05-30 17:56,64.00,0.00,13.00
NUQ,2017-05-30 18:56,61.00,0.00,10.00
NUQ,2017-05-30 19:56,60.00,0.00,10.00
NUQ,2017-05-30 20:56,59.00,0.00,7.00
NUQ,2017-05-30 21:56,58.00,0.00,4.00
NUQ,2017-05-30 22:56,57.00,0.00,4.00
NUQ,2017-05-30 23:56,58.00,T,5.00
NUQ,2017-05-31 00:56,58.00,T,0.00
NUQ,2017-05-31 01:56,58.00,0.00,4.00
NUQ,2017-05-31 02:56,57.00,0.00,4.00
NUQ,2017-05-31 03:56,58.00,0.00,0.00
NUQ,2017-05-31 04:56,57.00,0.00,0.00
NUQ,2017-05-31 05:56,57.00,0.00,3.00
NUQ,2017-05-31 06:56,58.00,0.00,3.00
NUQ,2017-05-31 07:56,60.00,0.00,0.00
NUQ,2017-05-31 08:56,64.00,0.00,5.00
NUQ,2017-05-31 09:56,65.00,0.00,8.00
NUQ,2017-05-31 10:56,67.00,0.00,4.00
NUQ,2017-05-31 11:56,69.00,0.00,6.00
NUQ,2017-05-31 12:56,72.00,0.00,15.00
NUQ,2017-05-31 13:56,73.00,0.00,18.00
NUQ,2017-05-31 14:56,73.00,0.00,17.00
NUQ,2017-05-31 15:56,72.00,0.00,17.00
NUQ,2017-05-31 16:56,71.00,0.00,18.00
NUQ,2017-05-31 17:56,70.00,0.00,15.00
NUQ,2017-05-31 18:56,66.00,0.00,16.00
NUQ,2017-05-31 19:56,64.00,0.00,13.00
NUQ,2017-05-31 20:56,62.00,0.00,9.00
NUQ,2017-05-31 21:56,61.00,0.00,4.00
NUQ,2017-05-31 22:56,61.00,0.00,6.00
NUQ,2017-05-31 23:56,60.00,0.00,0.00
NUQ,2017-06-01 00:37,60.00,0.00,4.00
NUQ,2017-06-01 00:56,59.00,0.00,4.00
NUQ,2017-06-01 01:06,60.00,0.00,4.00
NUQ,2017-06-01 01:32,60.00,0.00,0.00
NUQ,2017-06-01 01:56,58.00,0.00,3.00
NUQ,2017-06-01 02:56,58.00,0.00,3.00
NUQ,2017-06-01 03:56,60.00,0.00,3.00
NUQ,2017-06-01 04:56,60.00,0.00,0.00
NUQ,2017-06-01 05:03,60.00,0.00,0.00
NUQ,2017-06-01 05:56,60.00,0.00,0.00
NUQ,2017-06-01 06:56,61.00,0.00,5.00
NUQ,2017-06-01 07:56,61.00,0.00,5.00
NUQ,2017-06-01 08:56,62.00,0.00,6.00
NUQ,2017-06-01 09:56,66.00,0.00,4.00
NUQ,2017-06-01 10:44,66.00,0.00,6.00
NUQ,2017-06-01 10:56,67.00,0.00,5.00
NUQ,2017-06-01 11:56,68.00,0.00,10.00
NUQ,2017-06-01 12:56,70.00,0.00,13.00
NUQ,2017-06-01 13:56,72.00,0.00,15.00
NUQ,2017-06-01 14:56,73.00,0.00,15.00
NUQ,2017-06-01 15:56,72.00,0.00,18.00
NUQ,2017-06-01 16:56,72.00,0.00,19.00
NUQ,2017-06-01 17:56,73.00,0.00,8.00
NUQ,2017-06-01 18:56,68.00,0.00,9.00
NUQ,2017-06-01 19:56,64.00,0.00,10.00
NUQ,2017-06-01 20:56,61.00,0.00,8.00
NUQ,2017-06-01 21:56,60.00,0.00,6.00
NUQ,2017-06-01 22:56,60.00,0.00,6.00
NUQ,2017-06-01 23:56,60.00,0.00,0.00
NUQ,2017-06-02 00:56,59.00,0.00,0.00
NUQ,2017-06-02 01:56,57.00,0.00,4.00
NUQ,2017-06-02 02:56,56.00,0.00,3.00
NUQ,2017-06-02 03:56,56.00,0.00,3.00
NUQ,2017-06-02 04:56,55.00,0.00,4.00
NUQ,2017-06-02 05:56,55.00,0.00,3.00
NUQ,2017-06-02 06:56,58.00,0.00,0.00
NUQ,2017-06-02 07:56,60.00,0.00,4.00
NUQ,2017-06-02 08:56,62.00,0.00,4.00
NUQ,2017-06-02 09:56,65.00,0.00,5.00
NUQ,2017-06-02 10:56,68.00,0.00,7.00
NUQ,2017-06-02 11:56,69.00,0.00,6.00
NUQ,2017-06-02 12:56,72.00,0.00,8.00
NUQ,2017-06-02 13:56,76.00,0.00,10.00
NUQ,2017-06-02 14:56,77.00,0.00,8.00
NUQ,2017-06-02 15:56,75.00,0.00,14.00
NUQ,2017-06-02 16:56,74.00,0.00,17.00
NUQ,2017-06-02 17:56,72.00,0.00,15.00
NUQ,2017-06-02 18:56,70.00,0.00,12.00
NUQ,2017-06-02 19:56,65.00,0.00,11.00
NUQ,2017-06-02 20:56,63.00,0.00,9.00
NUQ,2017-06-02 21:56,61.00,0.00,6.00
NUQ,2017-06-02 22:56,59.00,0.00,6.00
NUQ,2017-06-02 23:56,58.00,0.00,4.00
NUQ,2017-06-03 00:56,57.00,0.00,3.00
NUQ,2017-06-03 01:56,56.00,0.00,4.00
NUQ,2017-06-03 02:56,56.00,0.00,3.00
NUQ,2017-06-03 03:56,57.00,0.00,8.00
NUQ,2017-06-03 04:06,57.00,0.00,8.00
NUQ,2017-06-03 04:56,57.00,0.00,6.00
NUQ,2017-06-03 05:51,57.20,0.00,4.00
NUQ,2017-06-03 05:56,57.00,0.00,3.00
NUQ,2017-06-03 06:56,58.00,0.00,5.00
NUQ,2017-06-03 07:56,58.00,0.00,0.00
NUQ,2017-06-03 08:46,60.00,0.00,3.00
NUQ,2017-06-03 08:56,62.00,0.00,5.00
NUQ,2017-06-03 09:56,63.00,0.00,5.00
NUQ,2017-06-03 10:56,65.00,0.00,7.00
NUQ,2017-06-03 11:56,67.00,0.00,6.00
NUQ,2017-06-03 12:56,69.00,0.00,7.00
NUQ,2017-06-03 13:56,70.00,0.00,11.00
NUQ,2017-06-03 14:56,70.00,0.00,13.00
NUQ,2017-06-03 15:56,70.00,0.00,14.00
NUQ,2017-06-03 16:56,71.00,0.00,12.00
NUQ,2017-06-03 17:56,70.00,0.00,14.00
NUQ,2017-06-03 18:56,68.00,0.00,12.00
NUQ,2017-06-03 19:56,65.00,0.00,12.00
NUQ,2017-06-03 20:56,62.00,0.00,12.00
NUQ,2017-06-03 21:56,61.00,0.00,11.00
NUQ,2017-06-03 22:56,59.00,0.00,10.00
NUQ,2017-06-03 23:56,58.00,0.00,3.00
NUQ,2017-06-04 00:56,57.00,0.00,5.00
NUQ,2017-06-04 01:56,56.00,0.00,5.00
NUQ,2017-06-04 02:56,56.00,0.00,5.00
NUQ,2017-06-04 03:56,55.00,0.00,4.00
NUQ,2017-06-04 04:56,56.00,0.00,0.00
NUQ,2017-06-04 05:56,56.00,0.00,0.00
NUQ,2017-06-04 06:56,57.00,0.00,0.00
NUQ,2017-06-04 07:56,61.00,0.00,0.00
NUQ,2017-06-04 08:56,64.00,0.00,5.00
NUQ,2017-06-04 09:56,65.00,0.00,5.00
NUQ,2017-06-04 10:56,67.00,0.00,6.00
NUQ,2017-06-04 11:56,69.00,0.00,7.00
NUQ,2017-06-04 12:56,70.00,0.00,10.00
NUQ,2017-06-04 13:56,71.00,0.00,16.00
NUQ,2017-06-04 14:56,71.00,0.00,14.00
NUQ,2017-06-04 15:56,73.00,0.00,15.00
NUQ,2017-06-04 16:56,73.00,0.00,10.00
NUQ,2017-06-04 17:56,70.00,0.00,12.00
NUQ,2017-06-04 18:56,67.00,0.00,10.00
NUQ,2017-06-04 19:56,64.00,0.00,12.00
NUQ,2017-06-04 20:56,61.00,0.00,7.00
NUQ,2017-06-04 21:56,59.00,0.00,6.00
NUQ,2017-06-04 22:56,59.00,0.00,7.00
NUQ,2017-06-04 23:56,56.00,0.00,0.00
NUQ,2017-06-05 00:56,55.00,0.00,6.00
NUQ,2017-06-05 01:56,53.00,0.00,3.00
NUQ,2017-06-05 02:56,55.00,0.00,3.00
NUQ,2017-06-05 03:56,54.00,0.00,3.00
NUQ,2017-06-05 04:56,52.00,0.00,0.00
NUQ,2017-06-05 05:56,52.00,0.00,0.00
NUQ,2017-06-05 06:56,55.00,0.00,0.00
NUQ,2017-06-05 07:56,57.00,0.00,3.00
NUQ,2017-06-05 08:56,60.00,0.00,0.00
NUQ,2017-06-05 09:56,63.00,0.00,4.00
NUQ,2017-06-05 10:56,70.00,0.00,5.00
NUQ,2017-06-05 11:56,73.00,0.00,6.00
NUQ,2017-06-05 12:56,76.00,0.00,10.00
NUQ,2017-06-05 13:56,75.00,0.00,12.00
NUQ,2017-06-05 14:56,73.00,0.00,11.00
NUQ,2017-06-05 15:56,74.00,0.00,16.00
NUQ,2017-06-05 16:56,71.00,0.00,18.00
NUQ,2017-06-05 17:56,71.00,0.00,15.00
NUQ,2017-06-05 18:56,68.00,0.00,11.00
NUQ,2017-06-05 19:56,64.00,0.00,8.00
NUQ,2017-06-05 20:56,63.00,0.00,7.00
NUQ,2017-06-05 21:56,62.00,0.00,11.00
NUQ,2017-06-05 22:56,60.00,0.00,9.00
NUQ,2017-06-05 23:56,58.00,0.00,3.00
NUQ,2017-06-06 00:56,56.00,0.00,6.00
NUQ,2017-06-06 01:56,55.00,0.00,3.00
NUQ,2017-06-06 02:56,56.00,0.00,0.00
NUQ,2017-06-06 03:56,55.00,0.00,6.00
NUQ,2017-06-06 04:09,55.00,0.00,3.00
NUQ,2017-06-06 04:18,55.00,0.00,4.00
NUQ,2017-06-06 04:56,56.00,0.00,0.00
NUQ,2017-06-06 05:39,54.00,0.00,3.00
NUQ,2017-06-06 05:56,55.00,0.00,0.00
NUQ,2017-06-06 06:56,56.00,0.00,4.00
NUQ,2017-06-06 07:56,59.00,0.00,0.00
NUQ,2017-06-06 08:56,61.00,0.00,4.00
NUQ,2017-06-06 09:56,63.00,0.00,5.00
NUQ,2017-06-06 10:56,65.00,0.00,7.00
NUQ,2017-06-06 11:56,68.00,0.00,6.00
NUQ,2017-06-06 12:56,67.00,0.00,12.00
NUQ,2017-06-06 13:56,69.00,0.00,13.00
NUQ,2017-06-06 14:56,68.00,0.00,14.00
NUQ,2017-06-06 15:56,68.00,0.00,16.00
NUQ,2017-06-06 16:56,67.00,0.00,12.00
NUQ,2017-06-06 17:56,66.00,0.00,13.00
NUQ,2017-06-06 18:56,64.00,0.00,10.00
NUQ,2017-06-06 19:56,62.00,0.00,10.00
NUQ,2017-06-06 20:56,59.00,0.00,6.00
NUQ,2017-06-06 21:56,58.00,0.00,7.00
NUQ,2017-06-06 22:56,57.00,0.00,5.00
NUQ,2017-06-06 23:56,56.00,0.00,4.00
NUQ,2017-06-07 00:56,55.00,0.00,4.00
NUQ,2017-06-07 01:56,55.00,0.00,4.00
NUQ,2017-06-07 02:13,56.00,0.00,5.00
NUQ,2017-06-07 02:43,56.00,0.00,6.00
NUQ,2017-06-07 02:56,56.00,0.00,7.00
NUQ,2017-06-07 03:56,55.00,0.00,6.00
NUQ,2017-06-07 04:38,55.00,0.00,4.00
NUQ,2017-06-07 04:56,56.00,0.00,0.00
NUQ,2017-06-07 05:56,56.00,0.00,5.00
NUQ,2017-06-07 06:56,57.00,0.00,4.00
NUQ,2017-06-07 07:56,59.00,0.00,5.00
NUQ,2017-06-07 08:32,59.00,0.00,4.00
NUQ,2017-06-07 08:56,61.00,0.00,0.00
NUQ,2017-06-07 09:56,64.00,0.00,5.00
NUQ,2017-06-07 10:56,66.00,0.00,7.00
NUQ,2017-06-07 11:56,65.00,0.00,7.00
NUQ,2017-06-07 12:56,67.00,0.00,7.00
NUQ,2017-06-07 13:56,70.00,0.00,11.00
NUQ,2017-06-07 14:56,70.00,0.00,17.00
NUQ,2017-06-07 15:56,67.00,0.00,12.00
NUQ,2017-06-07 16:56,67.00,0.00,7.00
NUQ,2017-06-07 17:56,64.00,0.00,11.00
NUQ,2017-06-07 18:56,65.00,0.00,12.00
NUQ,2017-06-07 19:56,65.00,0.00,8.00
NUQ,2017-06-07 20:56,63.00,0.00,7.00
NUQ,2017-06-07 21:56,61.00,0.00,5.00
NUQ,2017-06-07 22:56,61.00,0.00,3.00
NUQ,2017-06-07 23:56,61.00,0.00,3.00
NUQ,2017-06-08 00:56,62.00,0.00,7.00
NUQ,2017-06-08 01:56,61.00,0.00,5.00
NUQ,2017-06-08 02:56,62.00,0.00,5.00
NUQ,2017-06-08 03:56,61.00,0.00,5.00
NUQ,2017-06-08 04:56,60.00,0.00,4.00
NUQ,2017-06-08 05:56,60.00,0.00,4.00
NUQ,2017-06-08 06:56,61.00,T,4.00
NUQ,2017-06-08 07:56,61.00,T,7.00
NUQ,2017-06-08 08:56,62.00,T,7.00
NUQ,2017-06-08 09:56,64.00,T,9.00
NUQ,2017-06-08 10:56,67.00,0.00,8.00
NUQ,2017-06-08 11:56,69.00,0.00,8.00
NUQ,2017-06-08 12:56,70.00,0.00,4.00
NUQ,2017-06-08 13:56,69.00,T,5.00
NUQ,2017-06-08 14:31,69.00,0.00,7.00
NUQ,2017-06-08 14:39,69.00,0.00,7.00
NUQ,2017-06-08 14:56,70.00,0.00,6.00
NUQ,2017-06-08 15:56,71.00,0.00,5.00
NUQ,2017-06-08 16:56,70.00,0.00,4.00
NUQ,2017-06-08 17:56,68.00,0.00,9.00
NUQ,2017-06-08 18:56,66.00,0.00,8.00
NUQ,2017-06-08 19:56,65.00,0.00,6.00
NUQ,2017-06-08 20:45,64.00,0.00,6.00
NUQ,2017-06-08 20:56,64.00,0.00,6.00
NUQ,2017-06-08 21:56,63.00,T,5.00
NUQ,2017-06-08 22:18,64.00,0.00,4.00
NUQ,2017-06-08 22:56,63.00,0.01,3.00
NUQ,2017-06-08 23:11,63.00,T,4.00
NUQ,2017-06-08 23:56,63.00,T,6.00
NUQ,2017-06-09 00:56,63.00,0.00,7.00
NUQ,2017-06-09 01:56,62.00,0.00,6.00
NUQ,2017-06-09 02:56,62.00,T,4.00
NUQ,2017-06-09 03:56,61.00,T,6.00
NUQ,2017-06-09 04:56,62.00,0.00,7.00
NUQ,2017-06-09 05:03,62.00,0.00,6.00
NUQ,2017-06-09 05:56,61.00,T,5.00
NUQ,2017-06-09 06:06,61.00,T,4.00
NUQ,2017-06-09 06:56,61.00,0.01,6.00
NUQ,2017-06-09 07:56,60.00,T,5.00
NUQ,2017-06-09 08:49,62.00,T,8.00
NUQ,2017-06-09 08:56,62.00,T,7.00
NUQ,2017-06-09 09:56,61.00,0.00,7.00
NUQ,2017-06-09 10:56,62.00,0.00,9.00
NUQ,2017-06-09 11:56,66.00,0.00,7.00
NUQ,2017-06-09 12:25,66.00,0.00,0.00
NUQ,2017-06-09 12:56,67.00,0.00,9.00
NUQ,2017-06-09 13:56,68.00,0.00,7.00
NUQ,2017-06-09 14:56,68.00,0.00,11.00
NUQ,2017-06-09 15:56,72.00,0.00,7.00
NUQ,2017-06-09 16:56,67.00,0.00,9.00
NUQ,2017-06-09 17:56,66.00,0.00,10.00
NUQ,2017-06-09 18:56,61.00,0.00,7.00
NUQ,2017-06-09 19:56,60.00,0.00,9.00
NUQ,2017-06-09 20:56,58.00,0.00,11.00
NUQ,2017-06-09 21:56,57.00,0.00,5.00
NUQ,2017-06-09 22:56,57.00,0.00,6.00
NUQ,2017-06-09 23:56,56.00,0.00,3.00
NUQ,2017-06-10 00:56,55.00,0.00,0.00
NUQ,2017-06-10 01:56,55.00,0.00,6.00
NUQ,2017-06-10 02:56,54.00,0.00,3.00
NUQ,2017-06-10 03:56,54.00,0.00,0.00
NUQ,2017-06-10 04:56,55.00,0.00,0.00
NUQ,2017-06-10 05:56,53.00,0.00,3.00
NUQ,2017-06-10 06:56,56.00,0.00,5.00
NUQ,2017-06-10 07:56,59.00,0.00,5.00
NUQ,2017-06-10 08:56,62.00,0.00,9.00
NUQ,2017-06-10 09:56,64.00,0.00,12.00
NUQ,2017-06-10 10:56,67.00,0.00,14.00
NUQ,2017-06-10 11:56,69.00,0.00,13.00
NUQ,2017-06-10 12:56,70.00,0.00,17.00
NUQ,2017-06-10 13:56,70.00,0.00,8.00
NUQ,2017-06-10 14:56,70.00,0.00,10.00
NUQ,2017-06-10 15:56,68.00,0.00,13.00
NUQ,2017-06-10 16:56,69.00,0.00,13.00
NUQ,2017-06-10 17:56,67.00,0.00,10.00
NUQ,2017-06-10 18:56,64.00,0.00,13.00
NUQ,2017-06-10 19:56,61.00,0.00,10.00
NUQ,2017-06-10 20:56,59.00,0.00,8.00
NUQ,2017-06-10 21:56,58.00,0.00,9.00
NUQ,2017-06-10 22:56,56.00,0.00,8.00
NUQ,2017-06-10 23:56,56.00,0.00,6.00
NUQ,2017-06-11 00:56,56.00,0.00,7.00
NUQ,2017-06-11 01:56,55.00,0.00,6.00
NUQ,2017-06-11 02:56,54.00,0.00,3.00
NUQ,2017-06-11 03:08,55.00,0.00,5.00
NUQ,2017-06-11 03:33,54.00,0.00,5.00
NUQ,2017-06-11 03:56,54.00,0.00,3.00
NUQ,2017-06-11 04:56,54.00,0.00,8.00
NUQ,2017-06-11 05:56,54.00,0.00,7.00
NUQ,2017-06-11 06:56,56.00,0.00,10.00
NUQ,2017-06-11 07:56,58.00,0.00,9.00
NUQ,2017-06-11 08:56,60.00,0.00,11.00
NUQ,2017-06-11 09:56,62.00,0.00,14.00
NUQ,2017-06-11 10:56,64.00,0.00,10.00
NUQ,2017-06-11 11:56,64.00,0.00,10.00
NUQ,2017-06-11 12:56,65.00,0.00,11.00
NUQ,2017-06-11 13:56,64.00,0.00,12.00
NUQ,2017-06-11 14:56,64.00,0.00,14.00
NUQ,2017-06-11 15:56,65.00,0.00,13.00
NUQ,2017-06-11 16:56,64.00,0.00,14.00
NUQ,2017-06-11 17:56,61.00,0.00,10.00
NUQ,2017-06-11 18:56,60.00,0.00,7.00
NUQ,2017-06-11 19:56,59.00,0.00,9.00
NUQ,2017-06-11 20:56,58.00,0.00,7.00
NUQ,2017-06-11 21:56,57.00,0.00,0.00
NUQ,2017-06-11 22:56,56.00,0.00,0.00
NUQ,2017-06-11 23:56,56.00,0.00,0.00
NUQ,2017-06-12 00:56,56.00,0.00,0.00
NUQ,2017-06-12 01:37,56.00,0.00,0.00
NUQ,2017-06-12 01:56,56.00,0.00,3.00
NUQ,2017-06-12 02:24,56.00,0.00,0.00
NUQ,2017-06-12 02:56,54.00,0.00,3.00
NUQ,2017-06-12 03:53,53.60,0.00,3.00
NUQ,2017-06-12 03:56,53.00,0.00,4.00
NUQ,2017-06-12 04:13,52.00,0.00,4.00
NUQ,2017-06-12 04:28,54.00,0.00,0.00
NUQ,2017-06-12 04:56,54.00,0.00,3.00
NUQ,2017-06-12 05:11,54.00,0.00,3.00
NUQ,2017-06-12 05:35,54.00,0.00,3.00
NUQ,2017-06-12 05:56,54.00,0.00,5.00
NUQ,2017-06-12 06:56,56.00,0.00,3.00
NUQ,2017-06-12 07:56,58.00,0.00,0.00
NUQ,2017-06-12 08:07,58.00,0.00,8.00
NUQ,2017-06-12 08:56,59.00,0.00,6.00
NUQ,2017-06-12 09:56,60.00,0.00,3.00
NUQ,2017-06-12 10:17,62.00,0.00,5.00
NUQ,2017-06-12 10:49,61.00,0.00,6.00
NUQ,2017-06-12 10:56,62.00,0.00,6.00
NUQ,2017-06-12 11:56,64.00,0.00,4.00
NUQ,2017-06-12 12:56,68.00,0.00,3.00
NUQ,2017-06-12 13:56,70.00,0.00,9.00
NUQ,2017-06-12 14:56,67.00,0.00,14.00
NUQ,2017-06-12 15:56,68.00,0.00,12.00
NUQ,2017-06-12 16:56,67.00,0.00,10.00
NUQ,2017-06-12 17:56,65.00,0.00,11.00
NUQ,2017-06-12 18:56,63.00,0.00,8.00
NUQ,2017-06-12 19:56,61.00,0.00,8.00
NUQ,2017-06-12 20:56,58.00,0.00,8.00
NUQ,2017-06-12 21:56,57.00,0.00,3.00
NUQ,2017-06-12 22:56,56.00,0.00,3.00
NUQ,2017-06-12 23:56,57.00,0.00,0.00
NUQ,2017-06-13 00:56,55.00,0.00,3.00
NUQ,2017-06-13 01:56,55.00,0.00,0.00
NUQ,2017-06-13 02:56,54.00,0.00,3.00
NUQ,2017-06-13 03:56,54.00,0.00,0.00
NUQ,2017-06-13 04:56,53.00,0.00,0.00
NUQ,2017-06-13 05:56,52.00,0.00,0.00
NUQ,2017-06-13 06:56,54.00,0.00,0.00
NUQ,2017-06-13 07:56,57.00,0.00,0.00
NUQ,2017-06-13 08:56,61.00,0.00,0.00
NUQ,2017-06-13 09:56,64.00,0.00,4.00
NUQ,2017-06-13 10:56,67.00,0.00,7.00
NUQ,2017-06-13 11:56,70.00,0.00,8.00
NUQ,2017-06-13 12:56,74.00,0.00,10.00
NUQ,2017-06-13 13:56,75.00,0.00,9.00
NUQ,2017-06-13 14:56,73.00,0.00,13.00
NUQ,2017-06-13 15:56,73.00,0.00,16.00
NUQ,2017-06-13 16:56,72.00,0.00,15.00
NUQ,2017-06-13 17:56,71.00,0.00,13.00
NUQ,2017-06-13 18:56,70.00,0.00,14.00
NUQ,2017-06-13 19:56,65.00,0.00,13.00
NUQ,2017-06-13 20:56,62.00,0.00,11.00
NUQ,2017-06-13 21:56,60.00,0.00,7.00
NUQ,2017-06-13 22:56,59.00,0.00,4.00
NUQ,2017-06-13 23:56,57.00,0.00,4.00
NUQ,2017-06-14 00:56,57.00,0.00,5.00
NUQ,2017-06-14 01:56,56.00,0.00,0.00
NUQ,2017-06-14 02:56,57.00,0.00,0.00
NUQ,2017-06-14 03:56,57.00,0.00,3.00
NUQ,2017-06-14 04:56,55.00,0.00,0.00
NUQ,2017-06-14 05:56,55.00,0.00,0.00
NUQ,2017-06-14 06:56,57.00,0.00,3.00
NUQ,2017-06-14 07:56,60.00,0.00,3.00
NUQ,2017-06-14 08:56,63.00,0.00,7.00
NUQ,2017-06-14 09:56,65.00,0.00,5.00
NUQ,2017-06-14 10:56,69.00,0.00,7.00
NUQ,2017-06-14 11:56,73.00,0.00,7.00
NUQ,2017-06-14 12:56,76.00,0.00,9.00
NUQ,2017-06-14 13:56,77.00,0.00,10.00
NUQ,2017-06-14 14:56,76.00,0.00,12.00
NUQ,2017-06-14 15:56,74.00,0.00,11.00
NUQ,2017-06-14 16:56,75.00,0.00,15.00
NUQ,2017-06-14 17:56,73.00,0.00,17.00
NUQ,2017-06-14 18:56,70.00,0.00,15.00
NUQ,2017-06-14 19:56,67.00,0.00,9.00
NUQ,2017-06-14 20:56,64.00,0.00,11.00
NUQ,2017-06-14 21:56,62.00,0.00,6.00
NUQ,2017-06-14 22:56,61.00,0.00,6.00
NUQ,2017-06-14 23:56,60.00,0.00,5.00
NUQ,2017-06-15 00:56,58.00,0.00,5.00
NUQ,2017-06-15 01:56,57.00,0.00,4.00
NUQ,2017-06-15 02:56,57.00,0.00,0.00
NUQ,2017-06-15 03:56,57.00,0.00,0.00
NUQ,2017-06-15 04:56,57.00,0.00,0.00
NUQ,2017-06-15 05:56,55.00,0.00,0.00
NUQ,2017-06-15 06:56,59.00,0.00,3.00
NUQ,2017-06-15 07:56,61.00,0.00,3.00
NUQ,2017-06-15 08:56,64.00,0.00,5.00
NUQ,2017-06-15 09:56,67.00,0.00,4.00
NUQ,2017-06-15 10:56,68.00,0.00,7.00
NUQ,2017-06-15 11:56,71.00,0.00,7.00
NUQ,2017-06-15 12:56,75.00,0.00,11.00
NUQ,2017-06-15 13:56,77.00,0.00,14.00
NUQ,2017-06-15 14:56,77.00,0.00,14.00
NUQ,2017-06-15 15:56,76.00,0.00,13.00
NUQ,2017-06-15 16:56,74.00,0.00,15.00
NUQ,2017-06-15 17:56,76.00,0.00,12.00
NUQ,2017-06-15 18:56,74.00,0.00,9.00
NUQ,2017-06-15 19:56,74.00,0.00,10.00
NUQ,2017-06-15 20:56,69.00,0.00,13.00
NUQ,2017-06-15 21:56,69.00,0.00,0.00
NUQ,2017-06-15 22:56,66.00,0.00,0.00
NUQ,2017-06-15 23:56,64.00,0.00,3.00
NUQ,2017-06-16 00:56,63.00,0.00,5.00
NUQ,2017-06-16 01:56,62.00,0.00,5.00
NUQ,2017-06-16 02:56,62.00,0.00,0.00
NUQ,2017-06-16 03:56,62.00,0.00,4.00
NUQ,2017-06-16 04:56,61.00,0.00,0.00
NUQ,2017-06-16 05:56,61.00,0.00,4.00
NUQ,2017-06-16 06:56,64.00,0.00,0.00
NUQ,2017-06-16 07:56,66.00,0.00,3.00
NUQ,2017-06-16 08:56,68.00,0.00,4.00
NUQ,2017-06-16 09:56,71.00,0.00,5.00
NUQ,2017-06-16 10:56,76.00,0.00,5.00
NUQ,2017-06-16 11:56,81.00,0.00,9.00
NUQ,2017-06-16 12:56,82.00,0.00,9.00
NUQ,2017-06-16 13:56,82.00,0.00,13.00
NUQ,2017-06-16 14:56,80.00,0.00,15.00
NUQ,2017-06-16 15:56,80.00,0.00,17.00
NUQ,2017-06-16 16:56,77.00,0.00,16.00
NUQ,2017-06-16 17:56,76.00,0.00,15.00
NUQ,2017-06-16 18:56,74.00,0.00,13.00
NUQ,2017-06-16 19:56,72.00,0.00,11.00
NUQ,2017-06-16 20:56,70.00,0.00,7.00
NUQ,2017-06-16 21:56,69.00,0.00,8.00
NUQ,2017-06-16 22:56,67.00,0.00,6.00
NUQ,2017-06-16 23:56,66.00,0.00,0.00
NUQ,2017-06-17 00:56,65.00,0.00,5.00
NUQ,2017-06-17 01:56,65.00,0.00,3.00
NUQ,2017-06-17 02:56,64.00,0.00,8.00
NUQ,2017-06-17 03:56,62.00,0.00,6.00
NUQ,2017-06-17 04:56,61.00,0.00,4.00
NUQ,2017-06-17 05:56,61.00,0.00,4.00
NUQ,2017-06-17 06:56,64.00,0.00,4.00
NUQ,2017-06-17 07:56,65.00,0.00,4.00
NUQ,2017-06-17 08:56,69.00,0.00,4.00
NUQ,2017-06-17 09:56,72.00,0.00,6.00
NUQ,2017-06-17 10:56,74.00,0.00,7.00
NUQ,2017-06-17 11:56,80.00,0.00,8.00
NUQ,2017-06-17 12:56,83.00,0.00,11.00
NUQ,2017-06-17 13:56,82.00,0.00,12.00
NUQ,2017-06-17 14:56,84.00,0.00,9.00
NUQ,2017-06-17 15:56,85.00,0.00,13.00
NUQ,2017-06-17 16:56,81.00,0.00,15.00
NUQ,2017-06-17 17:56,79.00,0.00,12.00
NUQ,2017-06-17 18:56,77.00,0.00,10.00
NUQ,2017-06-17 19:56,73.00,0.00,8.00
NUQ,2017-06-17 20:56,70.00,0.00,6.00
NUQ,2017-06-17 21:56,70.00,0.00,5.00
NUQ,2017-06-17 22:56,71.00,0.00,0.00
NUQ,2017-06-17 23:56,70.00,0.00,0.00
NUQ,2017-06-18 00:56,71.00,0.00,3.00
NUQ,2017-06-18 01:56,70.00,0.00,0.00
NUQ,2017-06-18 02:56,69.00,0.00,4.00
NUQ,2017-06-18 03:56,70.00,0.00,3.00
NUQ,2017-06-18 04:56,69.00,0.00,0.00
NUQ,2017-06-18 05:56,69.00,0.00,0.00
NUQ,2017-06-18 06:56,71.00,0.00,0.00
NUQ,2017-06-18 07:56,75.00,0.00,3.00
NUQ,2017-06-18 08:56,77.00,0.00,3.00
NUQ,2017-06-18 09:56,84.00,0.00,4.00
NUQ,2017-06-18 10:56,88.00,0.00,5.00
NUQ,2017-06-18 11:56,92.00,0.00,6.00
NUQ,2017-06-18 12:56,98.00,0.00,5.00
NUQ,2017-06-18 13:56,98.00,0.00,8.00
NUQ,2017-06-18 14:56,99.00,0.00,10.00
NUQ,2017-06-18 15:56,97.00,0.00,11.00
NUQ,2017-06-18 16:56,92.00,0.00,12.00
NUQ,2017-06-18 17:56,86.00,0.00,8.00
NUQ,2017-06-18 18:56,85.00,0.00,12.00
NUQ,2017-06-18 19:56,81.00,0.00,7.00
NUQ,2017-06-18 20:56,79.00,0.00,5.00
NUQ,2017-06-18 21:56,79.00,0.00,4.00
NUQ,2017-06-18 22:56,78.00,0.00,3.00
NUQ,2017-06-18 23:56,74.00,0.00,3.00
NUQ,2017-06-19 00:56,73.00,0.00,4.00
NUQ,2017-06-19 01:56,70.00,0.00,4.00
NUQ,2017-06-19 02:56,70.00,0.00,3.00
NUQ,2017-06-19 03:56,68.00,0.00,3.00
NUQ,2017-06-19 04:56,67.00,0.00,4.00
NUQ,2017-06-19 05:56,67.00,0.00,4.00
NUQ,2017-06-19 06:56,68.00,0.00,3.00
NUQ,2017-06-19 07:56,71.00,0.00,3.00
NUQ,2017-06-19 08:56,73.00,0.00,5.00
NUQ,2017-06-19 09:56,77.00,0.00,4.00
NUQ,2017-06-19 10:56,81.00,0.00,6.00
NUQ,2017-06-19 11:56,83.00,0.00,8.00
NUQ,2017-06-19 12:56,84.00,0.00,9.00
NUQ,2017-06-19 13:56,83.00,0.00,10.00
NUQ,2017-06-19 14:56,83.00,0.00,10.00
NUQ,2017-06-19 15:56,82.00,0.00,9.00
NUQ,2017-06-19 16:56,80.00,0.00,8.00
NUQ,2017-06-19 17:56,78.00,0.00,7.00
NUQ,2017-06-19 18:56,75.00,0.00,9.00
NUQ,2017-06-19 19:56,69.00,0.00,8.00
NUQ,2017-06-19 20:56,67.00,0.00,3.00
NUQ,2017-06-19 21:56,67.00,0.00,4.00
NUQ,2017-06-19 22:56,66.00,0.00,4.00
NUQ,2017-06-19 23:56,66.00,0.00,3.00
NUQ,2017-06-20 00:56,65.00,0.00,5.00
NUQ,2017-06-20 01:56,64.00,0.00,5.00
NUQ,2017-06-20 02:56,64.00,0.00,3.00
NUQ,2017-06-20 03:56,63.00,0.00,0.00
NUQ,2017-06-20 04:56,64.00,0.00,0.00
NUQ,2017-06-20 05:56,63.00,0.00,4.00
NUQ,2017-06-20 06:56,64.00,0.00,3.00
NUQ,2017-06-20 07:56,66.00,0.00,6.00
NUQ,2017-06-20 08:56,68.00,0.00,6.00
NUQ,2017-06-20 09:56,72.00,0.00,0.00
NUQ,2017-06-20 10:56,75.00,0.00,5.00
NUQ,2017-06-20 11:56,79.00,0.00,10.00
NUQ,2017-06-20 12:56,79.00,0.00,9.00
NUQ,2017-06-20 13:56,81.00,0.00,10.00
NUQ,2017-06-20 14:56,80.00,0.00,12.00
NUQ,2017-06-20 15:56,77.00,0.00,12.00
NUQ,2017-06-20 16:56,76.00,0.00,14.00
NUQ,2017-06-20 17:56,74.00,0.00,14.00
NUQ,2017-06-20 18:56,71.00,0.00,11.00
NUQ,2017-06-20 19:56,68.00,0.00,12.00
NUQ,2017-06-20 20:56,66.00,0.00,9.00
NUQ,2017-06-20 21:56,64.00,0.00,7.00
NUQ,2017-06-20 22:56,63.00,0.00,6.00
NUQ,2017-06-20 23:56,61.00,0.00,5.00
NUQ,2017-06-21 00:56,61.00,0.00,5.00
NUQ,2017-06-21 01:56,60.00,0.00,6.00
NUQ,2017-06-21 02:56,60.00,0.00,5.00
NUQ,2017-06-21 03:11,59.00,0.00,4.00
NUQ,2017-06-21 03:18,60.00,0.00,4.00
NUQ,2017-06-21 03:26,59.00,0.00,5.00
NUQ,2017-06-21 03:56,59.00,0.00,4.00
NUQ,2017-06-21 04:09,59.00,0.00,5.00
NUQ,2017-06-21 04:56,59.00,0.00,5.00
NUQ,2017-06-21 05:56,59.00,0.00,5.00
NUQ,2017-06-21 06:56,60.00,0.00,3.00
NUQ,2017-06-21 07:46,61.00,0.00,3.00
NUQ,2017-06-21 07:56,62.00,0.00,0.00
NUQ,2017-06-21 08:56,66.00,0.00,3.00
NUQ,2017-06-21 09:56,69.00,0.00,0.00
NUQ,2017-06-21 10:56,74.00,0.00,6.00
NUQ,2017-06-21 11:56,77.00,0.00,4.00
NUQ,2017-06-21 12:56,79.00,0.00,6.00
NUQ,2017-06-21 13:56,81.00,0.00,6.00
NUQ,2017-06-21 14:56,82.00,0.00,11.00
NUQ,2017-06-21 15:56,83.00,0.00,11.00
NUQ,2017-06-21 16:56,81.00,0.00,9.00
NUQ,2017-06-21 17:56,78.00,0.00,10.00
NUQ,2017-06-21 18:56,78.00,0.00,5.00
NUQ,2017-06-21 19:56,76.00,0.00,7.00
NUQ,2017-06-21 20:56,73.00,0.00,4.00
NUQ,2017-06-21 21:56,72.00,0.00,3.00
NUQ,2017-06-21 22:56,71.00,0.00,3.00
NUQ,2017-06-21 23:56,70.00,0.00,3.00
NUQ,2017-06-22 00:56,69.00,0.00,3.00
NUQ,2017-06-22 01:56,68.00,0.00,3.00
NUQ,2017-06-22 02:56,67.00,0.00,3.00
NUQ,2017-06-22 03:56,66.00,0.00,3.00
NUQ,2017-06-22 04:56,66.00,0.00,0.00
NUQ,2017-06-22 05:56,68.00,0.00,3.00
NUQ,2017-06-22 06:56,69.00,0.00,0.00
NUQ,2017-06-22 07:56,71.00,0.00,4.00
NUQ,2017-06-22 08:56,74.00,0.00,4.00
NUQ,2017-06-22 09:56,76.00,0.00,5.00
NUQ,2017-06-22 10:56,80.00,0.00,5.00
NUQ,2017-06-22 11:56,84.00,0.00,6.00
NUQ,2017-06-22 12:56,89.00,0.00,7.00
NUQ,2017-06-22 13:56,87.00,0.00,11.00
NUQ,2017-06-22 14:56,86.00,0.00,9.00
NUQ,2017-06-22 15:56,84.00,0.00,10.00
NUQ,2017-06-22 16:56,80.00,0.00,11.00
NUQ,2017-06-22 17:56,76.00,0.00,10.00
NUQ,2017-06-22 18:56,74.00,0.00,11.00
NUQ,2017-06-22 19:56,71.00,0.00,10.00
NUQ,2017-06-22 20:56,69.00,0.00,6.00
NUQ,2017-06-22 21:56,67.00,0.00,5.00
NUQ,2017-06-22 22:56,66.00,0.00,3.00
NUQ,2017-06-22 23:56,66.00,0.00,0.00
NUQ,2017-06-23 00:56,65.00,0.00,3.00
NUQ,2017-06-23 01:56,66.00,0.00,3.00
NUQ,2017-06-23 02:56,64.00,0.00,3.00
NUQ,2017-06-23 03:56,63.00,0.00,4.00
NUQ,2017-06-23 04:56,63.00,0.00,4.00
NUQ,2017-06-23 05:09,63.00,0.00,3.00
NUQ,2017-06-23 05:56,63.00,0.00,0.00
NUQ,2017-06-23 06:56,63.00,0.00,6.00
NUQ,2017-06-23 07:17,63.00,0.00,6.00
NUQ,2017-06-23 07:53,64.40,0.00,4.00
NUQ,2017-06-23 07:56,64.00,0.00,4.00
NUQ,2017-06-23 08:24,66.00,0.00,5.00
NUQ,2017-06-23 08:56,67.00,0.00,4.00
NUQ,2017-06-23 09:08,67.00,0.00,6.00
NUQ,2017-06-23 09:56,69.00,0.00,5.00
NUQ,2017-06-23 10:56,70.00,0.00,5.00
NUQ,2017-06-23 11:56,74.00,0.00,8.00
NUQ,2017-06-23 12:56,77.00,0.00,9.00
NUQ,2017-06-23 13:56,77.00,0.00,10.00
NUQ,2017-06-23 14:56,75.00,0.00,10.00
NUQ,2017-06-23 15:56,74.00,0.00,10.00
NUQ,2017-06-23 16:56,73.00,0.00,11.00
NUQ,2017-06-23 17:56,72.00,0.00,11.00
NUQ,2017-06-23 18:56,70.00,0.00,8.00
NUQ,2017-06-23 19:56,67.00,0.00,8.00
NUQ,2017-06-23 20:56,65.00,0.00,6.00
NUQ,2017-06-23 21:16,65.00,0.00,6.00
NUQ,2017-06-23 21:36,65.00,0.00,7.00
NUQ,2017-06-23 21:46,64.00,0.00,6.00
NUQ,2017-06-23 21:56,64.00,0.00,6.00
NUQ,2017-06-23 22:16,64.00,0.00,6.00
NUQ,2017-06-23 22:25,64.00,0.00,6.00
NUQ,2017-06-23 22:56,64.00,0.00,9.00
NUQ,2017-06-23 23:56,63.00,0.00,9.00
NUQ,2017-06-24 00:56,63.00,0.00,8.00
NUQ,2017-06-24 01:56,62.00,0.00,7.00
NUQ,2017-06-24 02:56,62.00,0.00,6.00
NUQ,2017-06-24 03:56,62.00,0.00,4.00
NUQ,2017-06-24 04:56,62.00,0.00,4.00
NUQ,2017-06-24 05:56,62.00,0.00,3.00
NUQ,2017-06-24 06:45,62.00,0.00,0.00
NUQ,2017-06-24 06:56,62.00,0.00,3.00
NUQ,2017-06-24 07:56,63.00,0.00,4.00
NUQ,2017-06-24 08:56,64.00,0.00,7.00
NUQ,2017-06-24 09:56,65.00,0.00,3.00
NUQ,2017-06-24 10:51,66.20,0.00,3.00
NUQ,2017-06-24 10:56,68.00,0.00,4.00
NUQ,2017-06-24 11:04,68.00,0.00,4.00
NUQ,2017-06-24 11:56,70.00,0.00,4.00
NUQ,2017-06-24 12:56,72.00,0.00,8.00
NUQ,2017-06-24 13:56,74.00,0.00,10.00
NUQ,2017-06-24 14:56,73.00,0.00,12.00
NUQ,2017-06-24 15:56,69.00,0.00,10.00
NUQ,2017-06-24 16:56,69.00,0.00,8.00
NUQ,2017-06-24 17:56,70.00,0.00,12.00
NUQ,2017-06-24 18:56,67.00,0.00,13.00
NUQ,2017-06-24 19:56,65.00,0.00,12.00
NUQ,2017-06-24 20:56,63.00,0.00,8.00
NUQ,2017-06-24 21:56,62.00,0.00,8.00
NUQ,2017-06-24 22:44,62.00,0.00,6.00
NUQ,2017-06-24 22:56,62.00,0.00,8.00
NUQ,2017-06-24 23:56,61.00,0.00,8.00
NUQ,2017-06-25 00:56,61.00,0.00,8.00
NUQ,2017-06-25 01:56,61.00,0.00,6.00
NUQ,2017-06-25 02:05,61.00,0.00,5.00
NUQ,2017-06-25 02:56,61.00,0.00,6.00
NUQ,2017-06-25 03:56,61.00,0.00,6.00
NUQ,2017-06-25 04:56,61.00,0.00,4.00
NUQ,2017-06-25 05:56,61.00,0.00,6.00
NUQ,2017-06-25 06:56,61.00,0.00,0.00
NUQ,2017-06-25 07:56,62.00,0.00,4.00
NUQ,2017-06-25 08:56,62.00,0.00,4.00
NUQ,2017-06-25 09:40,64.00,0.00,4.00
NUQ,2017-06-25 09:56,64.00,0.00,4.00
NUQ,2017-06-25 10:56,66.00,0.00,5.00
NUQ,2017-06-25 11:22,68.00,0.00,8.00
NUQ,2017-06-25 11:56,67.00,0.00,8.00
NUQ,2017-06-25 12:56,67.00,0.00,11.00
NUQ,2017-06-25 13:04,68.00,0.00,11.00
NUQ,2017-06-25 13:56,68.00,0.00,13.00
NUQ,2017-06-25 14:56,69.00,0.00,10.00
NUQ,2017-06-25 15:56,70.00,0.00,12.00
NUQ,2017-06-25 16:56,69.00,0.00,14.00
NUQ,2017-06-25 17:56,69.00,0.00,14.00
NUQ,2017-06-25 18:56,68.00,0.00,15.00
NUQ,2017-06-25 19:56,65.00,0.00,10.00
NUQ,2017-06-25 20:56,63.00,0.00,9.00
NUQ,2017-06-25 21:56,63.00,0.00,3.00
NUQ,2017-06-25 22:56,62.00,0.00,0.00
NUQ,2017-06-25 23:56,61.00,0.00,0.00
NUQ,2017-06-26 00:56,61.00,0.00,0.00
NUQ,2017-06-26 01:56,60.00,0.00,3.00
NUQ,2017-06-26 02:47,60.00,0.00,4.00
NUQ,2017-06-26 02:56,60.00,0.00,5.00
NUQ,2017-06-26 03:56,60.00,0.00,7.00
NUQ,2017-06-26 04:56,60.00,0.00,4.00
NUQ,2017-06-26 05:56,61.00,0.00,4.00
NUQ,2017-06-26 06:56,62.00,0.00,3.00
NUQ,2017-06-26 07:18,62.00,0.00,0.00
NUQ,2017-06-26 07:56,63.00,0.00,3.00
NUQ,2017-06-26 08:56,65.00,0.00,0.00
NUQ,2017-06-26 09:07,66.00,0.00,4.00
NUQ,2017-06-26 09:56,68.00,0.00,7.00
NUQ,2017-06-26 10:56,69.00,0.00,6.00
NUQ,2017-06-26 11:56,70.00,0.00,10.00
NUQ,2017-06-26 12:56,71.00,0.00,11.00
NUQ,2017-06-26 13:56,72.00,0.00,13.00
NUQ,2017-06-26 14:56,73.00,0.00,16.00
NUQ,2017-06-26 15:56,72.00,0.00,17.00
NUQ,2017-06-26 16:56,71.00,0.00,18.00
NUQ,2017-06-26 17:56,72.00,0.00,15.00
NUQ,2017-06-26 18:56,70.00,0.00,15.00
NUQ,2017-06-26 19:56,67.00,0.00,8.00
NUQ,2017-06-26 20:56,64.00,0.00,9.00
NUQ,2017-06-26 21:56,62.00,0.00,10.00
NUQ,2017-06-26 22:56,61.00,0.00,6.00
NUQ,2017-06-26 23:56,61.00,0.00,6.00
NUQ,2017-06-27 00:19,61.00,0.00,4.00
NUQ,2017-06-27 00:56,61.00,0.00,5.00
NUQ,2017-06-27 01:56,60.00,0.00,3.00
NUQ,2017-06-27 02:56,61.00,0.00,4.00
NUQ,2017-06-27 03:56,61.00,0.00,3.00
NUQ,2017-06-27 04:56,60.00,0.00,4.00
NUQ,2017-06-27 05:56,60.00,0.00,5.00
NUQ,2017-06-27 06:56,60.00,0.00,5.00
NUQ,2017-06-27 07:56,61.00,0.00,4.00
NUQ,2017-06-27 08:56,62.00,0.00,5.00
NUQ,2017-06-27 09:56,66.00,0.00,5.00
NUQ,2017-06-27 10:08,66.00,0.00,3.00
NUQ,2017-06-27 10:56,67.00,0.00,7.00
NUQ,2017-06-27 11:56,69.00,0.00,11.00
NUQ,2017-06-27 12:56,69.00,0.00,11.00
NUQ,2017-06-27 13:56,69.00,0.00,15.00
NUQ,2017-06-27 14:56,70.00,0.00,17.00
NUQ,2017-06-27 15:56,69.00,0.00,17.00
NUQ,2017-06-27 16:56,70.00,0.00,13.00
NUQ,2017-06-27 17:56,67.00,0.00,15.00
NUQ,2017-06-27 18:56,66.00,0.00,11.00
NUQ,2017-06-27 19:56,63.00,0.00,9.00
NUQ,2017-06-27 20:56,60.00,0.00,5.00
NUQ,2017-06-27 21:56,59.00,0.00,8.00
NUQ,2017-06-27 22:56,58.00,0.00,3.00
NUQ,2017-06-27 23:56,58.00,0.00,0.00
NUQ,2017-06-28 00:56,58.00,0.00,4.00
NUQ,2017-06-28 01:06,58.00,0.00,5.00
NUQ,2017-06-28 01:13,58.00,0.00,3.00
NUQ,2017-06-28 01:56,58.00,0.00,4.00
NUQ,2017-06-28 02:56,57.00,0.00,4.00
NUQ,2017-06-28 03:56,58.00,0.00,0.00
NUQ,2017-06-28 04:56,59.00,0.00,0.00
NUQ,2017-06-28 05:56,59.00,0.00,0.00
NUQ,2017-06-28 06:56,59.00,0.00,4.00
NUQ,2017-06-28 07:56,60.00,0.00,0.00
NUQ,2017-06-28 08:04,61.00,0.00,3.00
NUQ,2017-06-28 08:56,64.00,0.00,0.00
NUQ,2017-06-28 09:56,67.00,0.00,7.00
NUQ,2017-06-28 10:56,69.00,0.00,6.00
NUQ,2017-06-28 11:56,71.00,0.00,8.00
NUQ,2017-06-28 12:56,69.00,0.00,11.00
NUQ,2017-06-28 13:56,69.00,0.00,12.00
NUQ,2017-06-28 14:56,68.00,0.00,13.00
NUQ,2017-06-28 15:56,69.00,0.00,14.00
NUQ,2017-06-28 16:56,68.00,0.00,15.00
NUQ,2017-06-28 17:56,67.00,0.00,14.00
NUQ,2017-06-28 18:56,65.00,0.00,13.00
NUQ,2017-06-28 19:56,63.00,0.00,10.00
NUQ,2017-06-28 20:56,62.00,0.00,9.00
NUQ,2017-06-28 21:56,61.00,0.00,6.00
NUQ,2017-06-28 22:56,59.00,0.00,5.00
NUQ,2017-06-28 23:56,58.00,0.00,4.00
NUQ,2017-06-29 00:56,58.00,0.00,3.00
NUQ,2017-06-29 01:56,57.00,0.00,4.00
NUQ,2017-06-29 02:16,57.00,0.00,4.00
NUQ,2017-06-29 02:56,58.00,0.00,4.00
NUQ,2017-06-29 03:56,59.00,0.00,3.00
NUQ,2017-06-29 04:56,59.00,0.00,0.00
NUQ,2017-06-29 05:56,58.00,0.00,3.00
NUQ,2017-06-29 06:56,60.00,0.00,4.00
NUQ,2017-06-29 07:53,60.80,0.00,5.00
NUQ,2017-06-29 07:56,61.00,0.00,4.00
NUQ,2017-06-29 08:56,64.00,0.00,4.00
NUQ,2017-06-29 09:40,64.00,0.00,4.00
NUQ,2017-06-29 09:56,65.00,0.00,3.00
NUQ,2017-06-29 10:56,66.00,0.00,5.00
NUQ,2017-06-29 11:56,68.00,0.00,6.00
NUQ,2017-06-29 12:56,68.00,0.00,7.00
NUQ,2017-06-29 13:56,70.00,0.00,12.00
NUQ,2017-06-29 14:56,70.00,0.00,12.00
NUQ,2017-06-29 15:56,70.00,0.00,14.00
NUQ,2017-06-29 16:56,69.00,0.00,14.00
NUQ,2017-06-29 17:56,67.00,0.00,14.00
NUQ,2017-06-29 18:56,65.00,0.00,12.00
NUQ,2017-06-29 19:56,62.00,0.00,10.00
NUQ,2017-06-29 20:56,59.00,0.00,9.00
NUQ,2017-06-29 21:56,59.00,0.00,8.00
NUQ,2017-06-29 22:56,58.00,0.00,9.00
NUQ,2017-06-29 23:56,57.00,0.00,7.00
NUQ,2017-06-30 00:56,57.00,0.00,3.00
NUQ,2017-06-30 01:33,58.00,0.00,0.00
NUQ,2017-06-30 01:45,57.00,0.00,4.00
NUQ,2017-06-30 01:56,57.00,0.00,5.00
NUQ,2017-06-30 02:56,58.00,0.00,0.00
NUQ,2017-06-30 03:56,58.00,0.00,0.00
NUQ,2017-06-30 04:06,58.00,0.00,3.00
NUQ,2017-06-30 04:47,57.00,0.00,3.00
NUQ,2017-06-30 04:56,57.00,0.00,3.00
NUQ,2017-06-30 05:56,58.00,0.00,0.00
NUQ,2017-06-30 06:09,58.00,0.00,3.00
NUQ,2017-06-30 06:56,58.00,0.00,3.00
NUQ,2017-06-30 07:56,59.00,0.00,3.00
NUQ,2017-06-30 08:32,60.00,0.00,6.00
NUQ,2017-06-30 08:56,61.00,0.00,6.00
NUQ,2017-06-30 09:27,62.00,0.00,6.00
NUQ,2017-06-30 09:56,63.00,0.00,6.00
NUQ,2017-06-30 10:56,65.00,0.00,6.00
NUQ,2017-06-30 11:56,67.00,0.00,8.00
NUQ,2017-06-30 12:56,68.00,0.00,10.00
NUQ,2017-06-30 13:56,70.00,0.00,11.00
NUQ,2017-06-30 14:56,70.00,0.00,16.00
NUQ,2017-06-30 15:56,70.00,0.00,13.00
NUQ,2017-06-30 16:56,70.00,0.00,12.00
NUQ,2017-06-30 17:56,69.00,0.00,13.00
NUQ,2017-06-30 18:56,66.00,0.00,12.00
NUQ,2017-06-30 19:56,63.00,0.00,10.00
NUQ,2017-06-30 20:56,62.00,0.00,10.00
NUQ,2017-06-30 21:56,60.00,0.00,7.00
NUQ,2017-06-30 22:56,58.00,0.00,6.00
NUQ,2017-06-30 23:56,58.00,0.00,7.00
