station,valid,tmpf,p01i,sknt
SJC,2017-01-01 00:53,40.00,0.00,6.00
SJC,2017-01-01 01:53,41.00,0.00,0.00
SJC,2017-01-01 02:53,42.00,0.00,5.00
SJC,2017-01-01 03:53,43.00,0.00,4.00
SJC,2017-01-01 04:11,43.00,0.00,7.00
SJC,2017-01-01 04:53,43.00,0.00,6.00
SJC,2017-01-01 05:53,44.00,0.00,6.00
SJC,2017-01-01 06:53,44.00,0.00,5.00
SJC,2017-01-01 07:53,44.00,0.00,4.00
SJC,2017-01-01 08:53,46.00,0.00,4.00
SJC,2017-01-01 09:53,48.00,0.00,0.00
SJC,2017-01-01 10:53,52.00,0.00,0.00
SJC,2017-01-01 11:53,53.00,0.00,7.00
SJC,2017-01-01 12:53,55.00,0.00,6.00
SJC,2017-01-01 13:53,55.00,0.00,10.00
SJC,2017-01-01 14:53,54.00,0.00,11.00
SJC,2017-01-01 15:53,54.00,0.00,13.00
SJC,2017-01-01 16:53,50.00,0.00,14.00
SJC,2017-01-01 17:53,48.00,0.00,6.00
SJC,2017-01-01 18:53,48.00,0.00,4.00
SJC,2017-01-01 19:53,46.00,0.00,0.00
SJC,2017-01-01 20:53,48.00,0.00,3.00
SJC,2017-01-01 21:53,47.00,T,5.00
SJC,2017-01-01 22:53,46.00,T,7.00
SJC,2017-01-01 23:53,45.00,0.00,5.00
SJC,2017-01-02 00:53,45.00,T,6.00
SJC,2017-01-02 01:53,45.00,T,7.00
SJC,2017-01-02 02:53,45.00,T,5.00
SJC,2017-01-02 03:53,44.00,0.01,5.00
SJC,2017-01-02 04:53,44.00,0.01,3.00
SJC,2017-01-02 05:53,44.00,0.00,5.00
SJC,2017-01-02 06:53,44.00,T,8.00
SJC,2017-01-02 07:53,45.00,0.00,8.00
SJC,2017-01-02 08:53,46.00,0.00,9.00
SJC,2017-01-02 09:53,47.00,0.00,8.00
SJC,2017-01-02 10:53,48.00,T,7.00
SJC,2017-01-02 11:53,47.00,0.03,0.00
SJC,2017-01-02 12:53,49.00,0.02,0.00
SJC,2017-01-02 13:53,50.00,0.00,5.00
SJC,2017-01-02 14:53,50.00,T,7.00
SJC,2017-01-02 15:53,51.00,T,8.00
SJC,2017-01-02 16:53,50.00,T,7.00
SJC,2017-01-02 17:53,49.00,0.00,10.00
SJC,2017-01-02 18:53,49.00,0.00,11.00
SJC,2017-01-02 19:53,48.00,0.00,11.00
SJC,2017-01-02 20:53,48.00,T,8.00
SJC,2017-01-02 21:53,48.00,T,7.00
SJC,2017-01-02 22:53,49.00,0.00,5.00
SJC,2017-01-02 23:53,49.00,T,6.00
SJC,2017-01-03 00:06,49.00,0.00,7.00
SJC,2017-01-03 00:19,49.00,0.00,9.00
SJC,2017-01-03 00:40,49.00,T,7.00
SJC,2017-01-03 00:53,49.00,T,7.00
SJC,2017-01-03 01:53,49.00,0.01,5.00
SJC,2017-01-03 02:53,49.00,T,4.00
SJC,2017-01-03 03:35,49.00,0.02,6.00
SJC,2017-01-03 03:53,49.00,0.03,6.00
SJC,2017-01-03 04:53,49.00,T,10.00
SJC,2017-01-03 05:53,49.00,0.01,7.00
SJC,2017-01-03 06:53,49.00,T,10.00
SJC,2017-01-03 07:53,50.00,0.00,12.00
SJC,2017-01-03 08:53,51.00,0.00,15.00
SJC,2017-01-03 09:53,53.00,T,20.00
SJC,2017-01-03 10:53,53.00,T,15.00
SJC,2017-01-03 11:53,55.00,T,15.00
SJC,2017-01-03 12:53,54.00,T,20.00
SJC,2017-01-03 13:53,54.00,0.01,16.00
SJC,2017-01-03 14:53,54.00,T,12.00
SJC,2017-01-03 15:53,54.00,0.01,7.00
SJC,2017-01-03 16:29,54.00,0.01,9.00
SJC,2017-01-03 16:39,54.00,0.01,12.00
SJC,2017-01-03 16:53,54.00,0.01,13.00
SJC,2017-01-03 17:53,53.00,0.02,16.00
SJC,2017-01-03 18:53,54.00,0.03,14.00
SJC,2017-01-03 19:53,54.00,0.01,15.00
SJC,2017-01-03 20:53,54.00,0.04,11.00
SJC,2017-01-03 21:53,54.00,0.01,15.00
SJC,2017-01-03 22:53,54.00,0.01,16.00
SJC,2017-01-03 23:12,54.00,0.05,14.00
SJC,2017-01-03 23:16,54.00,0.05,15.00
SJC,2017-01-03 23:33,54.00,0.06,18.00
SJC,2017-01-03 23:37,54.00,0.06,17.00
SJC,2017-01-03 23:43,54.00,0.07,17.00
SJC,2017-01-03 23:53,54.00,0.08,15.00
SJC,2017-01-04 00:53,55.00,0.01,13.00
SJC,2017-01-04 01:53,57.00,T,11.00
SJC,2017-01-04 02:53,57.00,T,9.00
SJC,2017-01-04 03:02,56.00,0.00,9.00
SJC,2017-01-04 03:53,56.00,0.00,8.00
SJC,2017-01-04 04:45,55.00,T,7.00
SJC,2017-01-04 04:53,55.00,T,7.00
SJC,2017-01-04 05:26,55.00,T,7.00
SJC,2017-01-04 05:53,55.00,T,7.00
SJC,2017-01-04 06:53,56.00,0.01,6.00
SJC,2017-01-04 07:53,57.00,T,5.00
SJC,2017-01-04 08:53,57.00,0.00,6.00
SJC,2017-01-04 09:53,57.00,0.00,3.00
SJC,2017-01-04 10:53,59.00,0.00,6.00
SJC,2017-01-04 11:10,56.00,0.00,10.00
SJC,2017-01-04 11:53,54.00,0.01,8.00
SJC,2017-01-04 12:53,53.00,0.00,7.00
SJC,2017-01-04 13:09,54.00,0.00,7.00
SJC,2017-01-04 13:53,54.00,0.00,6.00
SJC,2017-01-04 14:53,52.00,T,8.00
SJC,2017-01-04 15:53,52.00,0.01,9.00
SJC,2017-01-04 16:53,51.00,0.01,0.00
SJC,2017-01-04 17:36,51.00,T,3.00
SJC,2017-01-04 17:53,51.00,T,5.00
SJC,2017-01-04 18:46,52.00,0.00,0.00
SJC,2017-01-04 18:53,52.00,0.00,0.00
SJC,2017-01-04 19:53,50.00,0.02,9.00
SJC,2017-01-04 20:25,49.00,0.01,10.00
SJC,2017-01-04 20:53,49.00,0.02,10.00
SJC,2017-01-04 21:53,49.00,0.05,5.00
SJC,2017-01-04 22:03,49.00,0.02,7.00
SJC,2017-01-04 22:10,49.00,0.02,6.00
SJC,2017-01-04 22:53,48.00,0.05,5.00
SJC,2017-01-04 23:08,48.00,0.03,7.00
SJC,2017-01-04 23:53,48.00,0.08,6.00
SJC,2017-01-05 00:32,48.00,0.01,7.00
SJC,2017-01-05 00:49,48.20,0.01,6.00
SJC,2017-01-05 00:53,48.00,0.01,5.00
SJC,2017-01-05 01:12,48.00,0.00,5.00
SJC,2017-01-05 01:24,48.00,0.00,5.00
SJC,2017-01-05 01:46,47.00,0.01,8.00
SJC,2017-01-05 01:53,47.00,0.01,7.00
SJC,2017-01-05 02:28,47.00,0.00,4.00
SJC,2017-01-05 02:39,47.00,0.00,0.00
SJC,2017-01-05 02:53,47.00,0.00,0.00
SJC,2017-01-05 03:21,47.00,0.00,0.00
SJC,2017-01-05 03:28,47.00,0.00,0.00
SJC,2017-01-05 03:53,47.00,0.00,0.00
SJC,2017-01-05 04:53,46.00,0.00,0.00
SJC,2017-01-05 05:44,47.00,0.00,5.00
SJC,2017-01-05 05:53,47.00,0.00,6.00
SJC,2017-01-05 06:08,46.00,0.00,6.00
SJC,2017-01-05 06:53,46.00,0.00,7.00
SJC,2017-01-05 07:53,45.00,0.00,4.00
SJC,2017-01-05 08:53,46.00,0.00,9.00
SJC,2017-01-05 09:53,48.00,0.00,6.00
SJC,2017-01-05 10:53,50.00,0.00,11.00
SJC,2017-01-05 11:53,50.00,T,10.00
SJC,2017-01-05 12:53,51.00,0.00,8.00
SJC,2017-01-05 13:53,51.00,0.00,10.00
SJC,2017-01-05 14:53,51.00,0.00,10.00
SJC,2017-01-05 15:53,50.00,0.00,10.00
SJC,2017-01-05 16:53,47.00,0.00,9.00
SJC,2017-01-05 17:53,46.00,0.00,5.00
SJC,2017-01-05 18:53,46.00,0.00,4.00
SJC,2017-01-05 19:53,43.00,0.00,0.00
SJC,2017-01-05 20:53,43.00,0.00,3.00
SJC,2017-01-05 21:53,41.00,0.00,5.00
SJC,2017-01-05 22:53,41.00,0.00,0.00
SJC,2017-01-05 23:53,38.00,0.00,0.00
SJC,2017-01-06 00:53,37.00,0.00,3.00
SJC,2017-01-06 01:53,35.00,0.00,0.00
SJC,2017-01-06 02:53,32.00,0.00,5.00
SJC,2017-01-06 03:53,34.00,0.00,4.00
SJC,2017-01-06 04:53,33.00,0.00,0.00
SJC,2017-01-06 05:53,33.00,0.00,4.00
SJC,2017-01-06 06:53,32.00,0.00,5.00
SJC,2017-01-06 07:53,34.00,0.00,3.00
SJC,2017-01-06 08:53,36.00,0.00,4.00
SJC,2017-01-06 09:53,42.00,0.00,3.00
SJC,2017-01-06 10:53,44.00,0.00,3.00
SJC,2017-01-06 11:53,47.00,0.00,3.00
SJC,2017-01-06 12:53,48.00,0.00,0.00
SJC,2017-01-06 13:53,52.00,0.00,0.00
SJC,2017-01-06 14:53,53.00,0.00,4.00
SJC,2017-01-06 15:53,51.00,0.00,5.00
SJC,2017-01-06 16:53,50.00,0.00,4.00
SJC,2017-01-06 17:53,49.00,0.00,6.00
SJC,2017-01-06 18:53,50.00,0.00,4.00
SJC,2017-01-06 19:53,49.00,0.00,3.00
SJC,2017-01-06 20:53,49.00,T,0.00
SJC,2017-01-06 21:53,47.00,T,3.00
SJC,2017-01-06 22:53,47.00,0.00,0.00
SJC,2017-01-06 23:53,47.00,T,5.00
SJC,2017-01-07 00:53,47.00,T,0.00
SJC,2017-01-07 01:53,51.00,0.00,10.00
SJC,2017-01-07 02:53,51.00,T,9.00
SJC,2017-01-07 03:53,50.00,0.02,16.00
SJC,2017-01-07 04:53,50.00,0.02,16.00
SJC,2017-01-07 05:53,50.00,0.01,19.00
SJC,2017-01-07 06:53,51.00,T,24.00
SJC,2017-01-07 07:53,52.00,0.01,25.00
SJC,2017-01-07 08:53,54.00,T,18.00
SJC,2017-01-07 09:33,56.00,T,9.00
SJC,2017-01-07 09:53,57.00,0.01,7.00
SJC,2017-01-07 10:26,57.00,0.01,9.00
SJC,2017-01-07 10:28,57.00,0.01,9.00
SJC,2017-01-07 10:34,57.00,0.01,7.00
SJC,2017-01-07 10:53,56.00,0.03,7.00
SJC,2017-01-07 10:58,56.00,T,8.00
SJC,2017-01-07 11:43,57.00,0.01,4.00
SJC,2017-01-07 11:53,57.00,0.01,8.00
SJC,2017-01-07 12:33,58.00,T,6.00
SJC,2017-01-07 12:44,57.00,0.01,11.00
SJC,2017-01-07 12:53,58.00,0.01,9.00
SJC,2017-01-07 13:53,59.00,T,12.00
SJC,2017-01-07 14:53,60.00,0.01,17.00
SJC,2017-01-07 15:53,60.00,T,9.00
SJC,2017-01-07 16:53,59.00,0.00,8.00
SJC,2017-01-07 17:23,59.00,0.00,4.00
SJC,2017-01-07 17:53,59.00,0.00,4.00
SJC,2017-01-07 18:53,58.00,T,8.00
SJC,2017-01-07 19:53,57.00,0.01,13.00
SJC,2017-01-07 20:53,58.00,0.07,13.00
SJC,2017-01-07 21:53,58.00,0.07,13.00
SJC,2017-01-07 22:53,58.00,0.05,18.00
SJC,2017-01-07 23:53,58.00,0.01,15.00
SJC,2017-01-08 00:53,59.00,0.09,16.00
SJC,2017-01-08 01:53,58.00,0.05,21.00
SJC,2017-01-08 02:53,59.00,T,21.00
SJC,2017-01-08 03:53,58.00,0.01,22.00
SJC,2017-01-08 04:53,59.00,T,19.00
SJC,2017-01-08 05:53,60.00,0.01,21.00
SJC,2017-01-08 06:53,60.00,T,19.00
SJC,2017-01-08 07:09,60.00,0.01,18.00
SJC,2017-01-08 07:53,58.00,0.06,7.00
SJC,2017-01-08 08:11,58.00,0.05,10.00
SJC,2017-01-08 08:16,59.00,0.05,13.00
SJC,2017-01-08 08:53,59.00,0.06,10.00
SJC,2017-01-08 09:23,60.00,0.03,11.00
SJC,2017-01-08 09:53,59.00,0.06,9.00
SJC,2017-01-08 10:53,64.00,0.03,17.00
SJC,2017-01-08 11:53,60.00,0.18,11.00
SJC,2017-01-08 12:53,61.00,0.15,13.00
SJC,2017-01-08 13:53,60.00,0.09,8.00
SJC,2017-01-08 14:09,59.00,0.04,17.00
SJC,2017-01-08 14:15,59.00,0.05,17.00
SJC,2017-01-08 14:32,59.00,0.05,9.00
SJC,2017-01-08 14:41,60.00,0.07,13.00
SJC,2017-01-08 14:53,59.00,0.08,8.00
SJC,2017-01-08 15:00,59.00,0.01,10.00
SJC,2017-01-08 15:43,59.00,0.04,13.00
SJC,2017-01-08 15:53,60.00,0.04,18.00
SJC,2017-01-08 16:13,61.00,T,12.00
SJC,2017-01-08 16:53,60.00,0.01,7.00
SJC,2017-01-08 17:53,60.00,T,6.00
SJC,2017-01-08 18:53,60.00,0.01,10.00
SJC,2017-01-08 19:53,60.00,T,7.00
SJC,2017-01-08 20:53,60.00,0.04,10.00
SJC,2017-01-08 21:53,59.00,0.07,6.00
SJC,2017-01-08 22:53,60.00,T,5.00
SJC,2017-01-08 23:53,60.00,0.00,8.00
SJC,2017-01-09 00:53,60.00,T,9.00
SJC,2017-01-09 01:29,59.00,0.08,6.00
SJC,2017-01-09 01:39,58.00,0.10,6.00
SJC,2017-01-09 01:53,57.00,0.11,9.00
SJC,2017-01-09 02:53,57.00,T,9.00
SJC,2017-01-09 03:53,55.00,0.00,3.00
SJC,2017-01-09 04:53,54.00,0.00,0.00
SJC,2017-01-09 05:53,55.00,0.00,0.00
SJC,2017-01-09 06:53,54.00,T,3.00
SJC,2017-01-09 07:53,53.00,0.00,6.00
SJC,2017-01-09 08:53,55.00,0.00,3.00
SJC,2017-01-09 09:53,56.00,0.00,4.00
SJC,2017-01-09 10:53,58.00,0.00,6.00
SJC,2017-01-09 11:53,60.00,0.00,7.00
SJC,2017-01-09 12:53,58.00,0.00,10.00
SJC,2017-01-09 13:53,57.00,0.00,10.00
SJC,2017-01-09 14:53,55.00,0.00,13.00
SJC,2017-01-09 15:53,55.00,T,9.00
SJC,2017-01-09 16:53,55.00,0.00,4.00
SJC,2017-01-09 17:53,55.00,0.00,10.00
SJC,2017-01-09 18:53,55.00,T,5.00
SJC,2017-01-09 19:53,55.00,T,6.00
SJC,2017-01-09 20:53,55.00,0.00,9.00
SJC,2017-01-09 21:53,55.00,0.00,8.00
SJC,2017-01-09 22:53,55.00,T,8.00
SJC,2017-01-09 23:53,55.00,T,8.00
SJC,2017-01-10 00:08,55.00,T,6.00
SJC,2017-01-10 00:53,55.00,T,7.00
SJC,2017-01-10 01:17,54.00,0.01,8.00
SJC,2017-01-10 01:26,55.00,0.01,9.00
SJC,2017-01-10 01:53,54.00,0.01,8.00
SJC,2017-01-10 02:53,54.00,0.02,11.00
SJC,2017-01-10 03:53,54.00,0.02,7.00
SJC,2017-01-10 04:53,54.00,0.03,10.00
SJC,2017-01-10 05:53,54.00,0.02,10.00
SJC,2017-01-10 06:53,54.00,0.04,8.00
SJC,2017-01-10 07:53,54.00,0.01,6.00
SJC,2017-01-10 08:53,55.00,0.02,9.00
SJC,2017-01-10 09:53,56.00,0.01,14.00
SJC,2017-01-10 10:53,57.00,0.01,16.00
SJC,2017-01-10 11:53,59.00,T,12.00
SJC,2017-01-10 12:53,58.00,0.03,11.00
SJC,2017-01-10 13:53,59.00,0.05,12.00
SJC,2017-01-10 14:06,59.00,T,12.00
SJC,2017-01-10 14:53,59.00,0.02,12.00
SJC,2017-01-10 15:53,59.00,0.02,11.00
SJC,2017-01-10 16:53,59.00,0.02,14.00
SJC,2017-01-10 17:26,60.00,0.01,12.00
SJC,2017-01-10 17:53,59.00,0.02,13.00
SJC,2017-01-10 18:53,60.00,T,14.00
SJC,2017-01-10 19:53,60.00,0.17,9.00
SJC,2017-01-10 20:27,57.00,0.08,14.00
SJC,2017-01-10 20:29,57.00,0.08,12.00
SJC,2017-01-10 20:53,56.00,0.08,3.00
SJC,2017-01-10 21:08,56.00,T,0.00
SJC,2017-01-10 21:20,56.00,T,4.00
SJC,2017-01-10 21:53,56.00,0.02,4.00
SJC,2017-01-10 22:53,55.00,T,9.00
SJC,2017-01-10 23:53,54.00,T,10.00
SJC,2017-01-11 00:53,55.00,0.00,5.00
SJC,2017-01-11 01:53,56.00,0.00,3.00
SJC,2017-01-11 02:53,53.00,0.01,6.00
SJC,2017-01-11 03:53,53.00,0.01,5.00
SJC,2017-01-11 04:53,52.00,0.01,6.00
SJC,2017-01-11 05:53,51.00,0.00,9.00
SJC,2017-01-11 06:53,52.00,T,6.00
SJC,2017-01-11 07:46,51.00,0.02,0.00
SJC,2017-01-11 07:53,51.00,0.02,0.00
SJC,2017-01-11 08:32,51.00,0.02,0.00
SJC,2017-01-11 08:53,52.00,0.02,6.00
SJC,2017-01-11 09:53,55.00,0.00,6.00
SJC,2017-01-11 10:53,55.00,0.01,6.00
SJC,2017-01-11 11:53,53.00,0.00,4.00
SJC,2017-01-11 12:53,55.00,0.00,5.00
SJC,2017-01-11 13:53,55.00,0.00,5.00
SJC,2017-01-11 14:53,55.00,0.00,8.00
SJC,2017-01-11 15:53,54.00,0.00,6.00
SJC,2017-01-11 16:53,53.00,0.00,5.00
SJC,2017-01-11 17:53,52.00,0.00,0.00
SJC,2017-01-11 18:53,52.00,0.00,0.00
SJC,2017-01-11 19:53,51.00,0.00,3.00
SJC,2017-01-11 20:53,49.00,0.00,5.00
SJC,2017-01-11 21:53,48.00,0.00,5.00
SJC,2017-01-11 22:53,47.00,0.00,5.00
SJC,2017-01-11 23:53,48.00,0.00,3.00
SJC,2017-01-12 00:53,49.00,0.00,5.00
SJC,2017-01-12 01:53,49.00,0.01,3.00
SJC,2017-01-12 02:53,48.00,0.05,5.00
SJC,2017-01-12 03:53,47.00,0.07,11.00
SJC,2017-01-12 04:53,47.00,T,6.00
SJC,2017-01-12 05:53,47.00,0.00,6.00
SJC,2017-01-12 06:53,47.00,0.09,7.00
SJC,2017-01-12 07:03,47.00,T,9.00
SJC,2017-01-12 07:35,47.00,T,8.00
SJC,2017-01-12 07:53,47.00,T,5.00
SJC,2017-01-12 08:13,46.00,0.00,3.00
SJC,2017-01-12 08:53,48.00,0.00,6.00
SJC,2017-01-12 09:53,49.00,0.00,8.00
SJC,2017-01-12 10:53,49.00,T,9.00
SJC,2017-01-12 11:53,50.00,0.00,8.00
SJC,2017-01-12 12:53,49.00,0.00,11.00
SJC,2017-01-12 13:53,50.00,0.00,8.00
SJC,2017-01-12 14:53,52.00,0.00,8.00
SJC,2017-01-12 15:53,53.00,0.00,6.00
SJC,2017-01-12 16:53,50.00,0.00,8.00
SJC,2017-01-12 17:53,49.00,0.00,9.00
SJC,2017-01-12 18:53,49.00,0.00,5.00
SJC,2017-01-12 19:53,48.00,0.00,3.00
SJC,2017-01-12 20:53,49.00,0.00,3.00
SJC,2017-01-12 21:53,48.00,0.00,4.00
SJC,2017-01-12 22:53,47.00,0.00,0.00
SJC,2017-01-12 23:53,47.00,0.00,4.00
SJC,2017-01-13 00:06,47.00,0.00,4.00
SJC,2017-01-13 00:53,45.00,0.00,4.00
SJC,2017-01-13 01:53,44.00,0.00,4.00
SJC,2017-01-13 02:53,43.00,0.00,3.00
SJC,2017-01-13 03:53,41.00,0.00,5.00
SJC,2017-01-13 04:53,42.00,0.00,0.00
SJC,2017-01-13 05:53,41.00,0.00,0.00
SJC,2017-01-13 06:53,40.00,0.00,0.00
SJC,2017-01-13 07:53,41.00,0.00,0.00
SJC,2017-01-13 08:53,45.00,0.00,0.00
SJC,2017-01-13 09:53,50.00,0.00,6.00
SJC,2017-01-13 10:53,51.00,0.00,10.00
SJC,2017-01-13 11:53,53.00,0.00,6.00
SJC,2017-01-13 12:53,54.00,0.00,7.00
SJC,2017-01-13 13:53,55.00,0.00,9.00
SJC,2017-01-13 14:53,56.00,0.00,4.00
SJC,2017-01-13 15:53,56.00,0.00,7.00
SJC,2017-01-13 16:53,53.00,0.00,5.00
SJC,2017-01-13 17:53,51.00,0.00,7.00
SJC,2017-01-13 18:53,50.00,0.00,3.00
SJC,2017-01-13 19:53,48.00,0.00,3.00
SJC,2017-01-13 20:53,48.00,0.00,3.00
SJC,2017-01-13 21:53,45.00,0.00,4.00
SJC,2017-01-13 22:53,45.00,0.00,3.00
SJC,2017-01-13 23:53,43.00,0.00,0.00
SJC,2017-01-14 00:53,42.00,0.00,0.00
SJC,2017-01-14 01:53,42.00,0.00,4.00
SJC,2017-01-14 02:53,41.00,0.00,0.00
SJC,2017-01-14 03:53,40.00,0.00,0.00
SJC,2017-01-14 04:53,39.00,0.00,4.00
SJC,2017-01-14 05:53,39.00,0.00,0.00
SJC,2017-01-14 06:53,38.00,0.00,3.00
SJC,2017-01-14 07:53,39.00,0.00,0.00
SJC,2017-01-14 08:53,43.00,0.00,3.00
SJC,2017-01-14 09:53,47.00,0.00,0.00
SJC,2017-01-14 10:53,50.00,0.00,3.00
SJC,2017-01-14 11:53,53.00,0.00,5.00
SJC,2017-01-14 12:53,56.00,0.00,6.00
SJC,2017-01-14 13:18,57.00,0.00,6.00
SJC,2017-01-14 13:53,58.00,0.00,7.00
SJC,2017-01-14 14:53,58.00,0.00,7.00
SJC,2017-01-14 15:53,57.00,0.00,9.00
SJC,2017-01-14 16:53,52.00,0.00,9.00
SJC,2017-01-14 17:53,49.00,0.00,8.00
SJC,2017-01-14 18:53,50.00,0.00,10.00
SJC,2017-01-14 19:53,49.00,0.00,7.00
SJC,2017-01-14 20:53,47.00,0.00,4.00
SJC,2017-01-14 21:53,45.00,0.00,4.00
SJC,2017-01-14 22:14,45.00,0.00,0.00
SJC,2017-01-14 22:53,46.00,0.00,0.00
SJC,2017-01-14 23:53,47.00,0.00,0.00
SJC,2017-01-15 00:53,45.00,0.00,0.00
SJC,2017-01-15 01:01,45.00,0.00,0.00
SJC,2017-01-15 01:48,44.60,0.00,0.00
SJC,2017-01-15 01:53,44.00,0.00,0.00
SJC,2017-01-15 02:00,44.00,0.00,3.00
SJC,2017-01-15 02:26,44.00,0.00,3.00
SJC,2017-01-15 02:53,44.00,0.00,0.00
SJC,2017-01-15 03:37,43.00,0.00,0.00
SJC,2017-01-15 03:53,43.00,0.00,0.00
SJC,2017-01-15 04:53,42.00,0.00,3.00
SJC,2017-01-15 05:53,43.00,0.00,0.00
SJC,2017-01-15 06:53,45.00,0.00,0.00
SJC,2017-01-15 07:53,45.00,0.00,0.00
SJC,2017-01-15 08:53,46.00,0.00,4.00
SJC,2017-01-15 09:17,46.00,0.00,0.00
SJC,2017-01-15 09:53,46.00,0.00,3.00
SJC,2017-01-15 10:53,47.00,0.00,5.00
SJC,2017-01-15 11:53,47.00,0.00,4.00
SJC,2017-01-15 12:32,48.00,0.00,3.00
SJC,2017-01-15 12:53,49.00,0.00,4.00
SJC,2017-01-15 13:03,49.00,0.00,3.00
SJC,2017-01-15 13:53,52.00,0.00,5.00
SJC,2017-01-15 14:53,53.00,0.00,5.00
SJC,2017-01-15 15:53,54.00,0.00,6.00
SJC,2017-01-15 16:53,51.00,0.00,6.00
SJC,2017-01-15 17:53,49.00,0.00,6.00
SJC,2017-01-15 18:53,46.00,0.00,5.00
SJC,2017-01-15 19:53,44.00,0.00,6.00
SJC,2017-01-15 20:53,45.00,0.00,3.00
SJC,2017-01-15 21:53,44.00,0.00,0.00
SJC,2017-01-15 22:53,43.00,0.00,0.00
SJC,2017-01-15 23:53,40.00,0.00,3.00
SJC,2017-01-16 00:53,41.00,0.00,3.00
SJC,2017-01-16 01:53,39.00,0.00,3.00
SJC,2017-01-16 02:53,39.00,0.00,0.00
SJC,2017-01-16 03:53,40.00,0.00,0.00
SJC,2017-01-16 04:53,37.00,0.00,3.00
SJC,2017-01-16 05:53,37.00,0.00,0.00
SJC,2017-01-16 06:40,36.00,0.00,5.00
SJC,2017-01-16 06:53,37.00,0.00,3.00
SJC,2017-01-16 07:53,40.00,0.00,4.00
SJC,2017-01-16 08:53,41.00,0.00,3.00
SJC,2017-01-16 09:53,44.00,0.00,4.00
SJC,2017-01-16 10:53,48.00,0.00,3.00
SJC,2017-01-16 11:53,50.00,0.00,0.00
SJC,2017-01-16 12:53,53.00,0.00,5.00
SJC,2017-01-16 13:53,54.00,0.00,6.00
SJC,2017-01-16 14:53,57.00,0.00,7.00
SJC,2017-01-16 15:53,57.00,0.00,4.00
SJC,2017-01-16 16:53,55.00,0.00,6.00
SJC,2017-01-16 17:53,50.00,0.00,8.00
SJC,2017-01-16 18:53,49.00,0.00,8.00
SJC,2017-01-16 19:53,46.00,0.00,5.00
SJC,2017-01-16 20:53,48.00,0.00,0.00
SJC,2017-01-16 21:53,46.00,0.00,0.00
SJC,2017-01-16 22:53,44.00,0.00,0.00
SJC,2017-01-16 23:53,43.00,0.00,0.00
SJC,2017-01-17 00:53,41.00,0.00,3.00
SJC,2017-01-17 01:53,40.00,0.00,3.00
SJC,2017-01-17 02:53,39.00,0.00,4.00
SJC,2017-01-17 03:53,40.00,0.00,0.00
SJC,2017-01-17 04:53,36.00,0.00,4.00
SJC,2017-01-17 05:53,38.00,0.00,4.00
SJC,2017-01-17 06:53,37.00,0.00,0.00
SJC,2017-01-17 07:53,39.00,0.00,8.00
SJC,2017-01-17 08:53,42.00,0.00,7.00
SJC,2017-01-17 09:53,45.00,0.00,6.00
SJC,2017-01-17 10:53,47.00,0.00,3.00
SJC,2017-01-17 11:53,50.00,0.00,4.00
SJC,2017-01-17 12:53,52.00,0.00,6.00
SJC,2017-01-17 13:53,54.00,0.00,0.00
SJC,2017-01-17 14:53,55.00,0.00,6.00
SJC,2017-01-17 15:53,55.00,0.00,4.00
SJC,2017-01-17 16:53,51.00,0.00,7.00
SJC,2017-01-17 17:53,50.00,0.00,5.00
SJC,2017-01-17 18:53,49.00,0.00,4.00
SJC,2017-01-17 19:53,48.00,0.00,5.00
SJC,2017-01-17 20:53,50.00,0.00,0.00
SJC,2017-01-17 21:53,50.00,0.00,0.00
SJC,2017-01-17 22:53,49.00,0.00,0.00
SJC,2017-01-17 23:53,50.00,0.00,8.00
SJC,2017-01-18 00:53,51.00,0.00,3.00
SJC,2017-01-18 01:53,48.00,0.00,5.00
SJC,2017-01-18 02:53,48.00,0.00,0.00
SJC,2017-01-18 03:53,48.00,0.00,0.00
SJC,2017-01-18 04:53,49.00,T,3.00
SJC,2017-01-18 05:53,49.00,0.02,6.00
SJC,2017-01-18 06:53,50.00,0.01,5.00
SJC,2017-01-18 07:53,51.00,T,15.00
SJC,2017-01-18 08:53,51.00,T,17.00
SJC,2017-01-18 09:53,51.00,0.04,5.00
SJC,2017-01-18 10:53,51.00,0.03,9.00
SJC,2017-01-18 11:53,52.00,0.01,17.00
SJC,2017-01-18 12:53,51.00,0.01,13.00
SJC,2017-01-18 13:53,50.00,0.02,20.00
SJC,2017-01-18 14:53,50.00,T,22.00
SJC,2017-01-18 15:53,52.00,0.01,26.00
SJC,2017-01-18 16:53,52.00,0.01,28.00
SJC,2017-01-18 17:53,52.00,0.01,27.00
SJC,2017-01-18 18:53,52.00,T,29.00
SJC,2017-01-18 19:53,52.00,0.06,19.00
SJC,2017-01-18 20:29,52.00,0.13,7.00
SJC,2017-01-18 20:53,51.00,0.15,12.00
SJC,2017-01-18 21:53,53.00,T,10.00
SJC,2017-01-18 22:53,52.00,0.00,5.00
SJC,2017-01-18 23:53,52.00,T,4.00
SJC,2017-01-19 00:53,49.00,T,4.00
SJC,2017-01-19 01:53,50.00,0.00,6.00
SJC,2017-01-19 02:53,50.00,0.00,8.00
SJC,2017-01-19 03:53,50.00,T,6.00
SJC,2017-01-19 04:53,48.00,T,5.00
SJC,2017-01-19 05:53,47.00,0.00,5.00
SJC,2017-01-19 06:53,49.00,0.00,6.00
SJC,2017-01-19 07:53,50.00,T,5.00
SJC,2017-01-19 08:53,51.00,T,6.00
SJC,2017-01-19 09:14,54.00,0.00,5.00
SJC,2017-01-19 09:28,53.00,T,6.00
SJC,2017-01-19 09:43,52.00,0.12,10.00
SJC,2017-01-19 09:53,48.00,0.25,6.00
SJC,2017-01-19 10:17,50.00,T,0.00
SJC,2017-01-19 10:34,51.00,0.01,0.00
SJC,2017-01-19 10:53,51.00,0.01,0.00
SJC,2017-01-19 11:53,54.00,0.00,5.00
SJC,2017-01-19 12:53,56.00,0.00,6.00
SJC,2017-01-19 13:53,57.00,T,4.00
SJC,2017-01-19 14:53,56.00,0.07,0.00
SJC,2017-01-19 15:53,57.00,0.00,9.00
SJC,2017-01-19 16:53,54.00,0.00,4.00
SJC,2017-01-19 17:53,54.00,0.00,3.00
SJC,2017-01-19 18:53,53.00,0.00,6.00
SJC,2017-01-19 19:53,51.00,0.00,8.00
SJC,2017-01-19 20:53,51.00,0.00,7.00
SJC,2017-01-19 21:53,51.00,T,7.00
SJC,2017-01-19 22:53,51.00,0.02,12.00
SJC,2017-01-19 23:53,51.00,0.01,16.00
SJC,2017-01-20 00:53,50.00,T,17.00
SJC,2017-01-20 01:53,50.00,0.01,18.00
SJC,2017-01-20 02:53,49.00,0.06,16.00
SJC,2017-01-20 03:53,49.00,0.11,27.00
SJC,2017-01-20 04:53,49.00,0.08,25.00
SJC,2017-01-20 05:18,49.00,0.10,11.00
SJC,2017-01-20 05:24,49.00,0.15,15.00
SJC,2017-01-20 05:29,49.00,0.15,14.00
SJC,2017-01-20 05:53,49.00,0.17,13.00
SJC,2017-01-20 06:53,50.00,0.04,11.00
SJC,2017-01-20 07:19,50.00,0.03,9.00
SJC,2017-01-20 07:37,49.00,0.07,10.00
SJC,2017-01-20 07:53,49.00,0.14,6.00
SJC,2017-01-20 08:07,49.00,0.03,5.00
SJC,2017-01-20 08:46,49.00,0.07,5.00
SJC,2017-01-20 08:53,49.00,0.07,7.00
SJC,2017-01-20 09:53,53.00,0.00,9.00
SJC,2017-01-20 10:53,51.00,0.05,0.00
SJC,2017-01-20 11:53,53.00,T,4.00
SJC,2017-01-20 12:53,55.00,0.00,12.00
SJC,2017-01-20 13:53,53.00,T,22.00
SJC,2017-01-20 13:57,51.00,0.01,23.00
SJC,2017-01-20 14:53,51.00,0.09,3.00
SJC,2017-01-20 15:53,50.00,0.00,7.00
SJC,2017-01-20 15:58,50.00,T,8.00
SJC,2017-01-20 16:53,50.00,T,7.00
SJC,2017-01-20 17:53,49.00,0.03,4.00
SJC,2017-01-20 18:53,48.00,T,4.00
SJC,2017-01-20 19:22,48.00,0.01,3.00
SJC,2017-01-20 19:37,49.00,0.01,7.00
SJC,2017-01-20 19:53,48.00,0.01,3.00
SJC,2017-01-20 20:53,48.00,0.01,3.00
SJC,2017-01-20 21:53,48.00,0.01,3.00
SJC,2017-01-20 22:53,47.00,0.00,5.00
SJC,2017-01-20 23:53,46.00,0.01,0.00
SJC,2017-01-21 00:53,46.00,0.00,4.00
SJC,2017-01-21 01:53,46.00,T,5.00
SJC,2017-01-21 02:53,45.00,0.03,7.00
SJC,2017-01-21 03:53,44.00,0.00,6.00
SJC,2017-01-21 04:53,45.00,T,7.00
SJC,2017-01-21 05:53,46.00,T,6.00
SJC,2017-01-21 06:53,47.00,T,4.00
SJC,2017-01-21 07:53,45.00,0.00,4.00
SJC,2017-01-21 08:53,48.00,0.01,4.00
SJC,2017-01-21 09:53,52.00,T,8.00
SJC,2017-01-21 10:53,55.00,0.00,9.00
SJC,2017-01-21 11:53,55.00,0.00,10.00
SJC,2017-01-21 12:53,56.00,0.00,10.00
SJC,2017-01-21 13:53,56.00,0.00,9.00
SJC,2017-01-21 14:53,55.00,0.00,7.00
SJC,2017-01-21 15:53,54.00,T,11.00
SJC,2017-01-21 16:53,54.00,0.00,11.00
SJC,2017-01-21 16:56,53.00,0.00,11.00
SJC,2017-01-21 17:53,53.00,T,10.00
SJC,2017-01-21 18:53,52.00,0.01,8.00
SJC,2017-01-21 19:53,51.00,T,16.00
SJC,2017-01-21 20:53,50.00,0.01,16.00
SJC,2017-01-21 21:53,50.00,T,19.00
SJC,2017-01-21 22:53,51.00,T,25.00
SJC,2017-01-21 23:53,52.00,T,28.00
SJC,2017-01-22 00:53,50.00,T,31.00
SJC,2017-01-22 01:53,50.00,0.02,27.00
SJC,2017-01-22 02:53,49.00,0.01,24.00
SJC,2017-01-22 03:53,49.00,0.07,24.00
SJC,2017-01-22 04:53,50.00,0.07,21.00
SJC,2017-01-22 05:53,50.00,0.10,19.00
SJC,2017-01-22 06:53,50.00,0.09,13.00
SJC,2017-01-22 07:23,50.00,0.01,11.00
SJC,2017-01-22 07:53,50.00,0.01,10.00
SJC,2017-01-22 08:53,51.00,0.00,7.00
SJC,2017-01-22 09:53,52.00,0.00,6.00
SJC,2017-01-22 10:53,54.00,0.00,11.00
SJC,2017-01-22 11:53,56.00,0.00,12.00
SJC,2017-01-22 12:53,54.00,T,13.00
SJC,2017-01-22 13:53,52.00,0.09,7.00
SJC,2017-01-22 14:53,54.00,T,7.00
SJC,2017-01-22 15:53,51.00,0.04,10.00
SJC,2017-01-22 16:53,50.00,0.07,7.00
SJC,2017-01-22 17:53,48.00,0.03,3.00
SJC,2017-01-22 18:53,48.00,0.00,6.00
SJC,2017-01-22 19:53,47.00,T,6.00
SJC,2017-01-22 20:53,48.00,0.02,5.00
SJC,2017-01-22 21:53,48.00,0.03,7.00
SJC,2017-01-22 22:53,47.00,0.00,7.00
SJC,2017-01-22 23:53,47.00,0.00,6.00
SJC,2017-01-23 00:53,47.00,0.00,0.00
SJC,2017-01-23 01:53,46.00,0.01,4.00
SJC,2017-01-23 02:53,44.00,0.00,4.00
SJC,2017-01-23 03:53,45.00,0.01,0.00
SJC,2017-01-23 04:53,43.00,T,4.00
SJC,2017-01-23 05:53,43.00,0.00,5.00
SJC,2017-01-23 06:53,42.00,0.00,5.00
SJC,2017-01-23 07:53,45.00,0.01,4.00
SJC,2017-01-23 08:53,45.00,0.02,5.00
SJC,2017-01-23 09:53,48.00,T,6.00
SJC,2017-01-23 10:53,50.00,0.00,7.00
SJC,2017-01-23 11:53,50.00,T,4.00
SJC,2017-01-23 11:56,50.00,T,4.00
SJC,2017-01-23 12:51,51.80,0.01,3.00
SJC,2017-01-23 12:53,51.00,0.01,5.00
SJC,2017-01-23 13:46,51.00,0.04,3.00
SJC,2017-01-23 13:53,51.00,0.04,0.00
SJC,2017-01-23 14:09,50.00,0.00,3.00
SJC,2017-01-23 14:53,51.00,0.00,6.00
SJC,2017-01-23 15:53,50.00,0.01,7.00
SJC,2017-01-23 16:53,48.00,T,6.00
SJC,2017-01-23 17:53,48.00,0.00,9.00
SJC,2017-01-23 18:53,47.00,0.06,0.00
SJC,2017-01-23 19:53,46.00,0.01,7.00
SJC,2017-01-23 20:53,46.00,0.03,4.00
SJC,2017-01-23 21:53,46.00,T,5.00
SJC,2017-01-23 22:53,45.00,0.01,7.00
SJC,2017-01-23 23:53,44.00,T,8.00
SJC,2017-01-24 00:53,43.00,0.00,8.00
SJC,2017-01-24 01:53,43.00,0.00,9.00
SJC,2017-01-24 02:53,41.00,0.00,5.00
SJC,2017-01-24 03:53,42.00,0.00,8.00
SJC,2017-01-24 04:53,41.00,0.00,4.00
SJC,2017-01-24 05:53,39.00,0.00,3.00
SJC,2017-01-24 06:53,39.00,0.00,0.00
SJC,2017-01-24 07:53,42.00,0.00,0.00
SJC,2017-01-24 08:53,43.00,0.00,0.00
SJC,2017-01-24 09:53,46.00,0.00,3.00
SJC,2017-01-24 10:53,49.00,0.00,4.00
SJC,2017-01-24 11:53,50.00,0.00,5.00
SJC,2017-01-24 12:53,52.00,0.00,7.00
SJC,2017-01-24 13:53,55.00,0.00,5.00
SJC,2017-01-24 14:53,56.00,0.00,6.00
SJC,2017-01-24 15:53,55.00,T,11.00
SJC,2017-01-24 16:53,52.00,0.00,11.00
SJC,2017-01-24 17:53,49.00,0.00,6.00
SJC,2017-01-24 18:53,48.00,0.00,5.00
SJC,2017-01-24 19:53,47.00,0.00,0.00
SJC,2017-01-24 20:53,45.00,0.00,3.00
SJC,2017-01-24 21:53,43.00,0.00,0.00
SJC,2017-01-24 22:53,43.00,0.00,0.00
SJC,2017-01-24 23:53,41.00,0.00,3.00
SJC,2017-01-25 00:53,40.00,0.00,3.00
SJC,2017-01-25 01:53,38.00,0.00,4.00
SJC,2017-01-25 02:53,39.00,0.00,0.00
SJC,2017-01-25 03:53,37.00,0.00,3.00
SJC,2017-01-25 04:53,38.00,0.00,3.00
SJC,2017-01-25 05:53,36.00,0.00,6.00
SJC,2017-01-25 06:53,37.00,0.00,3.00
SJC,2017-01-25 07:53,38.00,0.00,7.00
SJC,2017-01-25 08:53,43.00,0.00,6.00
SJC,2017-01-25 09:53,47.00,0.00,5.00
SJC,2017-01-25 10:53,51.00,0.00,4.00
SJC,2017-01-25 11:53,55.00,0.00,0.00
SJC,2017-01-25 12:53,56.00,0.00,7.00
SJC,2017-01-25 13:53,56.00,0.00,8.00
SJC,2017-01-25 14:53,57.00,0.00,7.00
SJC,2017-01-25 15:53,55.00,0.00,8.00
SJC,2017-01-25 16:53,53.00,0.00,9.00
SJC,2017-01-25 17:53,50.00,0.00,7.00
SJC,2017-01-25 18:53,50.00,0.00,7.00
SJC,2017-01-25 19:53,49.00,0.00,5.00
SJC,2017-01-25 20:53,49.00,0.00,4.00
SJC,2017-01-25 21:53,46.00,0.00,0.00
SJC,2017-01-25 22:53,44.00,0.00,0.00
SJC,2017-01-25 23:53,43.00,0.00,0.00
SJC,2017-01-26 00:53,41.00,0.00,0.00
SJC,2017-01-26 01:53,40.00,0.00,3.00
SJC,2017-01-26 02:53,40.00,0.00,3.00
SJC,2017-01-26 03:53,41.00,0.00,0.00
SJC,2017-01-26 04:53,40.00,0.00,0.00
SJC,2017-01-26 05:53,41.00,0.00,0.00
SJC,2017-01-26 06:53,41.00,0.00,4.00
SJC,2017-01-26 07:53,43.00,0.00,4.00
SJC,2017-01-26 08:53,45.00,0.00,0.00
SJC,2017-01-26 09:53,49.00,0.00,3.00
SJC,2017-01-26 10:53,51.00,0.00,4.00
SJC,2017-01-26 11:53,54.00,0.00,0.00
SJC,2017-01-26 12:53,55.00,0.00,7.00
SJC,2017-01-26 13:53,56.00,0.00,6.00
SJC,2017-01-26 14:53,56.00,0.00,7.00
SJC,2017-01-26 15:53,56.00,0.00,12.00
SJC,2017-01-26 16:53,53.00,0.00,9.00
SJC,2017-01-26 17:53,51.00,0.00,5.00
SJC,2017-01-26 18:53,52.00,0.00,0.00
SJC,2017-01-26 19:53,47.00,0.00,4.00
SJC,2017-01-26 20:53,48.00,0.00,3.00
SJC,2017-01-26 21:53,46.00,0.00,0.00
SJC,2017-01-26 22:53,46.00,0.00,0.00
SJC,2017-01-26 23:53,44.00,0.00,0.00
SJC,2017-01-27 00:53,42.00,0.00,0.00
SJC,2017-01-27 01:53,39.00,0.00,3.00
SJC,2017-01-27 02:53,40.00,0.00,0.00
SJC,2017-01-27 03:53,38.00,0.00,3.00
SJC,2017-01-27 04:53,38.00,0.00,3.00
SJC,2017-01-27 05:53,38.00,0.00,0.00
SJC,2017-01-27 06:53,38.00,0.00,0.00
SJC,2017-01-27 07:53,39.00,0.00,4.00
SJC,2017-01-27 08:53,45.00,0.00,0.00
SJC,2017-01-27 09:53,49.00,0.00,0.00
SJC,2017-01-27 10:53,53.00,0.00,3.00
SJC,2017-01-27 11:53,56.00,0.00,6.00
SJC,2017-01-27 12:53,57.00,0.00,0.00
SJC,2017-01-27 13:53,59.00,0.00,4.00
SJC,2017-01-27 14:53,59.00,0.00,10.00
SJC,2017-01-27 15:53,59.00,0.00,7.00
SJC,2017-01-27 16:53,55.00,0.00,8.00
SJC,2017-01-27 17:53,53.00,0.00,3.00
SJC,2017-01-27 18:53,52.00,0.00,4.00
SJC,2017-01-27 19:53,48.00,0.00,6.00
SJC,2017-01-27 20:53,50.00,0.00,0.00
SJC,2017-01-27 21:53,46.00,0.00,3.00
SJC,2017-01-27 22:53,44.00,0.00,3.00
SJC,2017-01-27 23:53,44.00,0.00,0.00
SJC,2017-01-28 00:53,39.00,0.00,4.00
SJC,2017-01-28 01:53,40.00,0.00,0.00
SJC,2017-01-28 02:53,39.00,0.00,4.00
SJC,2017-01-28 03:53,37.00,0.00,3.00
SJC,2017-01-28 04:53,38.00,0.00,0.00
SJC,2017-01-28 05:53,37.00,0.00,3.00
SJC,2017-01-28 06:53,36.00,0.00,4.00
SJC,2017-01-28 07:53,37.00,0.00,4.00
SJC,2017-01-28 08:53,42.00,0.00,0.00
SJC,2017-01-28 09:53,46.00,0.00,0.00
SJC,2017-01-28 10:53,52.00,0.00,0.00
SJC,2017-01-28 11:53,55.00,0.00,0.00
SJC,2017-01-28 12:53,57.00,0.00,0.00
SJC,2017-01-28 13:53,61.00,0.00,0.00
SJC,2017-01-28 14:53,63.00,0.00,0.00
SJC,2017-01-28 15:53,63.00,0.00,6.00
SJC,2017-01-28 16:53,58.00,0.00,7.00
SJC,2017-01-28 17:53,56.00,0.00,5.00
SJC,2017-01-28 18:53,54.00,0.00,3.00
SJC,2017-01-28 19:53,52.00,0.00,3.00
SJC,2017-01-28 20:53,50.00,0.00,0.00
SJC,2017-01-28 21:53,49.00,0.00,4.00
SJC,2017-01-28 22:53,44.00,0.00,3.00
SJC,2017-01-28 23:53,45.00,0.00,0.00
SJC,2017-01-29 00:53,43.00,0.00,0.00
SJC,2017-01-29 01:53,42.00,0.00,0.00
SJC,2017-01-29 02:53,41.00,0.00,0.00
SJC,2017-01-29 03:53,40.00,0.00,3.00
SJC,2017-01-29 04:53,39.00,0.00,3.00
SJC,2017-01-29 05:53,38.00,0.00,0.00
SJC,2017-01-29 06:53,38.00,0.00,3.00
SJC,2017-01-29 07:53,38.00,0.00,4.00
SJC,2017-01-29 08:53,43.00,0.00,3.00
SJC,2017-01-29 09:53,49.00,0.00,0.00
SJC,2017-01-29 10:53,52.00,0.00,0.00
SJC,2017-01-29 11:53,57.00,0.00,4.00
SJC,2017-01-29 12:53,58.00,0.00,0.00
SJC,2017-01-29 13:53,60.00,0.00,0.00
SJC,2017-01-29 14:53,61.00,0.00,0.00
SJC,2017-01-29 15:53,64.00,0.00,0.00
SJC,2017-01-29 16:53,61.00,0.00,3.00
SJC,2017-01-29 17:53,56.00,0.00,3.00
SJC,2017-01-29 18:53,54.00,0.00,0.00
SJC,2017-01-29 19:53,53.00,0.00,3.00
SJC,2017-01-29 20:53,50.00,0.00,3.00
SJC,2017-01-29 21:53,48.00,0.00,3.00
SJC,2017-01-29 22:53,47.00,0.00,3.00
SJC,2017-01-29 23:53,45.00,0.00,3.00
SJC,2017-01-30 00:53,45.00,0.00,0.00
SJC,2017-01-30 01:53,43.00,0.00,4.00
SJC,2017-01-30 02:53,41.00,0.00,3.00
SJC,2017-01-30 03:53,38.00,0.00,3.00
SJC,2017-01-30 04:53,40.00,0.00,0.00
SJC,2017-01-30 05:53,40.00,0.00,0.00
SJC,2017-01-30 06:53,39.00,0.00,3.00
SJC,2017-01-30 07:53,41.00,0.00,0.00
SJC,2017-01-30 08:53,45.00,0.00,0.00
SJC,2017-01-30 09:53,50.00,0.00,0.00
SJC,2017-01-30 10:53,55.00,0.00,0.00
SJC,2017-01-30 11:53,60.00,0.00,0.00
SJC,2017-01-30 12:53,62.00,0.00,0.00
SJC,2017-01-30 13:53,64.00,0.00,3.00
SJC,2017-01-30 14:53,64.00,0.00,5.00
SJC,2017-01-30 15:53,63.00,0.00,5.00
SJC,2017-01-30 16:53,59.00,0.00,6.00
SJC,2017-01-30 17:53,58.00,0.00,3.00
SJC,2017-01-30 18:53,55.00,0.00,0.00
SJC,2017-01-30 19:53,54.00,0.00,0.00
SJC,2017-01-30 20:53,51.00,0.00,0.00
SJC,2017-01-30 21:53,50.00,0.00,0.00
SJC,2017-01-30 22:53,48.00,0.00,0.00
SJC,2017-01-30 23:53,45.00,0.00,0.00
SJC,2017-01-31 00:53,46.00,0.00,3.00
SJC,2017-01-31 01:53,43.00,0.00,0.00
SJC,2017-01-31 02:53,41.00,0.00,3.00
SJC,2017-01-31 03:53,41.00,0.00,0.00
SJC,2017-01-31 04:53,40.00,0.00,0.00
SJC,2017-01-31 05:53,40.00,0.00,3.00
SJC,2017-01-31 06:53,41.00,0.00,0.00
SJC,2017-01-31 07:53,41.00,0.00,0.00
SJC,2017-01-31 08:53,46.00,0.00,0.00
SJC,2017-01-31 09:53,50.00,0.00,0.00
SJC,2017-01-31 10:53,56.00,0.00,0.00
SJC,2017-01-31 11:53,59.00,0.00,0.00
SJC,2017-01-31 12:53,61.00,0.00,4.00
SJC,2017-01-31 13:53,63.00,0.00,4.00
SJC,2017-01-31 14:53,63.00,0.00,3.00
SJC,2017-01-31 15:53,63.00,0.00,0.00
SJC,2017-01-31 16:53,57.00,0.00,6.00
SJC,2017-01-31 17:53,57.00,0.00,4.00
SJC,2017-01-31 18:53,56.00,0.00,4.00
SJC,2017-01-31 19:53,55.00,0.00,0.00
SJC,2017-01-31 20:53,53.00,0.00,3.00
SJC,2017-01-31 21:53,51.00,0.00,3.00
SJC,2017-01-31 22:53,50.00,0.00,0.00
SJC,2017-01-31 23:53,49.00,0.00,0.00
SJC,2017-02-01 00:53,49.00,0.00,0.00
SJC,2017-02-01 01:53,47.00,0.00,0.00
SJC,2017-02-01 02:53,46.00,0.00,0.00
SJC,2017-02-01 03:53,46.00,0.00,0.00
SJC,2017-02-01 04:53,46.00,0.00,3.00
SJC,2017-02-01 05:53,46.00,0.00,3.00
SJC,2017-02-01 06:53,47.00,0.00,0.00
SJC,2017-02-01 07:53,47.00,0.00,3.00
SJC,2017-02-01 08:53,49.00,0.00,4.00
SJC,2017-02-01 09:53,50.00,0.00,9.00
SJC,2017-02-01 10:53,53.00,0.00,6.00
SJC,2017-02-01 11:53,57.00,0.00,10.00
SJC,2017-02-01 12:53,58.00,0.00,6.00
SJC,2017-02-01 13:53,61.00,0.00,0.00
SJC,2017-02-01 14:53,60.00,0.00,9.00
SJC,2017-02-01 15:53,57.00,T,15.00
SJC,2017-02-01 16:53,59.00,T,14.00
SJC,2017-02-01 17:53,58.00,0.00,11.00
SJC,2017-02-01 18:53,58.00,T,15.00
SJC,2017-02-01 19:53,60.00,T,6.00
SJC,2017-02-01 20:53,59.00,T,18.00
SJC,2017-02-01 21:53,58.00,T,14.00
SJC,2017-02-01 22:27,57.00,T,11.00
SJC,2017-02-01 22:53,56.00,T,6.00
SJC,2017-02-01 23:53,54.00,0.03,18.00
SJC,2017-02-02 00:53,53.00,T,9.00
SJC,2017-02-02 01:53,52.00,0.01,15.00
SJC,2017-02-02 02:53,51.00,T,16.00
SJC,2017-02-02 03:53,52.00,T,15.00
SJC,2017-02-02 04:53,52.00,T,15.00
SJC,2017-02-02 05:53,53.00,0.00,12.00
SJC,2017-02-02 06:53,54.00,T,19.00
SJC,2017-02-02 07:53,55.00,T,17.00
SJC,2017-02-02 08:53,56.00,T,19.00
SJC,2017-02-02 09:53,59.00,T,14.00
SJC,2017-02-02 10:53,61.00,T,15.00
SJC,2017-02-02 11:53,62.00,T,19.00
SJC,2017-02-02 12:53,63.00,T,17.00
SJC,2017-02-02 13:53,63.00,0.00,15.00
SJC,2017-02-02 14:53,63.00,T,16.00
SJC,2017-02-02 15:53,64.00,T,10.00
SJC,2017-02-02 16:53,62.00,0.02,5.00
SJC,2017-02-02 17:53,59.00,0.02,3.00
SJC,2017-02-02 18:30,59.00,0.04,7.00
SJC,2017-02-02 18:38,59.00,0.07,5.00
SJC,2017-02-02 18:53,59.00,0.13,6.00
SJC,2017-02-02 19:53,58.00,T,8.00
SJC,2017-02-02 20:53,58.00,T,5.00
SJC,2017-02-02 21:53,59.00,0.00,6.00
SJC,2017-02-02 22:53,58.00,0.03,7.00
SJC,2017-02-02 23:53,59.00,0.01,9.00
SJC,2017-02-03 00:53,60.00,0.01,8.00
SJC,2017-02-03 01:53,59.00,0.03,8.00
SJC,2017-02-03 02:36,59.00,0.02,13.00
SJC,2017-02-03 02:53,58.00,0.02,11.00
SJC,2017-02-03 03:03,58.00,T,11.00
SJC,2017-02-03 03:23,59.00,0.01,10.00
SJC,2017-02-03 03:53,60.00,0.01,10.00
SJC,2017-02-03 04:48,60.80,T,11.00
SJC,2017-02-03 04:53,59.00,0.01,10.00
SJC,2017-02-03 05:06,59.00,T,7.00
SJC,2017-02-03 05:53,59.00,0.05,11.00
SJC,2017-02-03 06:17,58.00,0.01,8.00
SJC,2017-02-03 06:53,59.00,0.02,12.00
SJC,2017-02-03 07:53,58.00,T,4.00
SJC,2017-02-03 08:53,59.00,0.00,7.00
SJC,2017-02-03 09:53,60.00,0.00,7.00
SJC,2017-02-03 10:53,62.00,0.00,11.00
SJC,2017-02-03 11:53,62.00,0.00,14.00
SJC,2017-02-03 12:53,62.00,0.00,12.00
SJC,2017-02-03 13:53,62.00,0.00,11.00
SJC,2017-02-03 14:53,61.00,0.00,14.00
SJC,2017-02-03 15:53,61.00,0.00,11.00
SJC,2017-02-03 16:53,60.00,0.00,9.00
SJC,2017-02-03 17:53,58.00,T,6.00
SJC,2017-02-03 18:14,57.00,0.02,3.00
SJC,2017-02-03 18:53,57.00,0.02,3.00
SJC,2017-02-03 19:53,57.00,0.01,6.00
SJC,2017-02-03 20:53,57.00,0.00,6.00
SJC,2017-02-03 21:53,57.00,0.00,6.00
SJC,2017-02-03 22:26,57.00,0.01,4.00
SJC,2017-02-03 22:53,57.00,0.01,6.00
SJC,2017-02-03 23:53,56.00,0.01,9.00
SJC,2017-02-04 00:53,55.00,0.00,0.00
SJC,2017-02-04 01:53,55.00,0.00,6.00
SJC,2017-02-04 02:53,55.00,0.00,0.00
SJC,2017-02-04 03:53,54.00,0.00,7.00
SJC,2017-02-04 04:53,53.00,T,6.00
SJC,2017-02-04 05:53,53.00,0.00,9.00
SJC,2017-02-04 06:53,52.00,0.00,8.00
SJC,2017-02-04 07:53,54.00,0.00,7.00
SJC,2017-02-04 08:53,56.00,0.00,9.00
SJC,2017-02-04 09:53,58.00,0.00,9.00
SJC,2017-02-04 10:53,60.00,0.00,7.00
SJC,2017-02-04 11:53,61.00,T,5.00
SJC,2017-02-04 12:53,62.00,0.00,8.00
SJC,2017-02-04 13:53,62.00,0.00,7.00
SJC,2017-02-04 14:53,61.00,0.00,10.00
SJC,2017-02-04 15:53,59.00,0.00,5.00
SJC,2017-02-04 16:53,59.00,0.00,4.00
SJC,2017-02-04 17:53,57.00,0.00,5.00
SJC,2017-02-04 18:53,57.00,0.00,0.00
SJC,2017-02-04 19:53,56.00,0.00,6.00
SJC,2017-02-04 20:53,55.00,0.00,0.00
SJC,2017-02-04 21:53,50.00,0.00,7.00
SJC,2017-02-04 22:53,51.00,0.00,3.00
SJC,2017-02-04 23:53,52.00,0.00,7.00
SJC,2017-02-05 00:53,50.00,0.00,5.00
SJC,2017-02-05 01:53,50.00,0.00,0.00
SJC,2017-02-05 02:53,49.00,0.00,5.00
SJC,2017-02-05 03:53,50.00,0.00,3.00
SJC,2017-02-05 04:53,50.00,0.00,3.00
SJC,2017-02-05 05:53,49.00,0.00,4.00
SJC,2017-02-05 06:53,49.00,0.00,3.00
SJC,2017-02-05 07:53,50.00,0.00,5.00
SJC,2017-02-05 08:53,53.00,0.00,7.00
SJC,2017-02-05 09:53,56.00,0.00,10.00
SJC,2017-02-05 10:53,58.00,0.00,12.00
SJC,2017-02-05 11:53,58.00,0.00,9.00
SJC,2017-02-05 12:53,58.00,0.00,13.00
SJC,2017-02-05 13:53,59.00,0.00,13.00
SJC,2017-02-05 14:53,59.00,T,12.00
SJC,2017-02-05 15:53,59.00,0.00,10.00
SJC,2017-02-05 16:53,59.00,0.00,12.00
SJC,2017-02-05 17:53,57.00,T,12.00
SJC,2017-02-05 18:53,55.00,0.05,15.00
SJC,2017-02-05 19:53,55.00,0.01,12.00
SJC,2017-02-05 20:53,54.00,0.02,12.00
SJC,2017-02-05 21:53,54.00,0.01,4.00
SJC,2017-02-05 22:53,54.00,0.01,15.00
SJC,2017-02-05 23:53,54.00,0.08,10.00
SJC,2017-02-06 00:35,54.00,0.04,6.00
SJC,2017-02-06 00:53,54.00,0.05,5.00
SJC,2017-02-06 01:18,54.00,0.03,8.00
SJC,2017-02-06 01:28,54.00,0.04,9.00
SJC,2017-02-06 01:53,55.00,0.04,11.00
SJC,2017-02-06 02:53,56.00,0.01,4.00
SJC,2017-02-06 03:53,57.00,T,0.00
SJC,2017-02-06 04:53,59.00,0.00,4.00
SJC,2017-02-06 05:53,57.00,0.00,6.00
SJC,2017-02-06 06:53,58.00,0.00,7.00
SJC,2017-02-06 07:53,58.00,0.00,6.00
SJC,2017-02-06 08:53,60.00,0.00,8.00
SJC,2017-02-06 09:53,60.00,0.00,7.00
SJC,2017-02-06 10:53,60.00,0.00,10.00
SJC,2017-02-06 11:53,61.00,0.00,9.00
SJC,2017-02-06 12:53,61.00,0.00,9.00
SJC,2017-02-06 13:53,61.00,0.00,12.00
SJC,2017-02-06 14:53,61.00,0.00,11.00
SJC,2017-02-06 15:53,61.00,0.00,10.00
SJC,2017-02-06 16:53,59.00,T,9.00
SJC,2017-02-06 17:53,58.00,T,7.00
SJC,2017-02-06 18:53,57.00,T,11.00
SJC,2017-02-06 19:53,57.00,0.02,14.00
SJC,2017-02-06 20:53,56.00,0.02,17.00
SJC,2017-02-06 21:53,56.00,0.01,12.00
SJC,2017-02-06 22:53,56.00,0.03,15.00
SJC,2017-02-06 23:53,56.00,0.02,16.00
SJC,2017-02-07 00:23,56.00,0.02,9.00
SJC,2017-02-07 00:53,56.00,0.04,15.00
SJC,2017-02-07 01:53,57.00,0.02,11.00
SJC,2017-02-07 02:21,58.00,0.01,8.00
SJC,2017-02-07 02:30,58.00,0.02,11.00
SJC,2017-02-07 02:53,57.00,0.04,13.00
SJC,2017-02-07 03:53,60.00,0.02,10.00
SJC,2017-02-07 04:53,62.00,0.01,11.00
SJC,2017-02-07 05:53,61.00,0.03,12.00
SJC,2017-02-07 06:53,62.00,0.06,16.00
SJC,2017-02-07 06:57,62.00,0.01,14.00
SJC,2017-02-07 07:01,61.00,0.06,9.00
SJC,2017-02-07 07:12,61.00,0.09,15.00
SJC,2017-02-07 07:42,62.00,0.10,12.00
SJC,2017-02-07 07:50,62.60,0.11,13.00
SJC,2017-02-07 07:53,62.00,0.11,14.00
SJC,2017-02-07 08:37,62.00,0.01,11.00
SJC,2017-02-07 08:53,62.00,0.01,14.00
SJC,2017-02-07 09:53,62.00,0.01,11.00
SJC,2017-02-07 10:53,64.00,T,7.00
SJC,2017-02-07 11:53,65.00,T,3.00
SJC,2017-02-07 12:33,64.00,0.00,4.00
SJC,2017-02-07 12:53,65.00,0.00,0.00
SJC,2017-02-07 13:53,65.00,0.00,0.00
SJC,2017-02-07 14:25,65.00,0.00,4.00
SJC,2017-02-07 14:53,64.00,0.00,7.00
SJC,2017-02-07 15:53,64.00,T,3.00
SJC,2017-02-07 16:53,64.00,T,10.00
SJC,2017-02-07 17:53,60.00,0.00,5.00
SJC,2017-02-07 18:53,58.00,0.00,3.00
SJC,2017-02-07 19:53,59.00,0.00,0.00
SJC,2017-02-07 20:53,60.00,0.00,0.00
SJC,2017-02-07 21:12,61.00,0.00,4.00
SJC,2017-02-07 21:53,61.00,0.00,5.00
SJC,2017-02-07 22:53,61.00,0.00,0.00
SJC,2017-02-07 23:53,62.00,0.00,5.00
SJC,2017-02-08 00:45,61.00,T,6.00
SJC,2017-02-08 00:53,61.00,0.01,5.00
SJC,2017-02-08 01:21,61.00,0.01,5.00
SJC,2017-02-08 01:53,60.00,0.04,4.00
SJC,2017-02-08 02:00,60.00,T,6.00
SJC,2017-02-08 02:48,60.80,T,5.00
SJC,2017-02-08 02:53,59.00,T,7.00
SJC,2017-02-08 03:16,61.00,0.00,8.00
SJC,2017-02-08 03:53,61.00,0.00,7.00
SJC,2017-02-08 04:53,62.00,T,7.00
SJC,2017-02-08 05:53,61.00,T,8.00
SJC,2017-02-08 06:53,62.00,0.01,8.00
SJC,2017-02-08 07:53,63.00,0.00,8.00
SJC,2017-02-08 08:53,63.00,0.00,5.00
SJC,2017-02-08 09:53,63.00,T,8.00
SJC,2017-02-08 10:53,64.00,T,11.00
SJC,2017-02-08 11:53,65.00,0.00,8.00
SJC,2017-02-08 12:45,64.00,T,6.00
SJC,2017-02-08 12:53,64.00,T,5.00
SJC,2017-02-08 13:20,64.00,0.00,3.00
SJC,2017-02-08 13:53,65.00,0.00,7.00
SJC,2017-02-08 14:53,65.00,0.00,9.00
SJC,2017-02-08 15:53,65.00,0.00,11.00
SJC,2017-02-08 16:38,64.00,0.00,14.00
SJC,2017-02-08 16:53,64.00,0.00,10.00
SJC,2017-02-08 17:53,64.00,0.00,5.00
SJC,2017-02-08 18:19,65.00,0.00,7.00
SJC,2017-02-08 18:53,64.00,0.00,8.00
SJC,2017-02-08 19:53,64.00,0.00,7.00
SJC,2017-02-08 20:53,64.00,0.00,4.00
SJC,2017-02-08 21:53,63.00,0.00,7.00
SJC,2017-02-08 22:53,64.00,0.00,9.00
SJC,2017-02-08 23:53,63.00,0.00,4.00
SJC,2017-02-09 00:53,64.00,0.00,6.00
SJC,2017-02-09 01:23,63.00,0.00,8.00
SJC,2017-02-09 01:53,62.00,0.00,9.00
SJC,2017-02-09 02:08,62.00,0.00,4.00
SJC,2017-02-09 02:53,63.00,0.00,9.00
SJC,2017-02-09 03:18,63.00,0.00,11.00
SJC,2017-02-09 03:53,62.00,0.00,9.00
SJC,2017-02-09 04:53,62.00,0.00,10.00
SJC,2017-02-09 05:53,62.00,0.00,12.00
SJC,2017-02-09 06:53,62.00,0.00,13.00
SJC,2017-02-09 07:53,63.00,0.00,17.00
SJC,2017-02-09 08:53,64.00,T,19.00
SJC,2017-02-09 09:53,63.00,T,13.00
SJC,2017-02-09 10:53,64.00,0.00,9.00
SJC,2017-02-09 11:53,62.00,0.02,5.00
SJC,2017-02-09 12:53,61.00,0.04,7.00
SJC,2017-02-09 13:32,61.00,0.02,8.00
SJC,2017-02-09 13:53,61.00,0.04,9.00
SJC,2017-02-09 14:53,61.00,0.03,7.00
SJC,2017-02-09 15:53,61.00,0.07,7.00
SJC,2017-02-09 16:53,60.00,0.10,3.00
SJC,2017-02-09 17:36,60.00,0.08,7.00
SJC,2017-02-09 17:40,60.00,0.09,5.00
SJC,2017-02-09 17:53,60.00,0.11,4.00
SJC,2017-02-09 18:53,60.00,0.08,0.00
SJC,2017-02-09 19:53,61.00,0.03,10.00
SJC,2017-02-09 20:53,60.00,0.01,8.00
SJC,2017-02-09 21:53,59.00,0.00,7.00
SJC,2017-02-09 22:53,58.00,T,6.00
SJC,2017-02-09 23:53,59.00,0.00,6.00
SJC,2017-02-10 00:53,58.00,T,4.00
SJC,2017-02-10 01:26,59.00,0.00,7.00
SJC,2017-02-10 01:53,58.00,0.01,5.00
SJC,2017-02-10 02:46,57.00,0.04,0.00
SJC,2017-02-10 02:53,57.00,0.04,0.00
SJC,2017-02-10 03:53,57.00,0.00,0.00
SJC,2017-02-10 04:05,57.00,0.00,3.00
SJC,2017-02-10 04:15,57.00,T,4.00
SJC,2017-02-10 04:36,57.00,T,0.00
SJC,2017-02-10 04:53,57.00,T,7.00
SJC,2017-02-10 05:01,57.00,0.00,7.00
SJC,2017-02-10 05:17,57.00,0.00,5.00
SJC,2017-02-10 05:38,57.00,0.00,4.00
SJC,2017-02-10 05:53,57.00,T,0.00
SJC,2017-02-10 06:53,57.00,T,6.00
SJC,2017-02-10 07:53,57.00,0.00,0.00
SJC,2017-02-10 07:56,57.00,0.00,0.00
SJC,2017-02-10 08:36,57.00,0.01,4.00
SJC,2017-02-10 08:53,58.00,0.01,3.00
SJC,2017-02-10 09:53,59.00,0.00,0.00
SJC,2017-02-10 10:29,59.00,0.00,0.00
SJC,2017-02-10 10:53,60.00,0.00,0.00
SJC,2017-02-10 11:53,62.00,0.00,0.00
SJC,2017-02-10 12:53,58.00,0.00,14.00
SJC,2017-02-10 13:53,61.00,0.00,8.00
SJC,2017-02-10 14:53,62.00,0.00,7.00
SJC,2017-02-10 15:53,62.00,0.00,11.00
SJC,2017-02-10 16:53,59.00,0.00,10.00
SJC,2017-02-10 17:53,57.00,0.00,11.00
SJC,2017-02-10 18:53,55.00,0.00,8.00
SJC,2017-02-10 19:53,54.00,0.00,10.00
SJC,2017-02-10 20:53,53.00,0.00,5.00
SJC,2017-02-10 21:53,54.00,0.00,6.00
SJC,2017-02-10 22:53,52.00,0.00,6.00
SJC,2017-02-10 23:53,50.00,0.00,6.00
SJC,2017-02-11 00:53,49.00,0.00,6.00
SJC,2017-02-11 01:53,49.00,0.00,7.00
SJC,2017-02-11 02:53,48.00,0.00,9.00
SJC,2017-02-11 03:53,47.00,0.00,5.00
SJC,2017-02-11 04:53,46.00,0.00,3.00
SJC,2017-02-11 05:10,47.00,0.00,0.00
SJC,2017-02-11 05:31,47.00,0.00,0.00
SJC,2017-02-11 05:53,48.00,0.00,0.00
SJC,2017-02-11 06:53,47.00,0.00,4.00
SJC,2017-02-11 07:53,47.00,0.00,4.00
SJC,2017-02-11 08:53,50.00,0.00,8.00
SJC,2017-02-11 09:53,52.00,0.00,8.00
SJC,2017-02-11 10:53,52.00,0.00,12.00
SJC,2017-02-11 11:53,56.00,0.00,12.00
SJC,2017-02-11 12:53,57.00,0.00,9.00
SJC,2017-02-11 13:53,59.00,0.00,13.00
SJC,2017-02-11 14:53,59.00,0.00,12.00
SJC,2017-02-11 15:53,60.00,0.00,10.00
SJC,2017-02-11 16:53,59.00,0.00,8.00
SJC,2017-02-11 17:53,57.00,0.00,9.00
SJC,2017-02-11 18:53,55.00,0.00,6.00
SJC,2017-02-11 19:53,51.00,0.00,7.00
SJC,2017-02-11 20:53,54.00,0.00,6.00
SJC,2017-02-11 21:53,52.00,0.00,3.00
SJC,2017-02-11 22:53,50.00,0.00,0.00
SJC,2017-02-11 23:53,48.00,0.00,0.00
SJC,2017-02-12 00:53,47.00,0.00,3.00
SJC,2017-02-12 01:53,46.00,0.00,3.00
SJC,2017-02-12 02:53,45.00,0.00,0.00
SJC,2017-02-12 03:53,44.00,0.00,0.00
SJC,2017-02-12 04:53,43.00,0.00,0.00
SJC,2017-02-12 05:53,43.00,0.00,0.00
SJC,2017-02-12 06:53,41.00,0.00,3.00
SJC,2017-02-12 07:53,44.00,0.00,3.00
SJC,2017-02-12 08:53,49.00,0.00,3.00
SJC,2017-02-12 09:53,57.00,0.00,6.00
SJC,2017-02-12 10:53,60.00,0.00,11.00
SJC,2017-02-12 11:53,62.00,0.00,10.00
SJC,2017-02-12 12:53,63.00,0.00,6.00
SJC,2017-02-12 13:53,64.00,0.00,6.00
SJC,2017-02-12 14:53,65.00,0.00,6.00
SJC,2017-02-12 15:53,63.00,0.00,9.00
SJC,2017-02-12 16:53,61.00,0.00,9.00
SJC,2017-02-12 17:53,58.00,0.00,8.00
SJC,2017-02-12 18:53,55.00,0.00,11.00
SJC,2017-02-12 19:53,52.00,0.00,4.00
SJC,2017-02-12 20:53,52.00,0.00,4.00
SJC,2017-02-12 21:53,51.00,0.00,0.00
SJC,2017-02-12 22:53,50.00,0.00,3.00
SJC,2017-02-12 23:53,49.00,0.00,0.00
SJC,2017-02-13 00:53,45.00,0.00,4.00
SJC,2017-02-13 01:53,44.00,0.00,3.00
SJC,2017-02-13 02:53,46.00,0.00,0.00
SJC,2017-02-13 03:53,45.00,0.00,0.00
SJC,2017-02-13 04:53,44.00,0.00,3.00
SJC,2017-02-13 05:53,42.00,0.00,4.00
SJC,2017-02-13 06:29,42.00,0.00,3.00
SJC,2017-02-13 06:34,42.00,0.00,3.00
SJC,2017-02-13 06:39,41.00,0.00,0.00
SJC,2017-02-13 06:44,42.00,0.00,0.00
SJC,2017-02-13 06:53,44.00,0.00,3.00
SJC,2017-02-13 07:03,44.00,0.00,3.00
SJC,2017-02-13 07:53,45.00,0.00,4.00
SJC,2017-02-13 08:20,45.00,0.00,3.00
SJC,2017-02-13 08:30,45.00,0.00,3.00
SJC,2017-02-13 08:42,46.00,0.00,4.00
SJC,2017-02-13 08:53,46.00,0.00,0.00
SJC,2017-02-13 09:12,47.00,0.00,0.00
SJC,2017-02-13 09:53,52.00,0.00,3.00
SJC,2017-02-13 10:53,54.00,0.00,5.00
SJC,2017-02-13 11:53,58.00,0.00,0.00
SJC,2017-02-13 12:53,59.00,0.00,4.00
SJC,2017-02-13 13:53,60.00,0.00,4.00
SJC,2017-02-13 14:53,62.00,0.00,0.00
SJC,2017-02-13 15:53,62.00,0.00,6.00
SJC,2017-02-13 16:53,60.00,0.00,6.00
SJC,2017-02-13 17:53,59.00,0.00,5.00
SJC,2017-02-13 18:53,57.00,0.00,6.00
SJC,2017-02-13 19:53,56.00,0.00,4.00
SJC,2017-02-13 20:53,55.00,0.00,3.00
SJC,2017-02-13 21:53,56.00,0.00,0.00
SJC,2017-02-13 22:53,55.00,0.00,0.00
SJC,2017-02-13 23:53,54.00,0.00,0.00
SJC,2017-02-14 00:53,52.00,0.00,0.00
SJC,2017-02-14 01:53,51.00,0.00,0.00
SJC,2017-02-14 02:53,50.00,0.00,3.00
SJC,2017-02-14 03:53,47.00,0.00,3.00
SJC,2017-02-14 04:53,47.00,0.00,0.00
SJC,2017-02-14 05:53,46.00,0.00,3.00
SJC,2017-02-14 06:53,46.00,0.00,0.00
SJC,2017-02-14 07:53,49.00,0.00,0.00
SJC,2017-02-14 08:53,53.00,0.00,0.00
SJC,2017-02-14 09:53,57.00,0.00,0.00
SJC,2017-02-14 10:53,60.00,0.00,0.00
SJC,2017-02-14 11:53,64.00,0.00,0.00
SJC,2017-02-14 12:53,67.00,0.00,5.00
SJC,2017-02-14 13:53,68.00,0.00,3.00
SJC,2017-02-14 14:53,70.00,0.00,3.00
SJC,2017-02-14 15:53,69.00,0.00,6.00
SJC,2017-02-14 16:53,65.00,0.00,8.00
SJC,2017-02-14 17:53,62.00,0.00,5.00
SJC,2017-02-14 18:53,62.00,0.00,3.00
SJC,2017-02-14 19:53,59.00,0.00,4.00
SJC,2017-02-14 20:53,57.00,0.00,0.00
SJC,2017-02-14 21:53,55.00,0.00,5.00
SJC,2017-02-14 22:53,55.00,0.00,4.00
SJC,2017-02-14 23:53,56.00,0.00,0.00
SJC,2017-02-15 00:53,54.00,0.00,3.00
SJC,2017-02-15 01:53,53.00,0.00,0.00
SJC,2017-02-15 02:53,51.00,0.00,3.00
SJC,2017-02-15 03:53,51.00,0.00,0.00
SJC,2017-02-15 04:53,50.00,0.00,3.00
SJC,2017-02-15 05:53,51.00,0.00,3.00
SJC,2017-02-15 06:53,52.00,0.00,3.00
SJC,2017-02-15 07:53,53.00,0.00,3.00
SJC,2017-02-15 08:53,56.00,0.00,4.00
SJC,2017-02-15 09:53,57.00,0.00,0.00
SJC,2017-02-15 10:53,58.00,0.00,4.00
SJC,2017-02-15 11:53,62.00,0.00,5.00
SJC,2017-02-15 12:53,66.00,0.00,7.00
SJC,2017-02-15 13:53,68.00,0.00,9.00
SJC,2017-02-15 14:53,69.00,0.00,10.00
SJC,2017-02-15 15:53,70.00,0.00,8.00
SJC,2017-02-15 16:53,69.00,0.00,7.00
SJC,2017-02-15 17:53,68.00,0.00,7.00
SJC,2017-02-15 18:53,66.00,0.00,8.00
SJC,2017-02-15 19:53,64.00,0.00,3.00
SJC,2017-02-15 20:53,60.00,0.00,4.00
SJC,2017-02-15 21:53,61.00,0.00,7.00
SJC,2017-02-15 22:53,63.00,0.00,12.00
SJC,2017-02-15 23:53,62.00,0.00,15.00
SJC,2017-02-16 00:53,60.00,0.00,9.00
SJC,2017-02-16 01:53,59.00,T,13.00
SJC,2017-02-16 02:53,62.00,T,16.00
SJC,2017-02-16 03:53,62.00,T,15.00
SJC,2017-02-16 04:53,56.00,0.03,7.00
SJC,2017-02-16 05:53,55.00,0.04,3.00
SJC,2017-02-16 06:53,56.00,0.01,10.00
SJC,2017-02-16 07:53,55.00,T,12.00
SJC,2017-02-16 08:53,58.00,0.00,9.00
SJC,2017-02-16 09:53,60.00,0.00,9.00
SJC,2017-02-16 10:53,63.00,0.00,13.00
SJC,2017-02-16 11:53,63.00,0.00,7.00
SJC,2017-02-16 12:53,62.00,0.00,10.00
SJC,2017-02-16 13:53,64.00,0.00,5.00
SJC,2017-02-16 14:53,65.00,0.00,12.00
SJC,2017-02-16 15:53,65.00,0.00,6.00
SJC,2017-02-16 16:53,62.00,0.00,8.00
SJC,2017-02-16 17:53,59.00,0.00,6.00
SJC,2017-02-16 18:53,57.00,0.00,5.00
SJC,2017-02-16 19:53,56.00,0.00,4.00
SJC,2017-02-16 20:53,57.00,0.00,3.00
SJC,2017-02-16 21:53,57.00,0.00,0.00
SJC,2017-02-16 22:53,56.00,0.00,5.00
SJC,2017-02-16 23:53,55.00,0.00,4.00
SJC,2017-02-17 00:53,56.00,0.00,5.00
SJC,2017-02-17 01:53,57.00,0.00,12.00
SJC,2017-02-17 02:53,57.00,0.00,8.00
SJC,2017-02-17 03:53,56.00,0.01,13.00
SJC,2017-02-17 04:53,56.00,T,13.00
SJC,2017-02-17 05:53,56.00,T,14.00
SJC,2017-02-17 06:53,57.00,0.02,14.00
SJC,2017-02-17 07:53,57.00,0.02,17.00
SJC,2017-02-17 08:53,58.00,T,27.00
SJC,2017-02-17 09:53,59.00,T,M
SJC,2017-02-17 10:53,57.00,0.02,21.00
SJC,2017-02-17 11:53,56.00,0.04,28.00
SJC,2017-02-17 12:01,56.00,T,23.00
SJC,2017-02-17 12:53,57.00,0.05,21.00
SJC,2017-02-17 13:53,57.00,0.01,20.00
SJC,2017-02-17 14:53,58.00,0.04,17.00
SJC,2017-02-17 15:37,56.00,0.05,11.00
SJC,2017-02-17 15:53,56.00,0.10,8.00
SJC,2017-02-17 16:53,56.00,0.17,6.00
SJC,2017-02-17 17:53,55.00,0.08,8.00
SJC,2017-02-17 18:53,55.00,0.05,9.00
SJC,2017-02-17 19:53,54.00,0.09,5.00
SJC,2017-02-17 20:53,54.00,0.12,8.00
SJC,2017-02-17 21:53,54.00,0.11,9.00
SJC,2017-02-17 22:53,54.00,0.02,10.00
SJC,2017-02-17 23:53,54.00,T,9.00
SJC,2017-02-18 00:53,54.00,T,12.00
SJC,2017-02-18 01:53,55.00,T,11.00
SJC,2017-02-18 02:53,54.00,T,11.00
SJC,2017-02-18 03:46,53.00,0.01,7.00
SJC,2017-02-18 03:53,52.00,0.04,11.00
SJC,2017-02-18 04:05,52.00,0.04,8.00
SJC,2017-02-18 04:19,52.00,0.05,6.00
SJC,2017-02-18 04:26,52.00,0.06,5.00
SJC,2017-02-18 04:34,52.00,0.06,6.00
SJC,2017-02-18 04:53,52.00,0.07,6.00
SJC,2017-02-18 05:25,52.00,T,4.00
SJC,2017-02-18 05:32,52.00,T,0.00
SJC,2017-02-18 05:53,52.00,T,0.00
SJC,2017-02-18 06:53,53.00,0.00,8.00
SJC,2017-02-18 07:08,53.00,0.00,6.00
SJC,2017-02-18 07:53,53.00,0.00,9.00
SJC,2017-02-18 08:12,53.00,T,10.00
SJC,2017-02-18 08:24,52.00,0.01,7.00
SJC,2017-02-18 08:53,52.00,0.01,14.00
SJC,2017-02-18 08:58,52.00,T,11.00
SJC,2017-02-18 09:37,53.00,0.01,12.00
SJC,2017-02-18 09:53,54.00,0.01,13.00
SJC,2017-02-18 10:53,55.00,0.00,13.00
SJC,2017-02-18 11:53,55.00,T,17.00
SJC,2017-02-18 12:53,55.00,T,11.00
SJC,2017-02-18 13:53,55.00,T,11.00
SJC,2017-02-18 14:53,55.00,0.00,14.00
SJC,2017-02-18 15:53,53.00,0.00,16.00
SJC,2017-02-18 16:53,53.00,0.00,14.00
SJC,2017-02-18 17:53,52.00,0.00,9.00
SJC,2017-02-18 18:53,52.00,0.00,9.00
SJC,2017-02-18 19:53,51.00,0.00,10.00
SJC,2017-02-18 20:53,51.00,0.00,5.00
SJC,2017-02-18 21:53,50.00,0.00,0.00
SJC,2017-02-18 22:53,49.00,0.00,4.00
SJC,2017-02-18 23:53,48.00,0.00,3.00
SJC,2017-02-19 00:53,48.00,0.00,3.00
SJC,2017-02-19 01:53,49.00,0.00,3.00
SJC,2017-02-19 02:53,49.00,0.00,3.00
SJC,2017-02-19 03:53,49.00,0.00,5.00
SJC,2017-02-19 04:53,48.00,T,5.00
SJC,2017-02-19 05:53,48.00,0.00,7.00
SJC,2017-02-19 06:53,48.00,T,9.00
SJC,2017-02-19 07:53,49.00,0.00,9.00
SJC,2017-02-19 08:53,51.00,0.00,12.00
SJC,2017-02-19 09:53,53.00,T,10.00
SJC,2017-02-19 10:53,53.00,T,14.00
SJC,2017-02-19 11:53,53.00,T,11.00
SJC,2017-02-19 12:53,55.00,0.01,14.00
SJC,2017-02-19 13:53,55.00,T,14.00
SJC,2017-02-19 14:53,55.00,T,20.00
SJC,2017-02-19 15:53,55.00,T,21.00
SJC,2017-02-19 16:53,54.00,T,15.00
SJC,2017-02-19 17:53,54.00,T,15.00
SJC,2017-02-19 18:53,56.00,T,10.00
SJC,2017-02-19 19:53,55.00,0.00,10.00
SJC,2017-02-19 20:53,56.00,T,17.00
SJC,2017-02-19 21:53,54.00,T,15.00
SJC,2017-02-19 22:53,54.00,T,22.00
SJC,2017-02-19 23:53,54.00,T,14.00
SJC,2017-02-20 00:53,54.00,0.08,16.00
SJC,2017-02-20 01:53,54.00,0.02,14.00
SJC,2017-02-20 02:01,54.00,T,16.00
SJC,2017-02-20 02:17,54.00,0.01,15.00
SJC,2017-02-20 02:53,54.00,0.03,9.00
SJC,2017-02-20 03:53,55.00,0.06,18.00
SJC,2017-02-20 04:44,55.00,0.05,3.00
SJC,2017-02-20 04:51,55.40,0.05,6.00
SJC,2017-02-20 04:53,56.00,0.05,8.00
SJC,2017-02-20 05:12,56.00,0.01,11.00
SJC,2017-02-20 05:53,56.00,0.06,6.00
SJC,2017-02-20 06:01,56.00,0.03,5.00
SJC,2017-02-20 06:43,56.00,0.09,9.00
SJC,2017-02-20 06:53,56.00,0.09,9.00
SJC,2017-02-20 07:53,56.00,0.05,11.00
SJC,2017-02-20 08:53,57.00,0.02,6.00
SJC,2017-02-20 09:05,57.00,0.02,7.00
SJC,2017-02-20 09:53,57.00,0.15,0.00
SJC,2017-02-20 10:53,57.00,0.11,4.00
SJC,2017-02-20 11:53,58.00,0.15,6.00
SJC,2017-02-20 12:53,57.00,0.06,0.00
SJC,2017-02-20 13:07,57.00,0.04,3.00
SJC,2017-02-20 13:33,56.00,0.14,3.00
SJC,2017-02-20 13:49,55.40,0.18,5.00
SJC,2017-02-20 13:53,56.00,0.19,6.00
SJC,2017-02-20 14:31,55.00,0.11,0.00
SJC,2017-02-20 14:41,55.00,0.19,5.00
SJC,2017-02-20 14:53,55.00,0.26,6.00
SJC,2017-02-20 15:07,55.00,0.03,4.00
SJC,2017-02-20 15:18,55.00,0.08,5.00
SJC,2017-02-20 15:23,55.00,0.11,5.00
SJC,2017-02-20 15:34,55.00,0.15,4.00
SJC,2017-02-20 15:46,55.00,0.19,6.00
SJC,2017-02-20 15:53,55.00,0.20,7.00
SJC,2017-02-20 16:35,60.00,0.10,12.00
SJC,2017-02-20 16:45,61.00,0.13,20.00
SJC,2017-02-20 16:53,61.00,0.15,16.00
SJC,2017-02-20 17:18,60.80,0.00,13.00
SJC,2017-02-20 17:53,60.00,0.05,17.00
SJC,2017-02-20 18:01,60.00,0.01,17.00
SJC,2017-02-20 18:13,60.00,0.02,14.00
SJC,2017-02-20 18:53,59.00,0.03,9.00
SJC,2017-02-20 19:53,58.00,0.04,10.00
SJC,2017-02-20 20:53,58.00,0.01,14.00
SJC,2017-02-20 21:53,59.00,T,11.00
SJC,2017-02-20 22:53,60.00,T,12.00
SJC,2017-02-20 23:53,58.00,0.01,11.00
SJC,2017-02-21 00:17,58.00,T,12.00
SJC,2017-02-21 00:53,58.00,T,10.00
SJC,2017-02-21 01:53,57.00,T,4.00
SJC,2017-02-21 02:53,56.00,0.00,6.00
SJC,2017-02-21 03:53,56.00,0.01,4.00
SJC,2017-02-21 04:53,54.00,0.00,6.00
SJC,2017-02-21 05:53,57.00,0.00,7.00
SJC,2017-02-21 06:53,54.00,T,4.00
SJC,2017-02-21 07:53,54.00,0.01,7.00
SJC,2017-02-21 08:53,54.00,0.07,0.00
SJC,2017-02-21 09:53,55.00,0.03,5.00
SJC,2017-02-21 10:53,56.00,T,6.00
SJC,2017-02-21 11:53,57.00,0.12,0.00
SJC,2017-02-21 12:53,59.00,T,12.00
SJC,2017-02-21 13:29,59.00,0.00,7.00
SJC,2017-02-21 13:53,60.00,0.00,7.00
SJC,2017-02-21 14:53,59.00,0.00,13.00
SJC,2017-02-21 15:53,58.00,0.00,10.00
SJC,2017-02-21 16:53,56.00,T,6.00
SJC,2017-02-21 17:53,56.00,T,3.00
SJC,2017-02-21 18:53,53.00,0.01,10.00
SJC,2017-02-21 19:53,51.00,0.06,3.00
SJC,2017-02-21 20:53,50.00,0.01,5.00
SJC,2017-02-21 21:53,51.00,0.01,0.00
SJC,2017-02-21 22:53,50.00,0.00,0.00
SJC,2017-02-21 23:53,50.00,T,0.00
SJC,2017-02-22 00:06,50.00,0.00,0.00
SJC,2017-02-22 00:22,48.00,0.00,4.00
SJC,2017-02-22 00:53,48.00,0.00,0.00
SJC,2017-02-22 01:53,47.00,0.00,0.00
SJC,2017-02-22 02:11,47.00,0.00,0.00
SJC,2017-02-22 02:53,45.00,0.00,3.00
SJC,2017-02-22 03:53,45.00,0.00,0.00
SJC,2017-02-22 04:53,45.00,0.00,4.00
SJC,2017-02-22 05:53,45.00,0.00,0.00
SJC,2017-02-22 06:53,44.00,0.00,0.00
SJC,2017-02-22 07:53,46.00,0.00,3.00
SJC,2017-02-22 08:53,49.00,0.00,3.00
SJC,2017-02-22 09:40,52.00,0.00,0.00
SJC,2017-02-22 09:53,52.00,0.00,11.00
SJC,2017-02-22 10:53,52.00,0.00,14.00
SJC,2017-02-22 11:53,55.00,0.00,13.00
SJC,2017-02-22 12:53,55.00,0.00,15.00
SJC,2017-02-22 13:53,55.00,0.00,16.00
SJC,2017-02-22 14:53,55.00,T,19.00
SJC,2017-02-22 15:53,54.00,0.00,15.00
SJC,2017-02-22 16:53,52.00,0.00,15.00
SJC,2017-02-22 17:53,50.00,0.00,16.00
SJC,2017-02-22 18:53,49.00,0.00,16.00
SJC,2017-02-22 19:53,48.00,0.00,6.00
SJC,2017-02-22 20:53,47.00,0.00,7.00
SJC,2017-02-22 21:53,48.00,0.00,12.00
SJC,2017-02-22 22:53,46.00,0.00,11.00
SJC,2017-02-22 23:53,46.00,0.00,12.00
SJC,2017-02-23 00:53,44.00,0.00,5.00
SJC,2017-02-23 01:53,43.00,0.00,3.00
SJC,2017-02-23 02:53,44.00,0.00,0.00
SJC,2017-02-23 03:53,42.00,0.00,7.00
SJC,2017-02-23 04:53,41.00,0.00,4.00
SJC,2017-02-23 05:53,41.00,0.00,4.00
SJC,2017-02-23 06:53,40.00,0.00,3.00
SJC,2017-02-23 07:53,44.00,0.00,0.00
SJC,2017-02-23 08:53,46.00,0.00,3.00
SJC,2017-02-23 09:53,49.00,0.00,3.00
SJC,2017-02-23 10:53,50.00,0.00,7.00
SJC,2017-02-23 11:53,51.00,0.00,10.00
SJC,2017-02-23 12:53,52.00,0.00,8.00
SJC,2017-02-23 13:53,53.00,0.00,11.00
SJC,2017-02-23 14:53,53.00,0.00,12.00
SJC,2017-02-23 15:53,53.00,0.00,13.00
SJC,2017-02-23 16:53,51.00,0.00,11.00
SJC,2017-02-23 17:53,49.00,0.00,11.00
SJC,2017-02-23 18:53,48.00,0.00,9.00
SJC,2017-02-23 19:53,47.00,0.00,6.00
SJC,2017-02-23 20:53,45.00,0.00,4.00
SJC,2017-02-23 21:53,44.00,0.00,4.00
SJC,2017-02-23 22:53,43.00,0.00,4.00
SJC,2017-02-23 23:53,39.00,0.00,3.00
SJC,2017-02-24 00:53,38.00,0.00,4.00
SJC,2017-02-24 01:53,38.00,0.00,3.00
SJC,2017-02-24 02:53,39.00,0.00,5.00
SJC,2017-02-24 03:53,38.00,0.00,4.00
SJC,2017-02-24 04:53,36.00,0.00,3.00
SJC,2017-02-24 05:53,35.00,0.00,5.00
SJC,2017-02-24 06:53,38.00,0.00,6.00
SJC,2017-02-24 07:53,40.00,0.00,5.00
SJC,2017-02-24 08:53,45.00,0.00,4.00
SJC,2017-02-24 09:53,50.00,0.00,0.00
SJC,2017-02-24 10:53,53.00,0.00,3.00
SJC,2017-02-24 11:53,53.00,0.00,0.00
SJC,2017-02-24 12:53,53.00,0.00,8.00
SJC,2017-02-24 13:53,56.00,0.00,5.00
SJC,2017-02-24 14:53,56.00,0.00,9.00
SJC,2017-02-24 15:53,55.00,0.00,10.00
SJC,2017-02-24 16:53,53.00,0.00,11.00
SJC,2017-02-24 17:53,50.00,0.00,10.00
SJC,2017-02-24 18:53,48.00,0.00,8.00
SJC,2017-02-24 19:53,47.00,0.00,9.00
SJC,2017-02-24 20:53,45.00,0.00,4.00
SJC,2017-02-24 21:53,45.00,0.00,3.00
SJC,2017-02-24 22:53,43.00,0.00,3.00
SJC,2017-02-24 23:53,42.00,0.00,3.00
SJC,2017-02-25 00:53,39.00,0.00,4.00
SJC,2017-02-25 01:53,37.00,0.00,5.00
SJC,2017-02-25 02:53,38.00,0.00,5.00
SJC,2017-02-25 03:53,38.00,0.00,0.00
SJC,2017-02-25 04:53,37.00,0.00,4.00
SJC,2017-02-25 05:53,40.00,0.00,4.00
SJC,2017-02-25 06:53,41.00,0.00,5.00
SJC,2017-02-25 07:53,41.00,0.00,6.00
SJC,2017-02-25 08:53,46.00,0.00,4.00
SJC,2017-02-25 09:53,50.00,0.00,0.00
SJC,2017-02-25 10:53,52.00,0.00,0.00
SJC,2017-02-25 11:53,55.00,0.00,3.00
SJC,2017-02-25 12:53,57.00,0.00,0.00
SJC,2017-02-25 13:53,58.00,0.00,0.00
SJC,2017-02-25 14:53,57.00,0.00,8.00
SJC,2017-02-25 15:53,56.00,0.00,8.00
SJC,2017-02-25 16:53,53.00,0.00,11.00
SJC,2017-02-25 17:53,51.00,0.00,10.00
SJC,2017-02-25 18:53,51.00,0.00,6.00
SJC,2017-02-25 19:53,50.00,0.00,6.00
SJC,2017-02-25 20:53,50.00,0.00,6.00
SJC,2017-02-25 21:53,49.00,0.00,7.00
SJC,2017-02-25 22:53,47.00,0.00,4.00
SJC,2017-02-25 23:53,47.00,0.00,0.00
SJC,2017-02-26 00:53,46.00,0.00,0.00
SJC,2017-02-26 01:53,45.00,0.00,0.00
SJC,2017-02-26 02:53,44.00,0.00,0.00
SJC,2017-02-26 03:53,43.00,0.00,3.00
SJC,2017-02-26 04:53,42.00,0.00,0.00
SJC,2017-02-26 05:53,40.00,0.00,3.00
SJC,2017-02-26 06:53,39.00,0.00,3.00
SJC,2017-02-26 07:53,42.00,0.00,4.00
SJC,2017-02-26 08:53,47.00,0.00,4.00
SJC,2017-02-26 09:53,51.00,0.00,0.00
SJC,2017-02-26 10:53,53.00,0.00,3.00
SJC,2017-02-26 11:53,56.00,0.00,3.00
SJC,2017-02-26 12:53,57.00,0.00,6.00
SJC,2017-02-26 13:53,58.00,0.00,9.00
SJC,2017-02-26 14:53,58.00,0.00,11.00
SJC,2017-02-26 15:53,58.00,0.00,10.00
SJC,2017-02-26 16:09,55.00,0.00,13.00
SJC,2017-02-26 16:53,54.00,0.00,14.00
SJC,2017-02-26 17:53,53.00,0.00,12.00
SJC,2017-02-26 18:53,51.00,0.00,9.00
SJC,2017-02-26 19:53,49.00,0.00,8.00
SJC,2017-02-26 20:53,49.00,0.00,6.00
SJC,2017-02-26 21:53,50.00,0.00,5.00
SJC,2017-02-26 22:53,48.00,0.01,0.00
SJC,2017-02-26 23:53,48.00,0.01,4.00
SJC,2017-02-27 00:08,47.00,0.01,4.00
SJC,2017-02-27 00:18,47.00,0.01,4.00
SJC,2017-02-27 00:30,47.00,0.01,4.00
SJC,2017-02-27 00:53,47.00,0.01,0.00
SJC,2017-02-27 01:09,47.00,0.00,0.00
SJC,2017-02-27 01:53,47.00,0.00,3.00
SJC,2017-02-27 02:53,46.00,T,3.00
SJC,2017-02-27 03:41,46.00,0.03,4.00
SJC,2017-02-27 03:53,46.00,0.04,0.00
SJC,2017-02-27 04:05,46.00,T,0.00
SJC,2017-02-27 04:53,45.00,T,0.00
SJC,2017-02-27 05:53,43.00,0.00,3.00
SJC,2017-02-27 06:53,43.00,0.00,0.00
SJC,2017-02-27 07:53,47.00,0.00,0.00
SJC,2017-02-27 08:53,49.00,0.00,0.00
SJC,2017-02-27 09:53,51.00,0.00,4.00
SJC,2017-02-27 10:53,52.00,0.00,6.00
SJC,2017-02-27 11:53,53.00,0.00,5.00
SJC,2017-02-27 12:53,55.00,0.00,9.00
SJC,2017-02-27 13:53,55.00,0.00,10.00
SJC,2017-02-27 14:53,55.00,0.00,9.00
SJC,2017-02-27 15:53,55.00,0.00,11.00
SJC,2017-02-27 16:53,53.00,0.00,15.00
SJC,2017-02-27 17:53,51.00,0.00,10.00
SJC,2017-02-27 18:53,49.00,0.00,11.00
SJC,2017-02-27 19:53,47.00,0.00,8.00
SJC,2017-02-27 20:53,48.00,0.00,5.00
SJC,2017-02-27 21:53,46.00,0.00,6.00
SJC,2017-02-27 22:53,45.00,0.00,3.00
SJC,2017-02-27 23:53,44.00,0.00,3.00
SJC,2017-02-28 00:53,43.00,0.00,3.00
SJC,2017-02-28 01:53,42.00,0.00,0.00
SJC,2017-02-28 02:53,42.00,0.00,0.00
SJC,2017-02-28 03:53,41.00,0.00,0.00
SJC,2017-02-28 04:53,40.00,0.00,3.00
SJC,2017-02-28 05:53,40.00,0.00,0.00
SJC,2017-02-28 06:53,40.00,0.00,0.00
SJC,2017-02-28 07:53,43.00,0.00,0.00
SJC,2017-02-28 08:53,48.00,0.00,5.00
SJC,2017-02-28 09:53,51.00,0.00,7.00
SJC,2017-02-28 10:53,52.00,0.00,8.00
SJC,2017-02-28 11:53,54.00,0.00,6.00
SJC,2017-02-28 12:53,57.00,0.00,7.00
SJC,2017-02-28 13:53,58.00,0.00,8.00
SJC,2017-02-28 14:53,58.00,0.00,8.00
SJC,2017-02-28 15:53,57.00,0.00,12.00
SJC,2017-02-28 16:53,55.00,0.00,13.00
SJC,2017-02-28 17:53,53.00,0.00,10.00
SJC,2017-02-28 18:53,51.00,0.00,10.00
SJC,2017-02-28 19:53,50.00,0.00,11.00
SJC,2017-02-28 20:53,48.00,0.00,6.00
SJC,2017-02-28 21:53,47.00,0.00,4.00
SJC,2017-02-28 22:53,45.00,0.00,0.00
SJC,2017-02-28 23:53,45.00,0.00,4.00
SJC,2017-03-01 00:53,42.00,0.00,4.00
SJC,2017-03-01 01:53,43.00,0.00,3.00
SJC,2017-03-01 02:53,42.00,0.00,4.00
SJC,2017-03-01 03:53,40.00,0.00,3.00
SJC,2017-03-01 04:53,40.00,0.00,0.00
SJC,2017-03-01 05:53,38.00,0.00,4.00
SJC,2017-03-01 06:53,39.00,0.00,4.00
SJC,2017-03-01 07:53,43.00,0.00,0.00
SJC,2017-03-01 08:53,48.00,0.00,0.00
SJC,2017-03-01 09:53,51.00,0.00,0.00
SJC,2017-03-01 10:53,55.00,0.00,3.00
SJC,2017-03-01 11:53,59.00,0.00,0.00
SJC,2017-03-01 12:53,61.00,0.00,0.00
SJC,2017-03-01 13:53,63.00,0.00,7.00
SJC,2017-03-01 14:53,63.00,0.00,8.00
SJC,2017-03-01 15:53,63.00,0.00,10.00
SJC,2017-03-01 16:53,60.00,0.00,12.00
SJC,2017-03-01 17:53,56.00,0.00,12.00
SJC,2017-03-01 18:53,53.00,0.00,9.00
SJC,2017-03-01 19:53,51.00,0.00,5.00
SJC,2017-03-01 20:53,54.00,0.00,3.00
SJC,2017-03-01 21:53,51.00,0.00,0.00
SJC,2017-03-01 22:53,48.00,0.00,0.00
SJC,2017-03-01 23:53,47.00,0.00,3.00
SJC,2017-03-02 00:53,45.00,0.00,4.00
SJC,2017-03-02 01:53,43.00,0.00,3.00
SJC,2017-03-02 02:53,42.00,0.00,3.00
SJC,2017-03-02 03:53,41.00,0.00,3.00
SJC,2017-03-02 04:53,41.00,0.00,0.00
SJC,2017-03-02 05:53,40.00,0.00,3.00
SJC,2017-03-02 06:53,41.00,0.00,3.00
SJC,2017-03-02 07:53,44.00,0.00,4.00
SJC,2017-03-02 08:53,50.00,0.00,0.00
SJC,2017-03-02 09:53,55.00,0.00,0.00
SJC,2017-03-02 10:53,59.00,0.00,0.00
SJC,2017-03-02 11:53,62.00,0.00,0.00
SJC,2017-03-02 12:53,63.00,0.00,6.00
SJC,2017-03-02 13:53,63.00,0.00,7.00
SJC,2017-03-02 14:53,65.00,0.00,6.00
SJC,2017-03-02 15:53,66.00,0.00,6.00
SJC,2017-03-02 16:53,64.00,0.00,9.00
SJC,2017-03-02 17:53,60.00,0.00,8.00
SJC,2017-03-02 18:53,56.00,0.00,8.00
SJC,2017-03-02 19:53,55.00,0.00,6.00
SJC,2017-03-02 20:53,54.00,0.00,3.00
SJC,2017-03-02 21:53,53.00,0.00,0.00
SJC,2017-03-02 22:53,52.00,0.00,0.00
SJC,2017-03-02 23:53,50.00,0.00,3.00
SJC,2017-03-03 00:53,48.00,0.00,0.00
SJC,2017-03-03 01:53,48.00,0.00,0.00
SJC,2017-03-03 02:53,46.00,0.00,0.00
SJC,2017-03-03 03:53,45.00,0.00,0.00
SJC,2017-03-03 04:53,44.00,0.00,0.00
SJC,2017-03-03 05:53,43.00,0.00,3.00
SJC,2017-03-03 06:53,44.00,0.00,4.00
SJC,2017-03-03 07:53,47.00,0.00,0.00
SJC,2017-03-03 08:53,51.00,0.00,4.00
SJC,2017-03-03 09:53,55.00,0.00,0.00
SJC,2017-03-03 10:53,60.00,0.00,3.00
SJC,2017-03-03 11:53,62.00,0.00,3.00
SJC,2017-03-03 12:53,65.00,0.00,4.00
SJC,2017-03-03 13:53,66.00,0.00,5.00
SJC,2017-03-03 14:53,66.00,0.00,6.00
SJC,2017-03-03 15:53,63.00,0.00,8.00
SJC,2017-03-03 16:53,59.00,0.00,10.00
SJC,2017-03-03 17:53,56.00,0.00,8.00
SJC,2017-03-03 18:53,54.00,0.00,10.00
SJC,2017-03-03 19:53,52.00,0.00,8.00
SJC,2017-03-03 20:53,52.00,0.00,8.00
SJC,2017-03-03 21:53,51.00,0.00,8.00
SJC,2017-03-03 22:53,51.00,0.00,7.00
SJC,2017-03-03 23:53,50.00,0.00,4.00
SJC,2017-03-04 00:36,48.00,0.00,5.00
SJC,2017-03-04 00:53,48.00,0.00,5.00
SJC,2017-03-04 01:53,48.00,0.00,3.00
SJC,2017-03-04 02:53,49.00,0.00,0.00
SJC,2017-03-04 03:27,49.00,0.00,0.00
SJC,2017-03-04 03:53,49.00,0.00,3.00
SJC,2017-03-04 04:53,49.00,0.00,0.00
SJC,2017-03-04 05:33,49.00,0.00,0.00
SJC,2017-03-04 05:53,50.00,T,0.00
SJC,2017-03-04 06:29,48.00,T,5.00
SJC,2017-03-04 06:53,49.00,T,3.00
SJC,2017-03-04 07:53,50.00,0.00,7.00
SJC,2017-03-04 08:53,54.00,0.00,7.00
SJC,2017-03-04 09:53,57.00,0.00,6.00
SJC,2017-03-04 10:13,57.00,0.00,6.00
SJC,2017-03-04 10:53,57.00,0.00,6.00
SJC,2017-03-04 11:17,60.00,T,3.00
SJC,2017-03-04 11:53,60.00,T,0.00
SJC,2017-03-04 12:53,60.00,0.00,5.00
SJC,2017-03-04 13:53,60.00,0.00,3.00
SJC,2017-03-04 14:53,61.00,0.00,4.00
SJC,2017-03-04 15:53,61.00,0.00,12.00
SJC,2017-03-04 16:53,60.00,0.00,12.00
SJC,2017-03-04 17:53,56.00,0.00,10.00
SJC,2017-03-04 18:53,55.00,0.00,18.00
SJC,2017-03-04 19:53,55.00,0.00,11.00
SJC,2017-03-04 20:53,54.00,T,12.00
SJC,2017-03-04 21:53,53.00,0.01,13.00
SJC,2017-03-04 22:53,52.00,0.13,7.00
SJC,2017-03-04 23:10,51.00,0.02,7.00
SJC,2017-03-04 23:53,51.00,0.04,0.00
SJC,2017-03-05 00:06,51.00,T,6.00
SJC,2017-03-05 00:53,52.00,T,4.00
SJC,2017-03-05 01:53,52.00,0.00,5.00
SJC,2017-03-05 02:53,50.00,0.04,4.00
SJC,2017-03-05 03:53,49.00,T,3.00
SJC,2017-03-05 04:53,48.00,0.04,5.00
SJC,2017-03-05 05:35,48.00,0.02,18.00
SJC,2017-03-05 05:46,47.00,0.03,10.00
SJC,2017-03-05 05:53,47.00,0.03,11.00
SJC,2017-03-05 06:53,46.00,T,8.00
SJC,2017-03-05 07:53,48.00,T,3.00
SJC,2017-03-05 08:53,48.00,T,7.00
SJC,2017-03-05 09:53,49.00,T,8.00
SJC,2017-03-05 10:53,50.00,T,5.00
SJC,2017-03-05 11:53,51.00,T,11.00
SJC,2017-03-05 12:12,46.40,0.00,15.00
SJC,2017-03-05 12:53,50.00,0.02,12.00
SJC,2017-03-05 13:53,51.00,0.00,15.00
SJC,2017-03-05 14:06,48.00,0.00,14.00
SJC,2017-03-05 14:41,47.00,T,17.00
SJC,2017-03-05 14:53,44.00,0.01,12.00
SJC,2017-03-05 15:53,51.00,T,9.00
SJC,2017-03-05 16:18,47.00,T,11.00
SJC,2017-03-05 16:53,49.00,T,11.00
SJC,2017-03-05 17:36,46.00,T,5.00
SJC,2017-03-05 17:51,46.40,T,6.00
SJC,2017-03-05 17:53,46.00,T,6.00
SJC,2017-03-05 18:53,46.00,T,4.00
SJC,2017-03-05 19:53,44.00,0.00,5.00
SJC,2017-03-05 20:53,45.00,0.00,5.00
SJC,2017-03-05 21:53,42.00,0.00,5.00
SJC,2017-03-05 22:53,43.00,T,3.00
SJC,2017-03-05 23:53,41.00,0.00,5.00
SJC,2017-03-06 00:53,40.00,0.00,7.00
SJC,2017-03-06 01:53,42.00,T,4.00
SJC,2017-03-06 02:53,41.00,T,7.00
SJC,2017-03-06 03:53,43.00,T,8.00
SJC,2017-03-06 04:53,42.00,0.01,7.00
SJC,2017-03-06 05:53,43.00,T,3.00
SJC,2017-03-06 06:53,43.00,0.02,9.00
SJC,2017-03-06 07:53,44.00,T,7.00
SJC,2017-03-06 08:53,48.00,T,10.00
SJC,2017-03-06 09:53,50.00,0.00,7.00
SJC,2017-03-06 10:53,53.00,0.00,3.00
SJC,2017-03-06 11:53,53.00,T,5.00
SJC,2017-03-06 12:53,53.00,T,5.00
SJC,2017-03-06 13:53,56.00,0.00,4.00
SJC,2017-03-06 14:53,55.00,0.00,0.00
SJC,2017-03-06 15:53,55.00,0.00,0.00
SJC,2017-03-06 16:53,56.00,0.00,4.00
SJC,2017-03-06 17:53,52.00,0.00,8.00
SJC,2017-03-06 18:53,52.00,0.00,8.00
SJC,2017-03-06 19:53,51.00,0.00,7.00
SJC,2017-03-06 20:53,48.00,0.00,6.00
SJC,2017-03-06 21:53,50.00,0.00,0.00
SJC,2017-03-06 22:53,47.00,0.00,3.00
SJC,2017-03-06 23:53,45.00,0.00,4.00
SJC,2017-03-07 00:53,44.00,0.00,3.00
SJC,2017-03-07 01:53,44.00,0.00,0.00
SJC,2017-03-07 02:53,42.00,0.00,3.00
SJC,2017-03-07 03:53,42.00,0.00,0.00
SJC,2017-03-07 04:53,42.00,0.00,0.00
SJC,2017-03-07 05:53,41.00,0.00,0.00
SJC,2017-03-07 06:53,41.00,0.00,4.00
SJC,2017-03-07 07:53,45.00,0.00,0.00
SJC,2017-03-07 08:53,50.00,0.00,0.00
SJC,2017-03-07 09:53,52.00,0.00,0.00
SJC,2017-03-07 10:53,57.00,0.00,0.00
SJC,2017-03-07 11:53,58.00,0.00,4.00
SJC,2017-03-07 12:53,59.00,0.00,0.00
SJC,2017-03-07 13:53,61.00,0.00,5.00
SJC,2017-03-07 14:53,61.00,0.00,8.00
SJC,2017-03-07 15:53,60.00,0.00,11.00
SJC,2017-03-07 16:53,60.00,0.00,7.00
SJC,2017-03-07 17:53,56.00,0.00,12.00
SJC,2017-03-07 18:53,55.00,0.00,10.00
SJC,2017-03-07 19:53,53.00,0.00,5.00
SJC,2017-03-07 20:53,52.00,0.00,5.00
SJC,2017-03-07 21:53,52.00,0.00,6.00
SJC,2017-03-07 22:53,52.00,0.00,0.00
SJC,2017-03-07 23:53,50.00,0.00,3.00
SJC,2017-03-08 00:53,48.00,0.00,4.00
SJC,2017-03-08 01:53,48.00,0.00,0.00
SJC,2017-03-08 02:53,47.00,0.00,0.00
SJC,2017-03-08 03:53,45.00,0.00,3.00
SJC,2017-03-08 04:53,45.00,0.00,0.00
SJC,2017-03-08 05:53,44.00,0.00,0.00
SJC,2017-03-08 06:53,45.00,0.00,0.00
SJC,2017-03-08 07:53,50.00,0.00,0.00
SJC,2017-03-08 08:53,54.00,0.00,0.00
SJC,2017-03-08 09:53,58.00,0.00,5.00
SJC,2017-03-08 10:53,60.00,0.00,7.00
SJC,2017-03-08 11:53,63.00,0.00,8.00
SJC,2017-03-08 12:53,66.00,0.00,7.00
SJC,2017-03-08 13:53,65.00,0.00,12.00
SJC,2017-03-08 14:53,66.00,0.00,9.00
SJC,2017-03-08 15:53,66.00,0.00,10.00
SJC,2017-03-08 16:53,64.00,0.00,11.00
SJC,2017-03-08 17:53,62.00,0.00,8.00
SJC,2017-03-08 18:53,60.00,0.00,8.00
SJC,2017-03-08 19:53,57.00,0.00,10.00
SJC,2017-03-08 20:53,56.00,0.00,6.00
SJC,2017-03-08 21:53,54.00,0.00,5.00
SJC,2017-03-08 22:53,56.00,0.00,4.00
SJC,2017-03-08 23:53,54.00,0.00,0.00
SJC,2017-03-09 00:53,53.00,0.00,3.00
SJC,2017-03-09 01:53,51.00,0.00,0.00
SJC,2017-03-09 02:53,51.00,0.00,3.00
SJC,2017-03-09 03:53,50.00,0.00,0.00
SJC,2017-03-09 04:53,50.00,0.00,0.00
SJC,2017-03-09 05:53,48.00,0.00,3.00
SJC,2017-03-09 06:53,50.00,0.00,3.00
SJC,2017-03-09 07:53,53.00,0.00,0.00
SJC,2017-03-09 08:53,59.00,0.00,0.00
SJC,2017-03-09 09:53,62.00,0.00,0.00
SJC,2017-03-09 10:53,65.00,0.00,4.00
SJC,2017-03-09 11:53,67.00,0.00,5.00
SJC,2017-03-09 12:53,70.00,0.00,10.00
SJC,2017-03-09 13:53,70.00,0.00,10.00
SJC,2017-03-09 14:53,70.00,0.00,9.00
SJC,2017-03-09 15:53,69.00,0.00,12.00
SJC,2017-03-09 16:53,66.00,0.00,11.00
SJC,2017-03-09 17:53,64.00,0.00,8.00
SJC,2017-03-09 18:53,62.00,0.00,9.00
SJC,2017-03-09 19:53,59.00,0.00,6.00
SJC,2017-03-09 20:53,59.00,0.00,4.00
SJC,2017-03-09 21:53,57.00,0.00,4.00
SJC,2017-03-09 22:53,58.00,0.00,4.00
SJC,2017-03-09 23:53,56.00,0.00,0.00
SJC,2017-03-10 00:53,57.00,0.00,0.00
SJC,2017-03-10 01:53,54.00,0.00,3.00
SJC,2017-03-10 02:53,54.00,0.00,0.00
SJC,2017-03-10 03:53,54.00,0.00,0.00
SJC,2017-03-10 04:53,54.00,0.00,0.00
SJC,2017-03-10 05:53,53.00,0.00,0.00
SJC,2017-03-10 06:53,55.00,0.00,0.00
SJC,2017-03-10 07:53,55.00,0.00,0.00
SJC,2017-03-10 08:53,58.00,0.00,4.00
SJC,2017-03-10 09:53,60.00,0.00,3.00
SJC,2017-03-10 10:53,62.00,0.00,4.00
SJC,2017-03-10 11:53,65.00,0.00,0.00
SJC,2017-03-10 12:53,68.00,0.00,6.00
SJC,2017-03-10 13:53,67.00,0.00,6.00
SJC,2017-03-10 14:53,68.00,0.00,4.00
SJC,2017-03-10 15:53,71.00,0.00,4.00
SJC,2017-03-10 16:53,69.00,0.00,11.00
SJC,2017-03-10 17:53,66.00,0.00,9.00
SJC,2017-03-10 18:53,63.00,0.00,7.00
SJC,2017-03-10 19:53,62.00,0.00,9.00
SJC,2017-03-10 20:53,60.00,0.00,5.00
SJC,2017-03-10 21:53,61.00,0.00,0.00
SJC,2017-03-10 22:53,60.00,0.00,0.00
SJC,2017-03-10 23:53,58.00,0.00,0.00
SJC,2017-03-11 00:53,58.00,0.00,0.00
SJC,2017-03-11 01:53,55.00,0.00,0.00
SJC,2017-03-11 02:53,55.00,0.00,0.00
SJC,2017-03-11 03:53,54.00,0.00,3.00
SJC,2017-03-11 04:53,54.00,0.00,0.00
SJC,2017-03-11 05:33,52.00,0.00,0.00
SJC,2017-03-11 05:53,51.00,0.00,3.00
SJC,2017-03-11 06:53,52.00,0.00,0.00
SJC,2017-03-11 07:53,56.00,0.00,0.00
SJC,2017-03-11 08:53,59.00,0.00,0.00
SJC,2017-03-11 09:53,64.00,0.00,4.00
SJC,2017-03-11 10:53,66.00,0.00,3.00
SJC,2017-03-11 11:53,70.00,0.00,8.00
SJC,2017-03-11 12:53,72.00,0.00,6.00
SJC,2017-03-11 13:53,70.00,0.00,8.00
SJC,2017-03-11 14:53,72.00,0.00,12.00
SJC,2017-03-11 15:53,69.00,0.00,12.00
SJC,2017-03-11 16:53,66.00,0.00,13.00
SJC,2017-03-11 17:53,63.00,0.00,11.00
SJC,2017-03-11 18:53,61.00,0.00,6.00
SJC,2017-03-11 19:53,58.00,0.00,9.00
SJC,2017-03-11 20:53,56.00,0.00,7.00
SJC,2017-03-11 21:53,54.00,0.00,4.00
SJC,2017-03-11 22:53,53.00,0.00,5.00
SJC,2017-03-11 23:53,53.00,0.00,3.00
SJC,2017-03-12 00:16,54.00,0.00,0.00
SJC,2017-03-12 00:53,54.00,0.00,0.00
SJC,2017-03-12 01:16,54.00,0.00,0.00
SJC,2017-03-12 01:53,53.00,0.00,0.00
SJC,2017-03-12 03:53,51.00,0.00,0.00
SJC,2017-03-12 04:53,52.00,0.00,0.00
SJC,2017-03-12 05:03,52.00,0.00,0.00
SJC,2017-03-12 05:53,51.00,0.00,3.00
SJC,2017-03-12 06:53,52.00,0.00,0.00
SJC,2017-03-12 07:02,51.00,0.00,0.00
SJC,2017-03-12 07:12,51.00,0.00,0.00
SJC,2017-03-12 07:16,51.00,0.00,0.00
SJC,2017-03-12 07:30,51.00,0.00,0.00
SJC,2017-03-12 07:41,51.00,0.00,3.00
SJC,2017-03-12 07:53,52.00,0.00,0.00
SJC,2017-03-12 08:07,51.00,0.00,0.00
SJC,2017-03-12 08:11,51.00,0.00,0.00
SJC,2017-03-12 08:22,51.00,0.00,0.00
SJC,2017-03-12 08:53,51.00,0.00,0.00
SJC,2017-03-12 09:21,52.00,0.00,0.00
SJC,2017-03-12 09:30,51.80,0.00,0.00
SJC,2017-03-12 09:37,53.00,0.00,0.00
SJC,2017-03-12 09:45,53.00,0.00,0.00
SJC,2017-03-12 09:53,54.00,0.00,3.00
SJC,2017-03-12 10:53,62.00,0.00,3.00
SJC,2017-03-12 11:53,66.00,0.00,5.00
SJC,2017-03-12 12:53,68.00,0.00,7.00
SJC,2017-03-12 13:37,72.00,0.00,6.00
SJC,2017-03-12 13:53,72.00,0.00,5.00
SJC,2017-03-12 14:53,75.00,0.00,7.00
SJC,2017-03-12 15:53,75.00,0.00,10.00
SJC,2017-03-12 16:53,73.00,0.00,10.00
SJC,2017-03-12 17:53,70.00,0.00,9.00
SJC,2017-03-12 18:53,64.00,0.00,9.00
SJC,2017-03-12 19:53,61.00,0.00,10.00
SJC,2017-03-12 20:53,57.00,0.00,4.00
SJC,2017-03-12 21:53,58.00,0.00,0.00
SJC,2017-03-12 22:53,58.00,0.00,3.00
SJC,2017-03-12 23:53,56.00,0.00,0.00
SJC,2017-03-13 00:53,55.00,0.00,3.00
SJC,2017-03-13 01:53,50.00,0.00,3.00
SJC,2017-03-13 02:53,51.00,0.00,0.00
SJC,2017-03-13 03:53,51.00,0.00,0.00
SJC,2017-03-13 04:53,50.00,0.00,0.00
SJC,2017-03-13 05:53,49.00,0.00,3.00
SJC,2017-03-13 06:53,49.00,0.00,0.00
SJC,2017-03-13 07:53,50.00,0.00,0.00
SJC,2017-03-13 08:53,54.00,0.00,0.00
SJC,2017-03-13 09:53,60.00,0.00,0.00
SJC,2017-03-13 10:53,63.00,0.00,0.00
SJC,2017-03-13 11:53,68.00,0.00,5.00
SJC,2017-03-13 12:53,71.00,0.00,0.00
SJC,2017-03-13 13:53,75.00,0.00,3.00
SJC,2017-03-13 14:53,78.00,0.00,0.00
SJC,2017-03-13 15:53,76.00,0.00,7.00
SJC,2017-03-13 16:53,77.00,0.00,6.00
SJC,2017-03-13 17:53,75.00,0.00,6.00
SJC,2017-03-13 18:53,71.00,0.00,6.00
SJC,2017-03-13 19:53,68.00,0.00,5.00
SJC,2017-03-13 20:53,68.00,0.00,3.00
SJC,2017-03-13 21:53,68.00,0.00,0.00
SJC,2017-03-13 22:53,64.00,0.00,0.00
SJC,2017-03-13 23:53,62.00,0.00,3.00
SJC,2017-03-14 00:53,60.00,0.00,3.00
SJC,2017-03-14 01:53,57.00,0.00,3.00
SJC,2017-03-14 02:53,57.00,0.00,3.00
SJC,2017-03-14 03:53,55.00,0.00,3.00
SJC,2017-03-14 04:53,56.00,0.00,0.00
SJC,2017-03-14 05:53,54.00,0.00,0.00
SJC,2017-03-14 06:53,54.00,0.00,0.00
SJC,2017-03-14 07:53,56.00,0.00,0.00
SJC,2017-03-14 07:58,56.00,0.00,0.00
SJC,2017-03-14 08:53,60.00,0.00,0.00
SJC,2017-03-14 09:53,64.00,0.00,0.00
SJC,2017-03-14 10:53,69.00,0.00,0.00
SJC,2017-03-14 11:53,73.00,0.00,0.00
SJC,2017-03-14 12:53,75.00,0.00,6.00
SJC,2017-03-14 13:53,78.00,0.00,6.00
SJC,2017-03-14 14:53,79.00,0.00,7.00
SJC,2017-03-14 15:53,81.00,0.00,7.00
SJC,2017-03-14 16:53,76.00,0.00,13.00
SJC,2017-03-14 17:53,74.00,0.00,10.00
SJC,2017-03-14 18:53,71.00,0.00,8.00
SJC,2017-03-14 19:53,67.00,0.00,7.00
SJC,2017-03-14 20:53,64.00,0.00,7.00
SJC,2017-03-14 21:53,62.00,0.00,5.00
SJC,2017-03-14 22:53,63.00,0.00,0.00
SJC,2017-03-14 23:53,62.00,0.00,3.00
SJC,2017-03-15 00:53,61.00,0.00,0.00
SJC,2017-03-15 01:53,60.00,0.00,3.00
SJC,2017-03-15 02:53,57.00,0.00,6.00
SJC,2017-03-15 03:53,58.00,0.00,0.00
SJC,2017-03-15 04:53,55.00,0.00,0.00
SJC,2017-03-15 05:53,54.00,0.00,3.00
SJC,2017-03-15 06:53,55.00,0.00,5.00
SJC,2017-03-15 07:53,56.00,0.00,8.00
SJC,2017-03-15 08:53,57.00,0.00,3.00
SJC,2017-03-15 09:53,58.00,0.00,3.00
SJC,2017-03-15 10:23,59.00,0.00,4.00
SJC,2017-03-15 10:53,61.00,0.00,0.00
SJC,2017-03-15 11:53,65.00,0.00,0.00
SJC,2017-03-15 12:53,69.00,0.00,0.00
SJC,2017-03-15 13:53,69.00,0.00,8.00
SJC,2017-03-15 14:53,66.00,0.00,11.00
SJC,2017-03-15 15:53,65.00,0.00,13.00
SJC,2017-03-15 16:53,63.00,0.00,10.00
SJC,2017-03-15 17:53,61.00,0.00,13.00
SJC,2017-03-15 18:53,59.00,0.00,12.00
SJC,2017-03-15 19:53,59.00,0.00,9.00
SJC,2017-03-15 20:53,57.00,0.00,7.00
SJC,2017-03-15 21:53,57.00,0.00,6.00
SJC,2017-03-15 22:53,57.00,0.00,3.00
SJC,2017-03-15 23:53,56.00,0.00,3.00
SJC,2017-03-16 00:53,56.00,0.00,3.00
SJC,2017-03-16 01:53,54.00,0.00,0.00
SJC,2017-03-16 02:53,55.00,0.00,0.00
SJC,2017-03-16 03:53,55.00,0.00,0.00
SJC,2017-03-16 04:32,55.00,0.00,3.00
SJC,2017-03-16 04:53,56.00,0.00,0.00
SJC,2017-03-16 05:53,57.00,0.00,0.00
SJC,2017-03-16 06:53,57.00,0.00,3.00
SJC,2017-03-16 07:53,58.00,0.00,0.00
SJC,2017-03-16 08:53,60.00,0.00,0.00
SJC,2017-03-16 09:53,60.00,0.00,5.00
SJC,2017-03-16 10:53,62.00,0.00,0.00
SJC,2017-03-16 11:53,64.00,0.00,4.00
SJC,2017-03-16 12:15,65.00,0.00,7.00
SJC,2017-03-16 12:53,66.00,0.00,6.00
SJC,2017-03-16 13:53,67.00,0.00,6.00
SJC,2017-03-16 14:53,69.00,0.00,10.00
SJC,2017-03-16 15:53,69.00,0.00,12.00
SJC,2017-03-16 16:53,64.00,0.00,12.00
SJC,2017-03-16 17:53,63.00,0.00,13.00
SJC,2017-03-16 18:53,61.00,0.00,12.00
SJC,2017-03-16 19:53,58.00,0.00,10.00
SJC,2017-03-16 20:53,58.00,0.00,10.00
SJC,2017-03-16 21:53,56.00,0.00,6.00
SJC,2017-03-16 22:53,56.00,0.00,4.00
SJC,2017-03-16 23:53,53.00,0.00,0.00
SJC,2017-03-17 00:53,53.00,0.00,0.00
SJC,2017-03-17 01:53,52.00,0.00,3.00
SJC,2017-03-17 02:53,51.00,0.00,0.00
SJC,2017-03-17 03:53,50.00,0.00,0.00
SJC,2017-03-17 04:53,47.00,0.00,5.00
SJC,2017-03-17 05:53,48.00,0.00,0.00
SJC,2017-03-17 06:53,50.00,0.00,0.00
SJC,2017-03-17 07:53,51.00,0.00,0.00
SJC,2017-03-17 08:53,54.00,0.00,0.00
SJC,2017-03-17 09:53,59.00,0.00,0.00
SJC,2017-03-17 10:53,64.00,0.00,3.00
SJC,2017-03-17 11:53,66.00,0.00,0.00
SJC,2017-03-17 12:53,71.00,0.00,4.00
SJC,2017-03-17 13:53,73.00,0.00,3.00
SJC,2017-03-17 14:53,75.00,0.00,6.00
SJC,2017-03-17 15:53,77.00,0.00,6.00
SJC,2017-03-17 16:53,77.00,0.00,7.00
SJC,2017-03-17 17:53,75.00,0.00,5.00
SJC,2017-03-17 18:53,69.00,0.00,9.00
SJC,2017-03-17 19:53,63.00,0.00,7.00
SJC,2017-03-17 20:53,62.00,0.00,7.00
SJC,2017-03-17 21:53,61.00,0.00,4.00
SJC,2017-03-17 22:53,62.00,0.00,3.00
SJC,2017-03-17 23:53,61.00,0.00,3.00
SJC,2017-03-18 00:53,58.00,0.00,3.00
SJC,2017-03-18 01:53,58.00,0.00,0.00
SJC,2017-03-18 02:53,54.00,0.00,4.00
SJC,2017-03-18 03:32,56.00,0.00,0.00
SJC,2017-03-18 03:53,55.00,0.00,0.00
SJC,2017-03-18 04:53,55.00,0.00,3.00
SJC,2017-03-18 05:53,54.00,0.00,4.00
SJC,2017-03-18 06:27,53.00,0.00,0.00
SJC,2017-03-18 06:53,53.00,0.00,0.00
SJC,2017-03-18 07:53,56.00,0.00,3.00
SJC,2017-03-18 08:53,57.00,0.00,7.00
SJC,2017-03-18 09:53,59.00,0.00,5.00
SJC,2017-03-18 10:53,61.00,0.00,7.00
SJC,2017-03-18 11:53,63.00,0.00,7.00
SJC,2017-03-18 12:53,64.00,0.00,0.00
SJC,2017-03-18 13:53,66.00,0.00,5.00
SJC,2017-03-18 14:53,70.00,0.00,8.00
SJC,2017-03-18 15:53,73.00,0.00,6.00
SJC,2017-03-18 16:53,70.00,0.00,11.00
SJC,2017-03-18 17:53,67.00,0.00,7.00
SJC,2017-03-18 18:53,63.00,0.00,8.00
SJC,2017-03-18 19:53,62.00,0.00,8.00
SJC,2017-03-18 20:53,59.00,0.00,7.00
SJC,2017-03-18 21:53,57.00,0.00,5.00
SJC,2017-03-18 22:53,57.00,0.00,0.00
SJC,2017-03-18 23:53,56.00,0.00,3.00
SJC,2017-03-19 00:53,57.00,0.00,0.00
SJC,2017-03-19 01:53,56.00,0.00,0.00
SJC,2017-03-19 02:53,55.00,0.00,0.00
SJC,2017-03-19 03:10,55.00,0.00,3.00
SJC,2017-03-19 03:35,55.00,0.00,0.00
SJC,2017-03-19 03:53,55.00,0.00,0.00
SJC,2017-03-19 04:53,55.00,0.00,0.00
SJC,2017-03-19 05:34,55.00,0.00,3.00
SJC,2017-03-19 05:46,54.00,0.00,0.00
SJC,2017-03-19 05:53,54.00,0.00,3.00
SJC,2017-03-19 06:53,54.00,0.00,0.00
SJC,2017-03-19 07:53,55.00,0.00,3.00
SJC,2017-03-19 08:53,55.00,0.00,3.00
SJC,2017-03-19 09:53,57.00,0.00,3.00
SJC,2017-03-19 10:53,60.00,0.00,0.00
SJC,2017-03-19 11:53,63.00,0.00,0.00
SJC,2017-03-19 12:53,68.00,0.00,0.00
SJC,2017-03-19 13:53,71.00,0.00,0.00
SJC,2017-03-19 14:53,68.00,0.00,11.00
SJC,2017-03-19 15:53,65.00,0.00,9.00
SJC,2017-03-19 16:53,63.00,0.00,10.00
SJC,2017-03-19 17:53,61.00,0.00,7.00
SJC,2017-03-19 18:53,61.00,0.00,9.00
SJC,2017-03-19 19:53,59.00,0.00,5.00
SJC,2017-03-19 20:53,60.00,0.00,0.00
SJC,2017-03-19 21:53,60.00,0.00,3.00
SJC,2017-03-19 22:53,59.00,0.00,0.00
SJC,2017-03-19 23:53,57.00,0.00,4.00
SJC,2017-03-20 00:53,57.00,0.00,5.00
SJC,2017-03-20 01:53,56.00,0.00,6.00
SJC,2017-03-20 02:53,57.00,0.00,8.00
SJC,2017-03-20 03:53,57.00,0.00,14.00
SJC,2017-03-20 04:53,53.00,0.00,5.00
SJC,2017-03-20 05:53,58.00,0.00,9.00
SJC,2017-03-20 06:53,57.00,0.00,5.00
SJC,2017-03-20 07:53,57.00,0.00,10.00
SJC,2017-03-20 08:53,57.00,0.00,15.00
SJC,2017-03-20 09:53,58.00,0.00,16.00
SJC,2017-03-20 10:53,59.00,0.00,15.00
SJC,2017-03-20 11:53,60.00,0.00,15.00
SJC,2017-03-20 12:53,61.00,0.00,10.00
SJC,2017-03-20 13:53,64.00,0.00,11.00
SJC,2017-03-20 14:53,62.00,0.01,7.00
SJC,2017-03-20 15:53,61.00,0.05,3.00
SJC,2017-03-20 16:53,61.00,0.01,11.00
SJC,2017-03-20 17:53,61.00,0.01,7.00
SJC,2017-03-20 18:53,60.00,T,10.00
SJC,2017-03-20 19:53,60.00,T,12.00
SJC,2017-03-20 20:53,59.00,0.01,16.00
SJC,2017-03-20 21:53,59.00,0.10,11.00
SJC,2017-03-20 22:53,58.00,0.02,18.00
SJC,2017-03-20 23:53,59.00,T,20.00
SJC,2017-03-21 00:53,58.00,0.01,16.00
SJC,2017-03-21 01:53,59.00,0.01,16.00
SJC,2017-03-21 02:27,59.00,T,13.00
SJC,2017-03-21 02:53,59.00,T,15.00
SJC,2017-03-21 03:04,60.00,T,9.00
SJC,2017-03-21 03:53,59.00,0.02,10.00
SJC,2017-03-21 04:53,60.00,0.01,10.00
SJC,2017-03-21 05:23,60.00,0.05,6.00
SJC,2017-03-21 05:53,60.00,0.05,7.00
SJC,2017-03-21 06:38,60.00,T,11.00
SJC,2017-03-21 06:53,60.00,0.01,13.00
SJC,2017-03-21 07:53,60.00,0.02,12.00
SJC,2017-03-21 08:53,59.00,0.02,10.00
SJC,2017-03-21 09:53,62.00,T,5.00
SJC,2017-03-21 10:53,60.00,0.04,4.00
SJC,2017-03-21 11:53,62.00,T,4.00
SJC,2017-03-21 12:53,66.00,0.00,4.00
SJC,2017-03-21 13:53,67.00,0.00,3.00
SJC,2017-03-21 14:53,67.00,0.00,9.00
SJC,2017-03-21 15:53,67.00,0.00,9.00
SJC,2017-03-21 16:53,66.00,0.00,12.00
SJC,2017-03-21 17:53,64.00,0.00,11.00
SJC,2017-03-21 18:53,61.00,0.00,11.00
SJC,2017-03-21 19:53,60.00,0.00,10.00
SJC,2017-03-21 20:53,60.00,0.00,7.00
SJC,2017-03-21 21:53,60.00,0.00,7.00
SJC,2017-03-21 22:53,57.00,0.00,9.00
SJC,2017-03-21 23:15,57.00,T,6.00
SJC,2017-03-21 23:53,57.00,T,8.00
SJC,2017-03-22 00:53,57.00,T,10.00
SJC,2017-03-22 01:29,56.00,0.01,11.00
SJC,2017-03-22 01:53,55.00,0.01,12.00
SJC,2017-03-22 02:53,54.00,T,12.00
SJC,2017-03-22 03:53,52.00,0.12,8.00
SJC,2017-03-22 04:53,53.00,T,5.00
SJC,2017-03-22 05:53,52.00,0.03,7.00
SJC,2017-03-22 06:53,52.00,0.12,7.00
SJC,2017-03-22 07:53,53.00,0.05,4.00
SJC,2017-03-22 08:53,54.00,T,0.00
SJC,2017-03-22 09:53,55.00,0.00,8.00
SJC,2017-03-22 10:53,59.00,0.00,7.00
SJC,2017-03-22 11:53,56.00,0.00,11.00
SJC,2017-03-22 12:53,57.00,0.00,11.00
SJC,2017-03-22 13:53,58.00,0.00,11.00
SJC,2017-03-22 14:53,59.00,0.00,15.00
SJC,2017-03-22 15:53,58.00,0.00,13.00
SJC,2017-03-22 16:53,57.00,0.00,11.00
SJC,2017-03-22 17:53,57.00,0.00,14.00
SJC,2017-03-22 18:53,54.00,0.00,13.00
SJC,2017-03-22 19:53,53.00,0.00,11.00
SJC,2017-03-22 20:53,52.00,0.00,8.00
SJC,2017-03-22 21:53,51.00,0.00,6.00
SJC,2017-03-22 22:53,50.00,0.00,5.00
SJC,2017-03-22 23:53,51.00,0.00,7.00
SJC,2017-03-23 00:53,51.00,0.00,11.00
SJC,2017-03-23 01:53,50.00,0.00,6.00
SJC,2017-03-23 02:53,50.00,0.00,5.00
SJC,2017-03-23 03:26,50.00,0.00,3.00
SJC,2017-03-23 03:53,51.00,0.00,7.00
SJC,2017-03-23 04:05,51.00,0.00,6.00
SJC,2017-03-23 04:19,51.00,0.00,5.00
SJC,2017-03-23 04:31,51.00,0.00,4.00
SJC,2017-03-23 04:53,51.00,0.00,4.00
SJC,2017-03-23 05:53,51.00,0.00,7.00
SJC,2017-03-23 06:24,51.00,0.00,8.00
SJC,2017-03-23 06:53,51.00,0.00,7.00
SJC,2017-03-23 07:53,50.00,0.00,0.00
SJC,2017-03-23 08:53,53.00,0.00,0.00
SJC,2017-03-23 09:53,54.00,0.00,5.00
SJC,2017-03-23 10:53,57.00,0.00,5.00
SJC,2017-03-23 11:53,58.00,0.00,3.00
SJC,2017-03-23 12:53,61.00,0.00,0.00
SJC,2017-03-23 13:53,61.00,0.00,3.00
SJC,2017-03-23 14:53,63.00,0.00,10.00
SJC,2017-03-23 15:53,64.00,0.00,7.00
SJC,2017-03-23 16:53,62.00,0.00,9.00
SJC,2017-03-23 17:53,59.00,0.00,11.00
SJC,2017-03-23 18:53,57.00,0.00,12.00
SJC,2017-03-23 19:53,55.00,0.00,10.00
SJC,2017-03-23 20:53,54.00,0.00,7.00
SJC,2017-03-23 21:53,55.00,0.00,3.00
SJC,2017-03-23 22:53,55.00,0.00,0.00
SJC,2017-03-23 23:53,53.00,0.00,8.00
SJC,2017-03-24 00:53,53.00,0.00,10.00
SJC,2017-03-24 01:53,53.00,0.00,9.00
SJC,2017-03-24 02:53,53.00,0.00,12.00
SJC,2017-03-24 03:53,53.00,0.00,10.00
SJC,2017-03-24 04:53,53.00,0.00,7.00
SJC,2017-03-24 05:53,53.00,T,7.00
SJC,2017-03-24 06:53,54.00,T,9.00
SJC,2017-03-24 07:53,54.00,T,14.00
SJC,2017-03-24 08:53,56.00,T,16.00
SJC,2017-03-24 09:53,56.00,T,17.00
SJC,2017-03-24 10:53,58.00,T,12.00
SJC,2017-03-24 11:53,55.00,0.02,11.00
SJC,2017-03-24 12:53,53.00,0.06,14.00
SJC,2017-03-24 13:53,55.00,0.03,14.00
SJC,2017-03-24 14:53,56.00,0.00,15.00
SJC,2017-03-24 15:07,56.00,0.00,12.00
SJC,2017-03-24 15:53,57.00,0.00,12.00
SJC,2017-03-24 16:53,57.00,0.00,10.00
SJC,2017-03-24 17:24,57.00,0.01,10.00
SJC,2017-03-24 17:27,57.00,0.01,8.00
SJC,2017-03-24 17:53,56.00,0.01,5.00
SJC,2017-03-24 18:05,57.00,T,5.00
SJC,2017-03-24 18:15,55.00,0.04,7.00
SJC,2017-03-24 18:31,54.00,0.05,4.00
SJC,2017-03-24 18:53,55.00,0.05,6.00
SJC,2017-03-24 19:53,55.00,0.00,6.00
SJC,2017-03-24 20:53,55.00,0.01,3.00
SJC,2017-03-24 21:53,54.00,0.01,6.00
SJC,2017-03-24 22:53,54.00,T,5.00
SJC,2017-03-24 23:53,54.00,0.00,4.00
SJC,2017-03-25 00:53,54.00,0.01,0.00
SJC,2017-03-25 01:19,53.00,0.01,3.00
SJC,2017-03-25 01:32,53.00,0.01,0.00
SJC,2017-03-25 01:38,53.00,0.01,3.00
SJC,2017-03-25 01:53,53.00,0.01,0.00
SJC,2017-03-25 02:53,54.00,0.00,3.00
SJC,2017-03-25 03:12,54.00,0.00,3.00
SJC,2017-03-25 03:19,54.00,0.00,3.00
SJC,2017-03-25 03:53,54.00,T,0.00
SJC,2017-03-25 04:06,54.00,T,0.00
SJC,2017-03-25 04:19,54.00,T,0.00
SJC,2017-03-25 04:34,54.00,T,4.00
SJC,2017-03-25 04:53,54.00,0.02,4.00
SJC,2017-03-25 05:04,54.00,0.08,8.00
SJC,2017-03-25 05:12,54.00,0.08,6.00
SJC,2017-03-25 05:28,54.00,0.08,4.00
SJC,2017-03-25 05:53,54.00,0.08,4.00
SJC,2017-03-25 06:10,54.00,0.00,5.00
SJC,2017-03-25 06:53,53.00,0.00,6.00
SJC,2017-03-25 07:53,53.00,0.00,8.00
SJC,2017-03-25 08:53,54.00,0.00,5.00
SJC,2017-03-25 09:53,57.00,0.00,4.00
SJC,2017-03-25 10:53,60.00,0.00,6.00
SJC,2017-03-25 11:53,61.00,0.00,5.00
SJC,2017-03-25 12:53,63.00,0.00,8.00
SJC,2017-03-25 13:53,63.00,0.00,11.00
SJC,2017-03-25 14:53,64.00,0.00,10.00
SJC,2017-03-25 15:53,64.00,0.00,12.00
SJC,2017-03-25 16:53,63.00,0.00,11.00
SJC,2017-03-25 17:53,61.00,0.00,13.00
SJC,2017-03-25 18:53,58.00,0.00,13.00
SJC,2017-03-25 19:53,56.00,0.00,10.00
SJC,2017-03-25 20:53,55.00,0.00,9.00
SJC,2017-03-25 21:53,54.00,0.00,8.00
SJC,2017-03-25 22:53,53.00,0.00,6.00
SJC,2017-03-25 23:53,52.00,0.00,3.00
SJC,2017-03-26 00:53,50.00,0.00,3.00
SJC,2017-03-26 01:53,49.00,0.00,0.00
SJC,2017-03-26 02:53,50.00,0.00,0.00
SJC,2017-03-26 03:53,50.00,0.00,3.00
SJC,2017-03-26 04:53,50.00,0.00,4.00
SJC,2017-03-26 05:33,51.00,0.00,3.00
SJC,2017-03-26 05:53,51.00,0.00,0.00
SJC,2017-03-26 06:53,51.00,0.00,0.00
SJC,2017-03-26 07:53,52.00,0.00,4.00
SJC,2017-03-26 08:53,53.00,0.00,4.00
SJC,2017-03-26 09:53,55.00,0.00,4.00
SJC,2017-03-26 10:53,57.00,0.00,0.00
SJC,2017-03-26 11:53,60.00,0.00,3.00
SJC,2017-03-26 12:53,62.00,0.00,5.00
SJC,2017-03-26 13:53,63.00,0.00,7.00
SJC,2017-03-26 14:53,64.00,0.00,5.00
SJC,2017-03-26 15:53,64.00,0.00,8.00
SJC,2017-03-26 16:53,63.00,0.00,12.00
SJC,2017-03-26 17:53,62.00,0.00,10.00
SJC,2017-03-26 18:22,61.00,0.00,15.00
SJC,2017-03-26 18:53,60.00,0.00,10.00
SJC,2017-03-26 19:53,57.00,T,8.00
SJC,2017-03-26 20:53,58.00,0.00,8.00
SJC,2017-03-26 21:53,57.00,0.00,5.00
SJC,2017-03-26 22:23,56.00,0.03,13.00
SJC,2017-03-26 22:44,55.40,0.00,5.00
SJC,2017-03-26 22:53,55.00,0.06,5.00
SJC,2017-03-26 23:53,55.00,0.00,8.00
SJC,2017-03-27 00:53,54.00,0.00,7.00
SJC,2017-03-27 01:50,53.60,T,8.00
SJC,2017-03-27 01:53,54.00,T,10.00
SJC,2017-03-27 02:09,53.00,0.00,6.00
SJC,2017-03-27 02:53,53.00,0.00,7.00
SJC,2017-03-27 03:53,51.00,0.00,6.00
SJC,2017-03-27 04:53,50.00,0.00,5.00
SJC,2017-03-27 05:53,51.00,0.00,0.00
SJC,2017-03-27 06:53,51.00,0.00,0.00
SJC,2017-03-27 07:53,52.00,0.00,4.00
SJC,2017-03-27 08:53,54.00,0.00,7.00
SJC,2017-03-27 09:53,56.00,0.00,9.00
SJC,2017-03-27 10:53,58.00,0.00,10.00
SJC,2017-03-27 11:53,60.00,0.00,9.00
SJC,2017-03-27 12:53,61.00,0.00,13.00
SJC,2017-03-27 13:53,62.00,0.00,16.00
SJC,2017-03-27 14:53,63.00,0.00,16.00
SJC,2017-03-27 15:53,63.00,0.00,14.00
SJC,2017-03-27 16:53,62.00,0.00,13.00
SJC,2017-03-27 17:53,61.00,0.00,13.00
SJC,2017-03-27 18:53,58.00,0.00,13.00
SJC,2017-03-27 19:53,55.00,0.00,12.00
SJC,2017-03-27 20:53,54.00,0.00,10.00
SJC,2017-03-27 21:53,54.00,0.00,8.00
SJC,2017-03-27 22:53,53.00,0.00,4.00
SJC,2017-03-27 23:53,52.00,0.00,5.00
SJC,2017-03-28 00:53,51.00,0.00,5.00
SJC,2017-03-28 01:53,50.00,0.00,0.00
SJC,2017-03-28 02:53,47.00,0.00,3.00
SJC,2017-03-28 03:53,50.00,0.00,0.00
SJC,2017-03-28 04:53,46.00,0.00,4.00
SJC,2017-03-28 05:53,47.00,0.00,3.00
SJC,2017-03-28 06:53,46.00,0.00,0.00
SJC,2017-03-28 07:53,49.00,0.00,3.00
SJC,2017-03-28 08:53,54.00,0.00,0.00
SJC,2017-03-28 09:53,58.00,0.00,5.00
SJC,2017-03-28 10:53,60.00,0.00,5.00
SJC,2017-03-28 11:53,63.00,0.00,9.00
SJC,2017-03-28 12:53,65.00,0.00,10.00
SJC,2017-03-28 13:53,68.00,0.00,13.00
SJC,2017-03-28 14:53,71.00,0.00,16.00
SJC,2017-03-28 15:53,72.00,0.00,13.00
SJC,2017-03-28 16:53,71.00,0.00,13.00
SJC,2017-03-28 17:53,69.00,0.00,13.00
SJC,2017-03-28 18:53,65.00,0.00,12.00
SJC,2017-03-28 19:53,62.00,0.00,15.00
SJC,2017-03-28 20:53,59.00,0.00,5.00
SJC,2017-03-28 21:53,59.00,0.00,4.00
SJC,2017-03-28 22:53,58.00,0.00,0.00
SJC,2017-03-28 23:53,57.00,0.00,4.00
SJC,2017-03-29 00:53,55.00,0.00,0.00
SJC,2017-03-29 01:53,54.00,0.00,0.00
SJC,2017-03-29 02:53,53.00,0.00,0.00
SJC,2017-03-29 03:53,52.00,0.00,0.00
SJC,2017-03-29 04:53,50.00,0.00,3.00
SJC,2017-03-29 05:53,48.00,0.00,4.00
SJC,2017-03-29 06:53,50.00,0.00,0.00
SJC,2017-03-29 07:53,53.00,0.00,0.00
SJC,2017-03-29 08:53,57.00,0.00,0.00
SJC,2017-03-29 09:53,61.00,0.00,0.00
SJC,2017-03-29 10:53,65.00,0.00,0.00
SJC,2017-03-29 11:53,69.00,0.00,8.00
SJC,2017-03-29 12:53,70.00,0.00,12.00
SJC,2017-03-29 13:53,69.00,0.00,12.00
SJC,2017-03-29 14:53,70.00,0.00,12.00
SJC,2017-03-29 15:53,70.00,0.00,11.00
SJC,2017-03-29 16:53,70.00,0.00,6.00
SJC,2017-03-29 17:53,71.00,0.00,7.00
SJC,2017-03-29 18:53,63.00,0.00,13.00
SJC,2017-03-29 19:53,60.00,0.00,11.00
SJC,2017-03-29 20:53,59.00,0.00,10.00
SJC,2017-03-29 21:53,57.00,0.00,4.00
SJC,2017-03-29 22:53,56.00,0.00,5.00
SJC,2017-03-29 23:53,55.00,0.00,3.00
SJC,2017-03-30 00:53,56.00,0.00,6.00
SJC,2017-03-30 01:38,57.00,0.00,4.00
SJC,2017-03-30 01:53,57.00,0.00,3.00
SJC,2017-03-30 02:53,57.00,0.00,0.00
SJC,2017-03-30 03:01,57.00,0.00,0.00
SJC,2017-03-30 03:53,56.00,0.00,0.00
SJC,2017-03-30 04:02,56.00,0.00,3.00
SJC,2017-03-30 04:53,56.00,0.00,4.00
SJC,2017-03-30 05:09,56.00,T,5.00
SJC,2017-03-30 05:17,56.00,T,6.00
SJC,2017-03-30 05:39,56.00,T,8.00
SJC,2017-03-30 05:53,56.00,T,10.00
SJC,2017-03-30 06:53,53.00,0.01,15.00
SJC,2017-03-30 07:53,53.00,T,12.00
SJC,2017-03-30 08:53,54.00,0.00,17.00
SJC,2017-03-30 09:53,57.00,0.00,14.00
SJC,2017-03-30 10:53,59.00,0.00,18.00
SJC,2017-03-30 11:53,61.00,0.00,19.00
SJC,2017-03-30 12:53,63.00,0.00,15.00
SJC,2017-03-30 13:53,64.00,0.00,17.00
SJC,2017-03-30 14:53,65.00,0.00,12.00
SJC,2017-03-30 15:53,65.00,0.00,16.00
SJC,2017-03-30 16:53,64.00,0.00,17.00
SJC,2017-03-30 17:53,61.00,0.00,16.00
SJC,2017-03-30 18:53,58.00,0.00,19.00
SJC,2017-03-30 19:53,55.00,0.00,11.00
SJC,2017-03-30 20:53,53.00,0.00,10.00
SJC,2017-03-30 21:53,53.00,0.00,10.00
SJC,2017-03-30 22:53,53.00,0.00,8.00
SJC,2017-03-30 23:53,53.00,0.00,7.00
SJC,2017-03-31 00:53,53.00,0.00,8.00
SJC,2017-03-31 01:53,53.00,0.00,10.00
SJC,2017-03-31 02:53,53.00,0.00,13.00
SJC,2017-03-31 03:53,54.00,0.00,11.00
SJC,2017-03-31 04:53,53.00,0.00,11.00
SJC,2017-03-31 05:53,53.00,0.00,15.00
SJC,2017-03-31 06:53,53.00,0.00,13.00
SJC,2017-03-31 07:53,55.00,0.00,17.00
SJC,2017-03-31 08:53,57.00,0.00,18.00
SJC,2017-03-31 09:53,60.00,0.00,17.00
SJC,2017-03-31 10:53,63.00,0.00,16.00
SJC,2017-03-31 11:53,66.00,0.00,15.00
SJC,2017-03-31 12:53,68.00,0.00,11.00
SJC,2017-03-31 13:53,70.00,0.00,13.00
SJC,2017-03-31 14:53,71.00,0.00,12.00
SJC,2017-03-31 15:53,72.00,0.00,13.00
SJC,2017-03-31 16:53,73.00,0.00,17.00
SJC,2017-03-31 17:53,72.00,0.00,13.00
SJC,2017-03-31 18:53,68.00,0.00,11.00
SJC,2017-03-31 19:53,64.00,0.00,9.00
SJC,2017-03-31 20:53,63.00,0.00,8.00
SJC,2017-03-31 21:53,60.00,0.00,8.00
SJC,2017-03-31 22:53,59.00,0.00,0.00
SJC,2017-03-31 23:53,57.00,0.00,0.00
SJC,2017-04-01 00:53,56.00,0.00,3.00
SJC,2017-04-01 01:53,52.00,0.00,5.00
SJC,2017-04-01 02:53,53.00,0.00,0.00
SJC,2017-04-01 03:53,52.00,0.00,0.00
SJC,2017-04-01 04:53,52.00,0.00,3.00
SJC,2017-04-01 05:53,51.00,0.00,0.00
SJC,2017-04-01 06:53,50.00,0.00,4.00
SJC,2017-04-01 07:53,53.00,0.00,3.00
SJC,2017-04-01 08:53,61.00,0.00,0.00
SJC,2017-04-01 09:53,67.00,0.00,6.00
SJC,2017-04-01 10:53,71.00,0.00,8.00
SJC,2017-04-01 11:53,72.00,0.00,8.00
SJC,2017-04-01 12:53,75.00,0.00,5.00
SJC,2017-04-01 13:53,76.00,0.00,8.00
SJC,2017-04-01 14:53,77.00,0.00,7.00
SJC,2017-04-01 15:53,78.00,0.00,3.00
SJC,2017-04-01 16:53,78.00,0.00,3.00
SJC,2017-04-01 17:53,77.00,0.00,6.00
SJC,2017-04-01 18:53,74.00,0.00,6.00
SJC,2017-04-01 19:53,65.00,0.00,6.00
SJC,2017-04-01 20:53,65.00,0.00,5.00
SJC,2017-04-01 21:53,60.00,0.00,8.00
SJC,2017-04-01 22:53,59.00,0.00,0.00
SJC,2017-04-01 23:53,57.00,0.00,5.00
SJC,2017-04-02 00:53,56.00,0.00,6.00
SJC,2017-04-02 01:53,56.00,0.00,8.00
SJC,2017-04-02 02:53,56.00,0.00,0.00
SJC,2017-04-02 03:53,53.00,0.00,5.00
SJC,2017-04-02 04:53,54.00,0.00,0.00
SJC,2017-04-02 05:34,54.00,0.00,0.00
SJC,2017-04-02 05:53,52.00,0.00,3.00
SJC,2017-04-02 06:45,53.00,0.00,3.00
SJC,2017-04-02 06:53,51.00,0.00,6.00
SJC,2017-04-02 07:53,54.00,0.00,5.00
SJC,2017-04-02 08:37,56.00,0.00,5.00
SJC,2017-04-02 08:53,56.00,0.00,4.00
SJC,2017-04-02 09:53,60.00,0.00,3.00
SJC,2017-04-02 10:53,63.00,0.00,3.00
SJC,2017-04-02 11:53,66.00,0.00,5.00
SJC,2017-04-02 12:53,68.00,0.00,3.00
SJC,2017-04-02 13:53,73.00,0.00,6.00
SJC,2017-04-02 14:53,74.00,0.00,7.00
SJC,2017-04-02 15:53,77.00,0.00,11.00
SJC,2017-04-02 16:53,75.00,0.00,12.00
SJC,2017-04-02 17:53,74.00,0.00,14.00
SJC,2017-04-02 18:53,72.00,0.00,9.00
SJC,2017-04-02 19:53,70.00,0.00,5.00
SJC,2017-04-02 20:53,67.00,0.00,0.00
SJC,2017-04-02 21:53,62.00,0.00,6.00
SJC,2017-04-02 22:53,59.00,0.00,6.00
SJC,2017-04-02 23:53,58.00,0.00,6.00
SJC,2017-04-03 00:53,58.00,0.00,6.00
SJC,2017-04-03 01:53,56.00,0.00,5.00
SJC,2017-04-03 02:53,55.00,0.00,7.00
SJC,2017-04-03 03:53,55.00,0.00,10.00
SJC,2017-04-03 04:53,51.00,0.00,6.00
SJC,2017-04-03 05:53,51.00,0.00,3.00
SJC,2017-04-03 06:53,50.00,0.00,0.00
SJC,2017-04-03 07:53,53.00,0.00,0.00
SJC,2017-04-03 08:53,56.00,0.00,0.00
SJC,2017-04-03 09:53,60.00,0.00,4.00
SJC,2017-04-03 10:53,64.00,0.00,5.00
SJC,2017-04-03 11:53,67.00,0.00,8.00
SJC,2017-04-03 12:53,69.00,0.00,5.00
SJC,2017-04-03 13:53,72.00,0.00,10.00
SJC,2017-04-03 14:53,71.00,0.00,9.00
SJC,2017-04-03 15:53,72.00,0.00,11.00
SJC,2017-04-03 16:53,72.00,0.00,12.00
SJC,2017-04-03 17:53,69.00,0.00,11.00
SJC,2017-04-03 18:53,64.00,0.00,14.00
SJC,2017-04-03 19:53,59.00,0.00,11.00
SJC,2017-04-03 20:53,55.00,0.00,4.00
SJC,2017-04-03 21:53,55.00,0.00,3.00
SJC,2017-04-03 22:53,56.00,0.00,3.00
SJC,2017-04-03 23:53,55.00,0.00,0.00
SJC,2017-04-04 00:53,51.00,0.00,6.00
SJC,2017-04-04 01:53,52.00,0.00,0.00
SJC,2017-04-04 02:53,49.00,0.00,0.00
SJC,2017-04-04 03:53,49.00,0.00,3.00
SJC,2017-04-04 04:53,46.00,0.00,3.00
SJC,2017-04-04 05:53,51.00,0.00,5.00
SJC,2017-04-04 06:53,49.00,0.00,6.00
SJC,2017-04-04 07:53,52.00,0.00,0.00
SJC,2017-04-04 08:53,56.00,0.00,4.00
SJC,2017-04-04 09:53,60.00,0.00,0.00
SJC,2017-04-04 10:53,61.00,0.00,0.00
SJC,2017-04-04 11:53,67.00,0.00,0.00
SJC,2017-04-04 12:53,72.00,0.00,4.00
SJC,2017-04-04 13:53,73.00,0.00,10.00
SJC,2017-04-04 14:53,73.00,0.00,7.00
SJC,2017-04-04 15:53,73.00,0.00,7.00
SJC,2017-04-04 16:53,74.00,0.00,8.00
SJC,2017-04-04 17:53,67.00,0.00,12.00
SJC,2017-04-04 18:53,64.00,0.00,9.00
SJC,2017-04-04 19:53,62.00,0.00,10.00
SJC,2017-04-04 20:53,61.00,0.00,6.00
SJC,2017-04-04 21:53,61.00,0.00,8.00
SJC,2017-04-04 22:53,59.00,0.00,5.00
SJC,2017-04-04 23:53,56.00,0.00,5.00
SJC,2017-04-05 00:53,56.00,0.00,0.00
SJC,2017-04-05 01:53,56.00,0.00,3.00
SJC,2017-04-05 02:53,57.00,0.00,0.00
SJC,2017-04-05 03:53,55.00,0.00,3.00
SJC,2017-04-05 04:53,55.00,0.00,0.00
SJC,2017-04-05 05:53,55.00,0.00,5.00
SJC,2017-04-05 06:53,54.00,0.00,3.00
SJC,2017-04-05 07:53,57.00,0.00,4.00
SJC,2017-04-05 08:53,61.00,0.00,5.00
SJC,2017-04-05 09:53,65.00,0.00,0.00
SJC,2017-04-05 10:53,70.00,0.00,0.00
SJC,2017-04-05 11:53,76.00,0.00,6.00
SJC,2017-04-05 12:53,73.00,0.00,0.00
SJC,2017-04-05 13:53,74.00,0.00,11.00
SJC,2017-04-05 14:53,74.00,0.00,7.00
SJC,2017-04-05 15:53,76.00,0.00,8.00
SJC,2017-04-05 16:53,74.00,0.00,14.00
SJC,2017-04-05 17:53,69.00,0.00,13.00
SJC,2017-04-05 18:53,68.00,0.00,3.00
SJC,2017-04-05 19:53,64.00,0.00,8.00
SJC,2017-04-05 20:53,62.00,0.00,4.00
SJC,2017-04-05 21:53,63.00,0.00,3.00
SJC,2017-04-05 22:53,62.00,0.00,4.00
SJC,2017-04-05 23:53,61.00,0.00,4.00
SJC,2017-04-06 00:53,59.00,0.00,4.00
SJC,2017-04-06 01:53,58.00,0.00,3.00
SJC,2017-04-06 02:53,58.00,0.00,4.00
SJC,2017-04-06 03:53,58.00,0.00,0.00
SJC,2017-04-06 04:53,58.00,0.00,8.00
SJC,2017-04-06 05:53,59.00,0.00,10.00
SJC,2017-04-06 06:53,59.00,0.00,10.00
SJC,2017-04-06 07:53,59.00,0.00,9.00
SJC,2017-04-06 08:53,61.00,0.00,7.00
SJC,2017-04-06 09:53,61.00,0.00,7.00
SJC,2017-04-06 10:53,64.00,0.00,3.00
SJC,2017-04-06 11:53,65.00,0.00,5.00
SJC,2017-04-06 12:53,63.00,T,6.00
SJC,2017-04-06 13:53,64.00,T,9.00
SJC,2017-04-06 14:53,65.00,0.00,10.00
SJC,2017-04-06 15:53,67.00,T,15.00
SJC,2017-04-06 16:53,67.00,0.00,18.00
SJC,2017-04-06 17:53,66.00,T,19.00
SJC,2017-04-06 18:53,56.00,0.06,15.00
SJC,2017-04-06 19:53,56.00,0.03,21.00
SJC,2017-04-06 20:53,56.00,T,16.00
SJC,2017-04-06 21:53,55.00,0.01,23.00
SJC,2017-04-06 22:53,53.00,0.01,25.00
SJC,2017-04-06 23:53,54.00,0.02,20.00
SJC,2017-04-07 00:06,53.00,0.03,17.00
SJC,2017-04-07 00:48,53.60,0.07,7.00
SJC,2017-04-07 00:53,52.00,0.07,8.00
SJC,2017-04-07 01:53,52.00,0.09,6.00
SJC,2017-04-07 02:23,53.00,0.03,10.00
SJC,2017-04-07 02:53,53.00,0.05,12.00
SJC,2017-04-07 03:53,55.00,0.01,9.00
SJC,2017-04-07 04:53,55.00,T,7.00
SJC,2017-04-07 05:53,55.00,0.00,8.00
SJC,2017-04-07 06:53,56.00,T,5.00
SJC,2017-04-07 07:53,56.00,0.00,7.00
SJC,2017-04-07 08:53,58.00,0.00,8.00
SJC,2017-04-07 09:53,59.00,0.00,8.00
SJC,2017-04-07 10:53,62.00,0.00,9.00
SJC,2017-04-07 11:53,62.00,0.00,9.00
SJC,2017-04-07 12:53,62.00,0.00,9.00
SJC,2017-04-07 13:53,63.00,T,11.00
SJC,2017-04-07 14:53,65.00,0.00,15.00
SJC,2017-04-07 15:53,64.00,0.00,14.00
SJC,2017-04-07 16:53,64.00,0.00,15.00
SJC,2017-04-07 17:53,62.00,0.00,13.00
SJC,2017-04-07 18:53,61.00,T,12.00
SJC,2017-04-07 19:53,60.00,T,10.00
SJC,2017-04-07 20:53,59.00,T,11.00
SJC,2017-04-07 21:53,59.00,T,9.00
SJC,2017-04-07 22:53,58.00,T,8.00
SJC,2017-04-07 23:53,58.00,0.02,9.00
SJC,2017-04-08 00:10,54.00,0.06,9.00
SJC,2017-04-08 00:13,53.00,0.12,10.00
SJC,2017-04-08 00:23,52.00,0.23,14.00
SJC,2017-04-08 00:32,52.00,0.27,7.00
SJC,2017-04-08 00:40,52.00,0.29,8.00
SJC,2017-04-08 00:53,52.00,0.32,10.00
SJC,2017-04-08 01:02,51.00,T,10.00
SJC,2017-04-08 01:31,51.00,0.01,5.00
SJC,2017-04-08 01:53,51.00,0.01,3.00
SJC,2017-04-08 02:01,51.00,0.00,4.00
SJC,2017-04-08 02:53,50.00,0.00,8.00
SJC,2017-04-08 03:53,49.00,0.00,6.00
SJC,2017-04-08 04:53,48.00,0.00,3.00
SJC,2017-04-08 05:34,47.00,0.00,5.00
SJC,2017-04-08 05:53,47.00,0.00,0.00
SJC,2017-04-08 06:53,49.00,0.00,4.00
SJC,2017-04-08 07:53,49.00,T,3.00
SJC,2017-04-08 08:53,51.00,T,5.00
SJC,2017-04-08 09:53,50.00,0.02,4.00
SJC,2017-04-08 10:53,50.00,0.05,0.00
SJC,2017-04-08 11:53,53.00,T,6.00
SJC,2017-04-08 12:53,53.00,0.05,7.00
SJC,2017-04-08 13:53,57.00,T,9.00
SJC,2017-04-08 14:53,58.00,0.00,13.00
SJC,2017-04-08 15:53,56.00,0.00,15.00
SJC,2017-04-08 16:53,56.00,0.00,13.00
SJC,2017-04-08 17:53,55.00,0.00,9.00
SJC,2017-04-08 18:53,53.00,0.00,9.00
SJC,2017-04-08 19:53,52.00,0.00,9.00
SJC,2017-04-08 20:53,50.00,0.00,7.00
SJC,2017-04-08 21:53,47.00,0.00,6.00
SJC,2017-04-08 22:53,47.00,0.00,7.00
SJC,2017-04-08 23:53,47.00,0.00,5.00
SJC,2017-04-09 00:14,47.00,0.00,4.00
SJC,2017-04-09 00:53,47.00,0.00,0.00
SJC,2017-04-09 01:53,47.00,0.00,0.00
SJC,2017-04-09 02:53,45.00,0.00,3.00
SJC,2017-04-09 03:07,45.00,0.00,0.00
SJC,2017-04-09 03:53,44.00,0.00,0.00
SJC,2017-04-09 04:53,44.00,0.00,0.00
SJC,2017-04-09 05:34,43.00,0.00,3.00
SJC,2017-04-09 05:53,43.00,0.00,0.00
SJC,2017-04-09 06:53,41.00,0.00,4.00
SJC,2017-04-09 07:53,45.00,0.00,4.00
SJC,2017-04-09 08:53,49.00,0.00,0.00
SJC,2017-04-09 09:53,52.00,0.00,0.00
SJC,2017-04-09 10:53,54.00,0.00,0.00
SJC,2017-04-09 11:53,57.00,0.00,3.00
SJC,2017-04-09 12:53,61.00,0.00,6.00
SJC,2017-04-09 13:53,63.00,0.00,9.00
SJC,2017-04-09 14:53,64.00,0.00,7.00
SJC,2017-04-09 15:53,64.00,0.00,8.00
SJC,2017-04-09 16:53,63.00,0.00,11.00
SJC,2017-04-09 17:53,61.00,0.00,13.00
SJC,2017-04-09 18:53,57.00,0.00,16.00
SJC,2017-04-09 19:53,55.00,0.00,10.00
SJC,2017-04-09 20:53,53.00,0.00,10.00
SJC,2017-04-09 21:53,51.00,0.00,8.00
SJC,2017-04-09 22:53,49.00,0.00,5.00
SJC,2017-04-09 23:53,51.00,0.00,0.00
SJC,2017-04-10 00:53,48.00,0.00,3.00
SJC,2017-04-10 01:53,47.00,0.00,0.00
SJC,2017-04-10 02:53,46.00,0.00,4.00
SJC,2017-04-10 03:53,46.00,0.00,0.00
SJC,2017-04-10 04:53,45.00,0.00,0.00
SJC,2017-04-10 05:53,44.00,0.00,4.00
SJC,2017-04-10 06:53,44.00,0.00,4.00
SJC,2017-04-10 07:53,47.00,0.00,4.00
SJC,2017-04-10 08:53,52.00,0.00,4.00
SJC,2017-04-10 09:53,58.00,0.00,0.00
SJC,2017-04-10 10:53,61.00,0.00,3.00
SJC,2017-04-10 11:53,63.00,0.00,3.00
SJC,2017-04-10 12:53,67.00,0.00,6.00
SJC,2017-04-10 13:53,67.00,0.00,6.00
SJC,2017-04-10 14:53,68.00,0.00,10.00
SJC,2017-04-10 15:53,68.00,0.00,11.00
SJC,2017-04-10 16:53,66.00,0.00,14.00
SJC,2017-04-10 17:53,65.00,0.00,14.00
SJC,2017-04-10 18:53,61.00,0.00,15.00
SJC,2017-04-10 19:53,59.00,0.00,12.00
SJC,2017-04-10 20:53,59.00,0.00,8.00
SJC,2017-04-10 21:53,58.00,0.00,4.00
SJC,2017-04-10 22:53,56.00,0.00,5.00
SJC,2017-04-10 23:53,55.00,0.00,4.00
SJC,2017-04-11 00:53,56.00,0.00,5.00
SJC,2017-04-11 01:53,56.00,0.00,4.00
SJC,2017-04-11 02:53,56.00,0.00,3.00
SJC,2017-04-11 03:53,56.00,0.00,0.00
SJC,2017-04-11 04:53,55.00,0.00,3.00
SJC,2017-04-11 05:53,56.00,0.00,3.00
SJC,2017-04-11 06:53,56.00,T,10.00
SJC,2017-04-11 07:53,56.00,0.00,9.00
SJC,2017-04-11 08:53,58.00,0.00,12.00
SJC,2017-04-11 09:53,61.00,T,13.00
SJC,2017-04-11 10:53,63.00,0.00,15.00
SJC,2017-04-11 11:53,65.00,0.00,14.00
SJC,2017-04-11 12:53,68.00,0.00,14.00
SJC,2017-04-11 13:53,66.00,0.00,13.00
SJC,2017-04-11 14:53,67.00,0.00,15.00
SJC,2017-04-11 15:53,66.00,0.00,13.00
SJC,2017-04-11 16:53,66.00,0.00,14.00
SJC,2017-04-11 17:53,64.00,0.00,15.00
SJC,2017-04-11 18:53,64.00,0.00,8.00
SJC,2017-04-11 19:53,61.00,0.00,14.00
SJC,2017-04-11 20:53,60.00,0.00,10.00
SJC,2017-04-11 21:53,59.00,0.00,11.00
SJC,2017-04-11 22:53,58.00,0.00,13.00
SJC,2017-04-11 23:39,58.00,0.00,8.00
SJC,2017-04-11 23:53,58.00,0.00,6.00
SJC,2017-04-12 00:08,59.00,0.00,7.00
SJC,2017-04-12 00:53,58.00,0.00,9.00
SJC,2017-04-12 01:14,59.00,0.00,5.00
SJC,2017-04-12 01:53,59.00,T,7.00
SJC,2017-04-12 02:53,59.00,T,3.00
SJC,2017-04-12 03:53,59.00,T,4.00
SJC,2017-04-12 04:19,59.00,0.00,3.00
SJC,2017-04-12 04:43,58.00,0.00,4.00
SJC,2017-04-12 04:53,58.00,0.00,4.00
SJC,2017-04-12 05:53,59.00,0.00,8.00
SJC,2017-04-12 06:53,59.00,T,9.00
SJC,2017-04-12 07:53,58.00,T,10.00
SJC,2017-04-12 08:53,60.00,0.00,10.00
SJC,2017-04-12 09:53,61.00,0.00,5.00
SJC,2017-04-12 10:53,64.00,0.00,14.00
SJC,2017-04-12 11:53,65.00,0.00,15.00
SJC,2017-04-12 12:53,65.00,0.00,14.00
SJC,2017-04-12 13:53,67.00,0.00,13.00
SJC,2017-04-12 14:53,66.00,0.00,19.00
SJC,2017-04-12 15:53,67.00,0.00,10.00
SJC,2017-04-12 16:53,66.00,0.00,16.00
SJC,2017-04-12 17:53,65.00,0.00,14.00
SJC,2017-04-12 18:53,62.00,0.00,12.00
SJC,2017-04-12 19:53,60.00,0.00,11.00
SJC,2017-04-12 20:53,59.00,0.00,6.00
SJC,2017-04-12 21:53,60.00,T,17.00
SJC,2017-04-12 22:53,58.00,T,12.00
SJC,2017-04-12 23:53,56.00,0.01,9.00
SJC,2017-04-13 00:01,56.00,T,10.00
SJC,2017-04-13 00:09,56.00,T,10.00
SJC,2017-04-13 00:27,57.00,0.01,8.00
SJC,2017-04-13 00:53,57.00,0.01,11.00
SJC,2017-04-13 01:53,55.00,0.09,10.00
SJC,2017-04-13 02:05,55.00,0.04,6.00
SJC,2017-04-13 02:16,55.00,0.11,9.00
SJC,2017-04-13 02:26,55.00,0.13,7.00
SJC,2017-04-13 02:36,55.00,0.15,6.00
SJC,2017-04-13 02:53,56.00,0.17,0.00
SJC,2017-04-13 03:12,55.00,T,5.00
SJC,2017-04-13 03:53,55.00,T,4.00
SJC,2017-04-13 04:53,53.00,0.00,6.00
SJC,2017-04-13 05:53,53.00,0.00,3.00
SJC,2017-04-13 06:53,53.00,0.01,6.00
SJC,2017-04-13 07:53,54.00,T,7.00
SJC,2017-04-13 08:53,58.00,T,5.00
SJC,2017-04-13 09:53,59.00,0.00,0.00
SJC,2017-04-13 10:53,57.00,0.04,5.00
SJC,2017-04-13 11:53,59.00,0.00,13.00
SJC,2017-04-13 12:53,61.00,0.00,12.00
SJC,2017-04-13 13:53,62.00,0.00,14.00
SJC,2017-04-13 14:53,61.00,T,14.00
SJC,2017-04-13 15:53,60.00,T,14.00
SJC,2017-04-13 16:53,61.00,0.00,9.00
SJC,2017-04-13 17:53,57.00,0.00,12.00
SJC,2017-04-13 18:53,56.00,0.00,14.00
SJC,2017-04-13 19:53,53.00,0.00,12.00
SJC,2017-04-13 20:53,53.00,0.00,11.00
SJC,2017-04-13 21:53,52.00,0.00,13.00
SJC,2017-04-13 22:53,51.00,0.00,11.00
SJC,2017-04-13 23:53,50.00,0.00,11.00
SJC,2017-04-14 00:53,50.00,0.00,10.00
SJC,2017-04-14 01:53,49.00,0.00,4.00
SJC,2017-04-14 02:53,48.00,0.00,3.00
SJC,2017-04-14 03:53,46.00,0.00,6.00
SJC,2017-04-14 04:53,45.00,0.00,6.00
SJC,2017-04-14 05:53,45.00,0.00,3.00
SJC,2017-04-14 06:53,47.00,0.00,4.00
SJC,2017-04-14 07:53,49.00,0.00,5.00
SJC,2017-04-14 08:53,52.00,0.00,9.00
SJC,2017-04-14 09:53,54.00,0.00,13.00
SJC,2017-04-14 10:53,56.00,0.00,11.00
SJC,2017-04-14 11:53,59.00,0.00,9.00
SJC,2017-04-14 12:53,61.00,0.00,11.00
SJC,2017-04-14 13:53,62.00,0.00,14.00
SJC,2017-04-14 14:53,63.00,0.00,12.00
SJC,2017-04-14 15:53,63.00,0.00,14.00
SJC,2017-04-14 16:53,63.00,0.00,12.00
SJC,2017-04-14 17:53,62.00,0.00,11.00
SJC,2017-04-14 18:53,59.00,0.00,13.00
SJC,2017-04-14 19:53,56.00,0.00,10.00
SJC,2017-04-14 20:53,54.00,0.00,10.00
SJC,2017-04-14 21:53,52.00,0.00,6.00
SJC,2017-04-14 22:53,52.00,0.00,0.00
SJC,2017-04-14 23:53,51.00,0.00,3.00
SJC,2017-04-15 00:53,50.00,0.00,0.00
SJC,2017-04-15 01:53,50.00,0.00,0.00
SJC,2017-04-15 02:53,49.00,0.00,0.00
SJC,2017-04-15 03:53,47.00,0.00,0.00
SJC,2017-04-15 04:53,44.00,0.00,3.00
SJC,2017-04-15 05:53,45.00,0.00,3.00
SJC,2017-04-15 06:53,45.00,0.00,0.00
SJC,2017-04-15 07:53,49.00,0.00,0.00
SJC,2017-04-15 08:53,52.00,0.00,0.00
SJC,2017-04-15 09:53,56.00,0.00,0.00
SJC,2017-04-15 10:53,60.00,0.00,3.00
SJC,2017-04-15 11:53,64.00,0.00,0.00
SJC,2017-04-15 12:53,66.00,0.00,0.00
SJC,2017-04-15 13:53,68.00,0.00,5.00
SJC,2017-04-15 14:53,70.00,0.00,8.00
SJC,2017-04-15 15:53,70.00,0.00,8.00
SJC,2017-04-15 16:42,69.00,0.00,10.00
SJC,2017-04-15 16:53,69.00,0.00,10.00
SJC,2017-04-15 17:53,67.00,0.00,11.00
SJC,2017-04-15 18:53,64.00,0.00,10.00
SJC,2017-04-15 19:53,60.00,0.00,7.00
SJC,2017-04-15 20:53,60.00,0.00,7.00
SJC,2017-04-15 21:53,58.00,0.00,3.00
SJC,2017-04-15 22:53,59.00,0.00,0.00
SJC,2017-04-15 23:53,59.00,0.00,0.00
SJC,2017-04-16 00:53,59.00,0.00,3.00
SJC,2017-04-16 01:53,56.00,0.00,4.00
SJC,2017-04-16 02:53,55.00,0.00,4.00
SJC,2017-04-16 03:53,55.00,0.00,9.00
SJC,2017-04-16 04:53,56.00,0.00,6.00
SJC,2017-04-16 05:53,55.00,0.00,6.00
SJC,2017-04-16 06:53,55.00,0.00,7.00
SJC,2017-04-16 07:53,56.00,0.00,8.00
SJC,2017-04-16 08:53,58.00,0.00,10.00
SJC,2017-04-16 09:53,60.00,0.00,8.00
SJC,2017-04-16 10:53,59.00,0.01,7.00
SJC,2017-04-16 11:53,61.00,T,9.00
SJC,2017-04-16 12:49,59.00,0.04,6.00
SJC,2017-04-16 12:53,58.00,0.05,17.00
SJC,2017-04-16 13:53,53.00,0.16,7.00
SJC,2017-04-16 14:53,55.00,0.02,7.00
SJC,2017-04-16 15:53,56.00,0.00,8.00
SJC,2017-04-16 16:53,56.00,T,13.00
SJC,2017-04-16 17:53,57.00,0.00,6.00
SJC,2017-04-16 18:53,57.00,T,8.00
SJC,2017-04-16 19:35,57.00,0.00,9.00
SJC,2017-04-16 19:53,57.00,0.00,9.00
SJC,2017-04-16 20:53,58.00,0.00,7.00
SJC,2017-04-16 21:53,58.00,0.00,8.00
SJC,2017-04-16 22:53,57.00,0.00,9.00
SJC,2017-04-16 23:53,57.00,0.00,10.00
SJC,2017-04-17 00:53,57.00,0.00,6.00
SJC,2017-04-17 01:28,57.00,0.00,7.00
SJC,2017-04-17 01:53,58.00,0.00,10.00
SJC,2017-04-17 02:53,57.00,0.00,3.00
SJC,2017-04-17 03:53,57.00,0.00,0.00
SJC,2017-04-17 04:53,57.00,0.00,0.00
SJC,2017-04-17 05:53,57.00,0.00,3.00
SJC,2017-04-17 06:53,58.00,0.00,3.00
SJC,2017-04-17 07:53,59.00,0.00,0.00
SJC,2017-04-17 08:53,60.00,0.00,0.00
SJC,2017-04-17 09:53,60.00,0.00,3.00
SJC,2017-04-17 10:53,62.00,0.00,5.00
SJC,2017-04-17 11:53,65.00,0.00,9.00
SJC,2017-04-17 12:53,65.00,0.00,9.00
SJC,2017-04-17 13:09,65.00,0.00,5.00
SJC,2017-04-17 13:53,65.00,0.00,6.00
SJC,2017-04-17 14:53,66.00,T,6.00
SJC,2017-04-17 15:53,65.00,0.00,6.00
SJC,2017-04-17 16:53,63.00,T,7.00
SJC,2017-04-17 17:53,59.00,0.02,4.00
SJC,2017-04-17 18:53,59.00,0.01,3.00
SJC,2017-04-17 19:53,58.00,0.01,0.00
SJC,2017-04-17 20:53,58.00,0.00,6.00
SJC,2017-04-17 21:53,58.00,0.00,0.00
SJC,2017-04-17 22:27,58.00,T,3.00
SJC,2017-04-17 22:53,58.00,T,4.00
SJC,2017-04-17 23:40,57.00,T,7.00
SJC,2017-04-17 23:53,56.00,T,5.00
SJC,2017-04-18 00:13,56.00,0.01,4.00
SJC,2017-04-18 00:53,56.00,0.02,4.00
SJC,2017-04-18 01:10,56.00,0.01,4.00
SJC,2017-04-18 01:50,55.40,0.05,5.00
SJC,2017-04-18 01:53,55.00,0.05,6.00
SJC,2017-04-18 02:05,55.00,T,6.00
SJC,2017-04-18 02:14,55.00,T,5.00
SJC,2017-04-18 02:53,55.00,0.01,0.00
SJC,2017-04-18 03:53,55.00,T,0.00
SJC,2017-04-18 04:53,55.00,0.00,0.00
SJC,2017-04-18 05:53,55.00,0.00,4.00
SJC,2017-04-18 06:19,55.00,T,0.00
SJC,2017-04-18 06:53,55.00,0.01,0.00
SJC,2017-04-18 07:53,55.00,T,0.00
SJC,2017-04-18 08:45,55.00,0.01,0.00
SJC,2017-04-18 08:53,55.00,0.01,0.00
SJC,2017-04-18 09:53,57.00,0.02,0.00
SJC,2017-04-18 10:53,59.00,0.00,6.00
SJC,2017-04-18 11:07,59.00,0.00,6.00
SJC,2017-04-18 11:53,62.00,0.00,6.00
SJC,2017-04-18 12:53,64.00,0.00,5.00
SJC,2017-04-18 13:53,67.00,0.00,6.00
SJC,2017-04-18 14:53,67.00,0.00,4.00
SJC,2017-04-18 15:53,68.00,0.00,7.00
SJC,2017-04-18 16:53,68.00,0.00,11.00
SJC,2017-04-18 17:53,66.00,0.00,14.00
SJC,2017-04-18 18:53,63.00,0.00,13.00
SJC,2017-04-18 19:53,60.00,0.00,9.00
SJC,2017-04-18 20:53,59.00,0.00,6.00
SJC,2017-04-18 21:53,58.00,0.00,5.00
SJC,2017-04-18 22:45,58.00,0.00,4.00
SJC,2017-04-18 22:53,57.00,0.00,4.00
SJC,2017-04-18 23:53,53.00,0.00,5.00
SJC,2017-04-19 00:53,52.00,0.00,0.00
SJC,2017-04-19 01:53,51.00,0.00,3.00
SJC,2017-04-19 02:53,50.00,0.00,5.00
SJC,2017-04-19 03:53,50.00,0.00,0.00
SJC,2017-04-19 04:53,48.00,0.00,3.00
SJC,2017-04-19 05:53,48.00,0.00,0.00
SJC,2017-04-19 06:53,46.00,0.00,4.00
SJC,2017-04-19 07:53,51.00,0.00,5.00
SJC,2017-04-19 08:53,55.00,0.00,5.00
SJC,2017-04-19 09:53,60.00,0.00,5.00
SJC,2017-04-19 10:53,65.00,0.00,0.00
SJC,2017-04-19 11:53,68.00,0.00,3.00
SJC,2017-04-19 12:53,68.00,0.00,8.00
SJC,2017-04-19 13:53,70.00,0.00,4.00
SJC,2017-04-19 14:53,71.00,0.00,9.00
SJC,2017-04-19 15:53,69.00,0.00,14.00
SJC,2017-04-19 16:53,68.00,0.00,14.00
SJC,2017-04-19 17:53,69.00,0.00,14.00
SJC,2017-04-19 18:53,66.00,0.00,9.00
SJC,2017-04-19 19:53,64.00,0.00,8.00
SJC,2017-04-19 20:53,61.00,0.00,7.00
SJC,2017-04-19 21:53,60.00,0.00,0.00
SJC,2017-04-19 22:53,59.00,0.00,3.00
SJC,2017-04-19 23:53,58.00,0.00,4.00
SJC,2017-04-20 00:53,58.00,0.00,4.00
SJC,2017-04-20 01:53,57.00,0.00,7.00
SJC,2017-04-20 02:53,54.00,0.03,3.00
SJC,2017-04-20 03:05,54.00,0.04,4.00
SJC,2017-04-20 03:18,54.00,0.05,4.00
SJC,2017-04-20 03:53,54.00,0.09,4.00
SJC,2017-04-20 04:03,54.00,T,4.00
SJC,2017-04-20 04:13,54.00,T,5.00
SJC,2017-04-20 04:30,54.00,T,4.00
SJC,2017-04-20 04:53,54.00,T,0.00
SJC,2017-04-20 05:03,54.00,0.00,0.00
SJC,2017-04-20 05:53,55.00,0.00,0.00
SJC,2017-04-20 06:53,55.00,0.00,3.00
SJC,2017-04-20 07:53,56.00,0.00,3.00
SJC,2017-04-20 08:53,59.00,0.00,3.00
SJC,2017-04-20 09:53,60.00,0.00,3.00
SJC,2017-04-20 10:53,63.00,0.00,8.00
SJC,2017-04-20 11:53,65.00,0.00,9.00
SJC,2017-04-20 12:53,66.00,0.00,7.00
SJC,2017-04-20 13:53,67.00,0.00,13.00
SJC,2017-04-20 14:53,69.00,0.00,12.00
SJC,2017-04-20 15:53,69.00,0.00,12.00
SJC,2017-04-20 16:53,68.00,0.00,14.00
SJC,2017-04-20 17:53,66.00,0.00,14.00
SJC,2017-04-20 18:53,63.00,0.00,14.00
SJC,2017-04-20 19:53,61.00,0.00,14.00
SJC,2017-04-20 20:53,60.00,0.00,11.00
SJC,2017-04-20 21:53,57.00,0.00,8.00
SJC,2017-04-20 22:53,57.00,0.00,8.00
SJC,2017-04-20 23:53,56.00,0.00,5.00
SJC,2017-04-21 00:53,56.00,0.00,0.00
SJC,2017-04-21 01:53,55.00,0.00,0.00
SJC,2017-04-21 02:53,54.00,0.00,0.00
SJC,2017-04-21 03:53,53.00,0.00,0.00
SJC,2017-04-21 04:53,52.00,0.00,0.00
SJC,2017-04-21 05:53,50.00,0.00,3.00
SJC,2017-04-21 06:53,51.00,0.00,0.00
SJC,2017-04-21 07:53,55.00,0.00,0.00
SJC,2017-04-21 08:53,59.00,0.00,0.00
SJC,2017-04-21 09:53,64.00,0.00,6.00
SJC,2017-04-21 10:53,67.00,0.00,5.00
SJC,2017-04-21 11:53,71.00,0.00,7.00
SJC,2017-04-21 12:53,74.00,0.00,10.00
SJC,2017-04-21 13:53,76.00,0.00,9.00
SJC,2017-04-21 14:53,76.00,0.00,11.00
SJC,2017-04-21 15:53,76.00,0.00,10.00
SJC,2017-04-21 16:53,76.00,0.00,9.00
SJC,2017-04-21 17:53,74.00,0.00,7.00
SJC,2017-04-21 18:53,72.00,0.00,10.00
SJC,2017-04-21 19:53,66.00,0.00,11.00
SJC,2017-04-21 20:53,64.00,0.00,8.00
SJC,2017-04-21 21:53,61.00,0.00,6.00
SJC,2017-04-21 22:53,59.00,0.00,4.00
SJC,2017-04-21 23:53,58.00,0.00,3.00
SJC,2017-04-22 00:53,57.00,0.00,0.00
SJC,2017-04-22 01:53,55.00,0.00,4.00
SJC,2017-04-22 02:53,56.00,0.00,4.00
SJC,2017-04-22 03:53,53.00,0.00,4.00
SJC,2017-04-22 04:53,53.00,0.00,0.00
SJC,2017-04-22 05:34,53.00,0.00,0.00
SJC,2017-04-22 05:53,52.00,0.00,0.00
SJC,2017-04-22 06:53,50.00,0.00,0.00
SJC,2017-04-22 07:53,55.00,0.00,0.00
SJC,2017-04-22 08:53,60.00,0.00,0.00
SJC,2017-04-22 09:53,65.00,0.00,0.00
SJC,2017-04-22 10:53,68.00,0.00,5.00
SJC,2017-04-22 11:53,68.00,0.00,9.00
SJC,2017-04-22 12:53,68.00,0.00,10.00
SJC,2017-04-22 13:53,67.00,0.00,12.00
SJC,2017-04-22 14:53,67.00,0.00,14.00
SJC,2017-04-22 15:53,67.00,0.00,11.00
SJC,2017-04-22 16:53,66.00,0.00,8.00
SJC,2017-04-22 17:53,64.00,0.00,14.00
SJC,2017-04-22 18:53,63.00,0.00,15.00
SJC,2017-04-22 19:53,61.00,0.00,10.00
SJC,2017-04-22 20:53,59.00,0.00,9.00
SJC,2017-04-22 21:53,58.00,0.00,6.00
SJC,2017-04-22 22:53,56.00,0.00,8.00
SJC,2017-04-22 23:53,55.00,0.00,10.00
SJC,2017-04-23 00:53,54.00,0.00,7.00
SJC,2017-04-23 01:53,54.00,0.00,11.00
SJC,2017-04-23 02:53,54.00,0.00,4.00
SJC,2017-04-23 03:53,54.00,0.00,5.00
SJC,2017-04-23 04:53,53.00,0.00,4.00
SJC,2017-04-23 05:34,52.00,0.00,5.00
SJC,2017-04-23 05:53,54.00,0.00,6.00
SJC,2017-04-23 06:53,54.00,0.00,8.00
SJC,2017-04-23 07:53,56.00,0.00,6.00
SJC,2017-04-23 08:53,59.00,0.00,5.00
SJC,2017-04-23 09:53,61.00,0.00,6.00
SJC,2017-04-23 10:53,64.00,0.00,12.00
SJC,2017-04-23 11:53,64.00,0.00,14.00
SJC,2017-04-23 12:53,65.00,0.00,15.00
SJC,2017-04-23 13:53,65.00,0.00,14.00
SJC,2017-04-23 14:53,67.00,0.00,14.00
SJC,2017-04-23 15:53,66.00,0.00,14.00
SJC,2017-04-23 16:53,65.00,0.00,14.00
SJC,2017-04-23 17:53,63.00,0.00,17.00
SJC,2017-04-23 18:53,60.00,0.00,11.00
SJC,2017-04-23 19:53,58.00,0.00,9.00
SJC,2017-04-23 20:53,56.00,0.00,7.00
SJC,2017-04-23 21:53,55.00,0.00,7.00
SJC,2017-04-23 22:53,54.00,0.00,7.00
SJC,2017-04-23 23:53,53.00,0.00,7.00
SJC,2017-04-24 00:53,53.00,0.00,6.00
SJC,2017-04-24 01:53,54.00,0.00,8.00
SJC,2017-04-24 02:53,53.00,0.00,6.00
SJC,2017-04-24 03:44,53.00,0.00,5.00
SJC,2017-04-24 03:53,54.00,0.00,4.00
SJC,2017-04-24 04:28,54.00,0.00,6.00
SJC,2017-04-24 04:53,54.00,0.00,4.00
SJC,2017-04-24 05:53,54.00,0.00,5.00
SJC,2017-04-24 06:53,55.00,0.00,3.00
SJC,2017-04-24 07:53,55.00,0.00,3.00
SJC,2017-04-24 08:53,58.00,0.00,6.00
SJC,2017-04-24 09:53,58.00,0.00,4.00
SJC,2017-04-24 10:53,59.00,0.00,3.00
SJC,2017-04-24 11:53,61.00,0.00,0.00
SJC,2017-04-24 12:53,61.00,0.00,8.00
SJC,2017-04-24 13:53,61.00,0.00,6.00
SJC,2017-04-24 14:53,61.00,T,5.00
SJC,2017-04-24 15:53,61.00,T,7.00
SJC,2017-04-24 16:53,62.00,T,9.00
SJC,2017-04-24 17:53,61.00,0.00,11.00
SJC,2017-04-24 18:53,60.00,T,11.00
SJC,2017-04-24 19:53,59.00,0.00,8.00
SJC,2017-04-24 20:53,58.00,0.00,10.00
SJC,2017-04-24 21:53,57.00,0.00,13.00
SJC,2017-04-24 22:53,56.00,0.00,7.00
SJC,2017-04-24 23:41,55.00,0.00,8.00
SJC,2017-04-24 23:53,54.00,0.00,5.00
SJC,2017-04-25 00:26,54.00,0.00,3.00
SJC,2017-04-25 00:53,55.00,0.00,8.00
SJC,2017-04-25 01:28,54.00,0.00,9.00
SJC,2017-04-25 01:53,54.00,0.00,7.00
SJC,2017-04-25 02:53,53.00,0.00,6.00
SJC,2017-04-25 03:53,53.00,0.00,7.00
SJC,2017-04-25 04:24,52.00,0.00,3.00
SJC,2017-04-25 04:53,52.00,0.00,8.00
SJC,2017-04-25 05:53,53.00,0.00,5.00
SJC,2017-04-25 06:53,53.00,0.00,5.00
SJC,2017-04-25 07:53,57.00,0.00,6.00
SJC,2017-04-25 08:53,58.00,0.00,5.00
SJC,2017-04-25 09:53,59.00,0.00,8.00
SJC,2017-04-25 10:53,61.00,0.00,10.00
SJC,2017-04-25 11:53,63.00,0.00,10.00
SJC,2017-04-25 12:53,64.00,0.00,14.00
SJC,2017-04-25 13:53,65.00,0.00,15.00
SJC,2017-04-25 14:53,67.00,0.00,15.00
SJC,2017-04-25 15:53,67.00,0.00,17.00
SJC,2017-04-25 16:53,65.00,0.00,13.00
SJC,2017-04-25 17:53,65.00,0.00,18.00
SJC,2017-04-25 18:53,63.00,0.00,10.00
SJC,2017-04-25 19:53,60.00,0.00,13.00
SJC,2017-04-25 20:53,59.00,0.00,9.00
SJC,2017-04-25 21:53,58.00,0.00,7.00
SJC,2017-04-25 22:53,58.00,0.00,6.00
SJC,2017-04-25 23:53,58.00,0.00,5.00
SJC,2017-04-26 00:07,58.00,0.00,6.00
SJC,2017-04-26 00:32,59.00,0.00,4.00
SJC,2017-04-26 00:53,59.00,0.00,3.00
SJC,2017-04-26 01:07,58.00,0.00,0.00
SJC,2017-04-26 01:40,58.00,0.00,4.00
SJC,2017-04-26 01:53,58.00,0.00,4.00
SJC,2017-04-26 02:53,59.00,0.00,0.00
SJC,2017-04-26 03:53,58.00,0.00,0.00
SJC,2017-04-26 04:21,58.00,0.00,0.00
SJC,2017-04-26 04:53,58.00,0.00,0.00
SJC,2017-04-26 05:53,58.00,0.00,0.00
SJC,2017-04-26 06:53,58.00,0.00,3.00
SJC,2017-04-26 07:53,60.00,0.00,5.00
SJC,2017-04-26 08:53,62.00,0.00,3.00
SJC,2017-04-26 09:53,63.00,0.00,3.00
SJC,2017-04-26 10:53,64.00,0.00,4.00
SJC,2017-04-26 11:53,65.00,0.00,0.00
SJC,2017-04-26 12:53,67.00,0.00,8.00
SJC,2017-04-26 13:44,68.00,0.00,4.00
SJC,2017-04-26 13:53,67.00,0.00,7.00
SJC,2017-04-26 14:53,68.00,0.00,12.00
SJC,2017-04-26 15:53,67.00,0.00,15.00
SJC,2017-04-26 16:53,67.00,0.00,15.00
SJC,2017-04-26 17:53,63.00,0.00,16.00
SJC,2017-04-26 18:53,62.00,0.00,16.00
SJC,2017-04-26 19:38,61.00,0.00,10.00
SJC,2017-04-26 19:53,61.00,0.00,10.00
SJC,2017-04-26 20:53,60.00,0.00,13.00
SJC,2017-04-26 21:53,59.00,0.00,12.00
SJC,2017-04-26 22:53,59.00,0.00,3.00
SJC,2017-04-26 23:53,58.00,0.00,10.00
SJC,2017-04-27 00:53,57.00,0.00,7.00
SJC,2017-04-27 01:53,56.00,0.00,11.00
SJC,2017-04-27 02:38,56.00,0.00,8.00
SJC,2017-04-27 02:53,56.00,0.00,8.00
SJC,2017-04-27 03:53,56.00,0.00,7.00
SJC,2017-04-27 04:53,55.00,0.00,6.00
SJC,2017-04-27 05:53,55.00,0.00,6.00
SJC,2017-04-27 06:34,55.00,0.00,6.00
SJC,2017-04-27 06:53,54.00,0.00,4.00
SJC,2017-04-27 07:53,56.00,0.00,4.00
SJC,2017-04-27 08:53,58.00,0.00,0.00
SJC,2017-04-27 09:53,61.00,0.00,6.00
SJC,2017-04-27 10:53,63.00,0.00,10.00
SJC,2017-04-27 11:53,66.00,0.00,9.00
SJC,2017-04-27 12:53,67.00,0.00,8.00
SJC,2017-04-27 13:53,69.00,0.00,12.00
SJC,2017-04-27 14:53,68.00,0.00,15.00
SJC,2017-04-27 15:53,68.00,0.00,17.00
SJC,2017-04-27 16:53,67.00,0.00,14.00
SJC,2017-04-27 17:53,66.00,0.00,13.00
SJC,2017-04-27 18:53,63.00,0.00,16.00
SJC,2017-04-27 19:53,60.00,0.00,13.00
SJC,2017-04-27 20:53,58.00,0.00,9.00
SJC,2017-04-27 21:53,57.00,0.00,7.00
SJC,2017-04-27 22:53,56.00,0.00,5.00
SJC,2017-04-27 23:53,55.00,0.00,7.00
SJC,2017-04-28 00:53,53.00,0.00,5.00
SJC,2017-04-28 01:53,52.00,0.00,5.00
SJC,2017-04-28 02:53,52.00,0.00,3.00
SJC,2017-04-28 03:53,51.00,0.00,4.00
SJC,2017-04-28 04:53,51.00,0.00,0.00
SJC,2017-04-28 05:53,50.00,0.00,0.00
SJC,2017-04-28 06:53,50.00,0.00,0.00
SJC,2017-04-28 07:53,55.00,0.00,0.00
SJC,2017-04-28 08:53,59.00,0.00,6.00
SJC,2017-04-28 09:53,61.00,0.00,10.00
SJC,2017-04-28 10:53,63.00,0.00,7.00
SJC,2017-04-28 11:53,66.00,0.00,9.00
SJC,2017-04-28 12:53,69.00,0.00,10.00
SJC,2017-04-28 13:53,71.00,0.00,11.00
SJC,2017-04-28 14:53,73.00,0.00,16.00
SJC,2017-04-28 15:53,74.00,0.00,18.00
SJC,2017-04-28 16:53,73.00,0.00,13.00
SJC,2017-04-28 17:53,71.00,0.00,11.00
SJC,2017-04-28 18:53,66.00,0.00,13.00
SJC,2017-04-28 19:53,62.00,0.00,11.00
SJC,2017-04-28 20:53,60.00,0.00,8.00
SJC,2017-04-28 21:53,58.00,0.00,4.00
SJC,2017-04-28 22:53,60.00,0.00,3.00
SJC,2017-04-28 23:53,59.00,0.00,3.00
SJC,2017-04-29 00:53,57.00,0.00,3.00
SJC,2017-04-29 01:53,55.00,0.00,0.00
SJC,2017-04-29 02:53,55.00,0.00,0.00
SJC,2017-04-29 03:53,53.00,0.00,3.00
SJC,2017-04-29 04:53,55.00,0.00,4.00
SJC,2017-04-29 05:53,55.00,0.00,4.00
SJC,2017-04-29 06:53,56.00,0.00,6.00
SJC,2017-04-29 07:53,62.00,0.00,7.00
SJC,2017-04-29 08:53,67.00,0.00,13.00
SJC,2017-04-29 09:53,69.00,0.00,12.00
SJC,2017-04-29 10:53,72.00,0.00,14.00
SJC,2017-04-29 11:53,74.00,0.00,9.00
SJC,2017-04-29 12:53,76.00,0.00,12.00
SJC,2017-04-29 13:53,77.00,0.00,9.00
SJC,2017-04-29 14:53,78.00,0.00,10.00
SJC,2017-04-29 15:53,78.00,0.00,6.00
SJC,2017-04-29 16:53,77.00,0.00,12.00
SJC,2017-04-29 17:53,75.00,0.00,12.00
SJC,2017-04-29 18:53,73.00,0.00,9.00
SJC,2017-04-29 19:53,69.00,0.00,9.00
SJC,2017-04-29 20:53,65.00,0.00,7.00
SJC,2017-04-29 21:53,64.00,0.00,4.00
SJC,2017-04-29 22:53,60.00,0.00,3.00
SJC,2017-04-29 23:53,57.00,0.00,5.00
SJC,2017-04-30 00:53,57.00,0.00,4.00
SJC,2017-04-30 01:53,56.00,0.00,0.00
SJC,2017-04-30 02:53,56.00,0.00,0.00
SJC,2017-04-30 03:53,55.00,0.00,3.00
SJC,2017-04-30 04:53,54.00,0.00,0.00
SJC,2017-04-30 05:53,53.00,0.00,0.00
SJC,2017-04-30 06:53,53.00,0.00,0.00
SJC,2017-04-30 07:53,57.00,0.00,0.00
SJC,2017-04-30 08:53,62.00,0.00,0.00
SJC,2017-04-30 09:53,66.00,0.00,3.00
SJC,2017-04-30 10:53,70.00,0.00,3.00
SJC,2017-04-30 11:53,73.00,0.00,5.00
SJC,2017-04-30 12:53,75.00,0.00,6.00
SJC,2017-04-30 13:53,78.00,0.00,11.00
SJC,2017-04-30 14:53,77.00,0.00,13.00
SJC,2017-04-30 15:53,78.00,0.00,11.00
SJC,2017-04-30 16:53,76.00,0.00,16.00
SJC,2017-04-30 17:53,75.00,0.00,12.00
SJC,2017-04-30 18:53,72.00,0.00,11.00
SJC,2017-04-30 19:53,67.00,0.00,8.00
SJC,2017-04-30 20:53,63.00,0.00,8.00
SJC,2017-04-30 21:53,62.00,0.00,5.00
SJC,2017-04-30 22:53,60.00,0.00,5.00
SJC,2017-04-30 23:53,60.00,0.00,0.00
SJC,2017-05-01 00:53,60.00,0.00,3.00
SJC,2017-05-01 01:53,58.00,0.00,5.00
SJC,2017-05-01 02:53,57.00,0.00,4.00
SJC,2017-05-01 03:53,57.00,0.00,0.00
SJC,2017-05-01 04:53,58.00,0.00,0.00
SJC,2017-05-01 05:53,57.00,0.00,0.00
SJC,2017-05-01 06:53,57.00,0.00,0.00
SJC,2017-05-01 07:53,61.00,0.00,0.00
SJC,2017-05-01 08:53,66.00,0.00,3.00
SJC,2017-05-01 09:53,71.00,0.00,7.00
SJC,2017-05-01 10:53,75.00,0.00,9.00
SJC,2017-05-01 11:53,80.00,0.00,8.00
SJC,2017-05-01 12:53,81.00,0.00,10.00
SJC,2017-05-01 13:53,85.00,0.00,9.00
SJC,2017-05-01 14:53,87.00,0.00,13.00
SJC,2017-05-01 15:53,86.00,0.00,16.00
SJC,2017-05-01 16:53,84.00,0.00,16.00
SJC,2017-05-01 17:53,82.00,0.00,10.00
SJC,2017-05-01 18:53,80.00,0.00,9.00
SJC,2017-05-01 19:53,75.00,0.00,6.00
SJC,2017-05-01 20:53,70.00,0.00,9.00
SJC,2017-05-01 21:53,68.00,0.00,5.00
SJC,2017-05-01 22:53,65.00,0.00,6.00
SJC,2017-05-01 23:53,64.00,0.00,5.00
SJC,2017-05-02 00:53,67.00,0.00,0.00
SJC,2017-05-02 01:53,66.00,0.00,3.00
SJC,2017-05-02 02:53,65.00,0.00,4.00
SJC,2017-05-02 03:53,63.00,0.00,3.00
SJC,2017-05-02 04:53,63.00,0.00,3.00
SJC,2017-05-02 05:53,62.00,0.00,0.00
SJC,2017-05-02 06:53,62.00,0.00,0.00
SJC,2017-05-02 07:53,66.00,0.00,0.00
SJC,2017-05-02 08:53,70.00,0.00,0.00
SJC,2017-05-02 09:53,76.00,0.00,7.00
SJC,2017-05-02 10:53,79.00,0.00,6.00
SJC,2017-05-02 11:53,83.00,0.00,9.00
SJC,2017-05-02 12:53,85.00,0.00,8.00
SJC,2017-05-02 13:53,87.00,0.00,10.00
SJC,2017-05-02 14:53,88.00,0.00,9.00
SJC,2017-05-02 15:53,88.00,0.00,14.00
SJC,2017-05-02 16:53,87.00,0.00,15.00
SJC,2017-05-02 17:53,85.00,0.00,12.00
SJC,2017-05-02 18:53,81.00,0.00,12.00
SJC,2017-05-02 19:53,77.00,0.00,9.00
SJC,2017-05-02 20:53,73.00,0.00,7.00
SJC,2017-05-02 21:53,69.00,0.00,5.00
SJC,2017-05-02 22:53,66.00,0.00,6.00
SJC,2017-05-02 23:53,67.00,0.00,3.00
SJC,2017-05-03 00:53,66.00,0.00,0.00
SJC,2017-05-03 01:53,66.00,0.00,0.00
SJC,2017-05-03 02:53,64.00,0.00,0.00
SJC,2017-05-03 03:53,66.00,0.00,0.00
SJC,2017-05-03 04:53,65.00,0.00,0.00
SJC,2017-05-03 05:53,63.00,0.00,0.00
SJC,2017-05-03 06:53,64.00,0.00,0.00
SJC,2017-05-03 07:53,69.00,0.00,0.00
SJC,2017-05-03 08:53,73.00,0.00,3.00
SJC,2017-05-03 09:53,77.00,0.00,0.00
SJC,2017-05-03 10:53,82.00,0.00,0.00
SJC,2017-05-03 11:53,85.00,0.00,4.00
SJC,2017-05-03 12:53,87.00,0.00,5.00
SJC,2017-05-03 13:53,89.00,0.00,4.00
SJC,2017-05-03 14:53,90.00,0.00,8.00
SJC,2017-05-03 15:53,90.00,0.00,9.00
SJC,2017-05-03 16:53,89.00,0.00,12.00
SJC,2017-05-03 17:53,86.00,0.00,11.00
SJC,2017-05-03 18:53,83.00,0.00,10.00
SJC,2017-05-03 19:53,78.00,0.00,8.00
SJC,2017-05-03 20:53,73.00,0.00,8.00
SJC,2017-05-03 21:53,69.00,0.00,3.00
SJC,2017-05-03 22:53,67.00,0.00,4.00
SJC,2017-05-03 23:53,66.00,0.00,3.00
SJC,2017-05-04 00:53,64.00,0.00,4.00
SJC,2017-05-04 01:53,63.00,0.00,4.00
SJC,2017-05-04 02:53,63.00,0.00,6.00
SJC,2017-05-04 03:53,62.00,0.00,6.00
SJC,2017-05-04 04:53,61.00,0.00,0.00
SJC,2017-05-04 05:53,60.00,0.00,3.00
SJC,2017-05-04 06:53,61.00,0.00,3.00
SJC,2017-05-04 07:53,64.00,0.00,3.00
SJC,2017-05-04 08:53,67.00,0.00,0.00
SJC,2017-05-04 09:53,70.00,0.00,6.00
SJC,2017-05-04 10:53,73.00,0.00,6.00
SJC,2017-05-04 11:53,78.00,0.00,4.00
SJC,2017-05-04 12:53,78.00,0.00,9.00
SJC,2017-05-04 13:53,77.00,0.00,13.00
SJC,2017-05-04 14:53,77.00,0.00,14.00
SJC,2017-05-04 15:53,75.00,0.00,10.00
SJC,2017-05-04 16:53,75.00,0.00,11.00
SJC,2017-05-04 17:53,71.00,0.00,10.00
SJC,2017-05-04 18:53,68.00,0.00,10.00
SJC,2017-05-04 19:53,63.00,0.00,8.00
SJC,2017-05-04 20:53,60.00,0.00,11.00
SJC,2017-05-04 21:34,59.00,0.00,13.00
SJC,2017-05-04 21:53,59.00,0.00,11.00
SJC,2017-05-04 22:53,58.00,0.00,8.00
SJC,2017-05-04 23:53,58.00,0.00,8.00
SJC,2017-05-05 00:53,58.00,0.00,5.00
SJC,2017-05-05 01:53,58.00,0.00,0.00
SJC,2017-05-05 02:53,58.00,0.00,0.00
SJC,2017-05-05 03:49,59.00,0.00,5.00
SJC,2017-05-05 03:53,59.00,0.00,5.00
SJC,2017-05-05 04:24,57.00,0.00,12.00
SJC,2017-05-05 04:53,57.00,0.00,7.00
SJC,2017-05-05 05:53,57.00,0.00,9.00
SJC,2017-05-05 06:53,57.00,0.00,9.00
SJC,2017-05-05 07:53,57.00,0.00,7.00
SJC,2017-05-05 08:53,59.00,0.00,5.00
SJC,2017-05-05 09:53,62.00,0.00,5.00
SJC,2017-05-05 10:53,63.00,0.00,5.00
SJC,2017-05-05 11:53,66.00,0.00,7.00
SJC,2017-05-05 12:53,69.00,0.00,14.00
SJC,2017-05-05 13:53,69.00,0.00,18.00
SJC,2017-05-05 14:53,70.00,0.00,13.00
SJC,2017-05-05 15:53,70.00,0.00,12.00
SJC,2017-05-05 16:53,66.00,0.00,16.00
SJC,2017-05-05 17:53,64.00,0.00,12.00
SJC,2017-05-05 18:53,60.00,0.00,13.00
SJC,2017-05-05 19:53,57.00,0.00,8.00
SJC,2017-05-05 20:53,55.00,0.00,8.00
SJC,2017-05-05 21:53,54.00,0.00,11.00
SJC,2017-05-05 22:53,54.00,0.00,8.00
SJC,2017-05-05 23:53,54.00,0.00,8.00
SJC,2017-05-06 00:53,53.00,0.00,10.00
SJC,2017-05-06 01:53,52.00,0.00,12.00
SJC,2017-05-06 02:53,51.00,0.00,10.00
SJC,2017-05-06 03:53,52.00,0.00,9.00
SJC,2017-05-06 04:53,52.00,0.00,12.00
SJC,2017-05-06 05:34,52.00,0.00,12.00
SJC,2017-05-06 05:53,51.00,0.00,10.00
SJC,2017-05-06 06:53,51.00,0.00,12.00
SJC,2017-05-06 07:53,52.00,0.00,11.00
SJC,2017-05-06 08:53,54.00,0.00,9.00
SJC,2017-05-06 09:53,57.00,0.00,8.00
SJC,2017-05-06 10:53,60.00,0.00,5.00
SJC,2017-05-06 11:53,61.00,0.00,0.00
SJC,2017-05-06 12:53,61.00,0.00,6.00
SJC,2017-05-06 13:53,59.00,0.00,9.00
SJC,2017-05-06 14:53,61.00,0.00,8.00
SJC,2017-05-06 15:53,64.00,0.00,7.00
SJC,2017-05-06 16:53,64.00,0.00,8.00
SJC,2017-05-06 17:53,63.00,0.00,10.00
SJC,2017-05-06 18:53,62.00,0.00,9.00
SJC,2017-05-06 19:53,59.00,0.00,9.00
SJC,2017-05-06 20:53,58.00,0.00,8.00
SJC,2017-05-06 21:53,57.00,0.00,5.00
SJC,2017-05-06 22:53,56.00,0.00,5.00
SJC,2017-05-06 23:53,56.00,0.00,6.00
SJC,2017-05-07 00:53,56.00,0.00,5.00
SJC,2017-05-07 01:53,56.00,0.00,4.00
SJC,2017-05-07 02:53,55.00,0.00,4.00
SJC,2017-05-07 03:53,54.00,0.00,0.00
SJC,2017-05-07 04:17,53.00,0.00,5.00
SJC,2017-05-07 04:53,53.00,0.00,5.00
SJC,2017-05-07 05:53,51.00,0.00,3.00
SJC,2017-05-07 06:53,51.00,0.00,6.00
SJC,2017-05-07 07:53,54.00,0.00,4.00
SJC,2017-05-07 08:53,59.00,0.00,0.00
SJC,2017-05-07 09:53,62.00,0.00,4.00
SJC,2017-05-07 10:53,65.00,0.00,3.00
SJC,2017-05-07 11:53,69.00,0.00,4.00
SJC,2017-05-07 12:53,73.00,0.00,4.00
SJC,2017-05-07 13:53,74.00,0.00,3.00
SJC,2017-05-07 14:53,74.00,0.00,3.00
SJC,2017-05-07 15:53,75.00,0.00,11.00
SJC,2017-05-07 16:53,73.00,0.00,13.00
SJC,2017-05-07 17:53,71.00,0.00,17.00
SJC,2017-05-07 18:53,69.00,0.00,14.00
SJC,2017-05-07 19:53,66.00,0.00,9.00
SJC,2017-05-07 20:53,64.00,0.00,5.00
SJC,2017-05-07 21:53,62.00,0.00,3.00
SJC,2017-05-07 22:53,61.00,0.00,0.00
SJC,2017-05-07 23:53,57.00,0.00,7.00
SJC,2017-05-08 00:53,56.00,0.00,7.00
SJC,2017-05-08 01:53,55.00,0.00,7.00
SJC,2017-05-08 02:53,54.00,0.00,8.00
SJC,2017-05-08 03:53,53.00,0.00,12.00
SJC,2017-05-08 04:53,53.00,0.00,7.00
SJC,2017-05-08 05:53,52.00,0.00,6.00
SJC,2017-05-08 06:53,52.00,0.00,7.00
SJC,2017-05-08 07:53,55.00,0.00,7.00
SJC,2017-05-08 08:53,59.00,0.00,9.00
SJC,2017-05-08 09:53,63.00,0.00,3.00
SJC,2017-05-08 10:53,67.00,0.00,0.00
SJC,2017-05-08 11:53,73.00,0.00,0.00
SJC,2017-05-08 12:53,74.00,0.00,5.00
SJC,2017-05-08 13:53,75.00,0.00,7.00
SJC,2017-05-08 14:53,77.00,0.00,8.00
SJC,2017-05-08 15:53,77.00,0.00,11.00
SJC,2017-05-08 16:53,75.00,0.00,9.00
SJC,2017-05-08 17:53,74.00,0.00,13.00
SJC,2017-05-08 18:53,71.00,0.00,10.00
SJC,2017-05-08 19:53,66.00,0.00,9.00
SJC,2017-05-08 20:53,62.00,0.00,7.00
SJC,2017-05-08 21:53,60.00,0.00,4.00
SJC,2017-05-08 22:53,58.00,0.00,4.00
SJC,2017-05-08 23:53,59.00,0.00,0.00
SJC,2017-05-09 00:53,58.00,0.00,3.00
SJC,2017-05-09 01:53,58.00,0.00,0.00
SJC,2017-05-09 02:53,54.00,0.00,5.00
SJC,2017-05-09 03:53,56.00,0.00,4.00
SJC,2017-05-09 04:53,54.00,0.00,3.00
SJC,2017-05-09 05:53,52.00,0.00,5.00
SJC,2017-05-09 06:53,55.00,0.00,5.00
SJC,2017-05-09 07:53,59.00,0.00,3.00
SJC,2017-05-09 08:53,62.00,0.00,3.00
SJC,2017-05-09 09:53,68.00,0.00,3.00
SJC,2017-05-09 10:53,72.00,0.00,0.00
SJC,2017-05-09 11:53,75.00,0.00,9.00
SJC,2017-05-09 12:53,78.00,0.00,6.00
SJC,2017-05-09 13:53,81.00,0.00,7.00
SJC,2017-05-09 14:53,83.00,0.00,9.00
SJC,2017-05-09 15:53,82.00,0.00,12.00
SJC,2017-05-09 16:53,80.00,0.00,10.00
SJC,2017-05-09 17:53,77.00,0.00,10.00
SJC,2017-05-09 18:53,71.00,0.00,10.00
SJC,2017-05-09 19:53,65.00,0.00,8.00
SJC,2017-05-09 20:53,61.00,0.00,5.00
SJC,2017-05-09 21:53,62.00,0.00,6.00
SJC,2017-05-09 22:53,58.00,0.00,19.00
SJC,2017-05-09 23:53,56.00,0.00,14.00
SJC,2017-05-10 00:53,56.00,0.00,17.00
SJC,2017-05-10 01:53,55.00,0.00,10.00
SJC,2017-05-10 02:53,55.00,0.00,8.00
SJC,2017-05-10 03:53,55.00,0.00,7.00
SJC,2017-05-10 04:53,56.00,0.00,9.00
SJC,2017-05-10 05:24,55.00,0.00,8.00
SJC,2017-05-10 05:30,55.00,0.00,9.00
SJC,2017-05-10 05:53,55.00,0.00,8.00
SJC,2017-05-10 06:53,56.00,0.00,8.00
SJC,2017-05-10 07:53,59.00,0.00,10.00
SJC,2017-05-10 08:53,62.00,0.00,14.00
SJC,2017-05-10 09:53,64.00,0.00,10.00
SJC,2017-05-10 10:53,67.00,0.00,11.00
SJC,2017-05-10 11:53,68.00,0.00,15.00
SJC,2017-05-10 12:53,69.00,0.00,12.00
SJC,2017-05-10 13:53,70.00,0.00,12.00
SJC,2017-05-10 14:53,69.00,0.00,14.00
SJC,2017-05-10 15:53,71.00,0.00,9.00
SJC,2017-05-10 16:53,72.00,0.00,11.00
SJC,2017-05-10 17:53,70.00,0.00,12.00
SJC,2017-05-10 18:53,66.00,0.00,12.00
SJC,2017-05-10 19:53,63.00,0.00,8.00
SJC,2017-05-10 20:53,61.00,0.00,5.00
SJC,2017-05-10 21:53,58.00,0.00,8.00
SJC,2017-05-10 22:53,57.00,0.00,3.00
SJC,2017-05-10 23:53,56.00,0.00,4.00
SJC,2017-05-11 00:53,58.00,0.00,4.00
SJC,2017-05-11 01:53,56.00,0.00,7.00
SJC,2017-05-11 02:53,55.00,0.00,8.00
SJC,2017-05-11 03:53,55.00,0.00,0.00
SJC,2017-05-11 04:27,56.00,0.00,0.00
SJC,2017-05-11 04:53,56.00,0.00,6.00
SJC,2017-05-11 05:53,56.00,0.00,5.00
SJC,2017-05-11 06:53,56.00,0.00,6.00
SJC,2017-05-11 07:36,57.00,0.00,3.00
SJC,2017-05-11 07:53,58.00,0.00,3.00
SJC,2017-05-11 08:53,61.00,0.00,0.00
SJC,2017-05-11 09:53,62.00,0.00,3.00
SJC,2017-05-11 10:53,64.00,0.00,3.00
SJC,2017-05-11 11:53,67.00,0.00,7.00
SJC,2017-05-11 12:53,68.00,0.00,5.00
SJC,2017-05-11 13:53,70.00,0.00,4.00
SJC,2017-05-11 14:53,71.00,0.00,11.00
SJC,2017-05-11 15:53,69.00,0.00,13.00
SJC,2017-05-11 16:53,69.00,0.00,16.00
SJC,2017-05-11 17:53,68.00,0.00,14.00
SJC,2017-05-11 18:53,64.00,0.00,14.00
SJC,2017-05-11 19:53,61.00,0.00,12.00
SJC,2017-05-11 20:53,59.00,0.00,12.00
SJC,2017-05-11 21:53,59.00,0.00,9.00
SJC,2017-05-11 22:53,57.00,0.00,8.00
SJC,2017-05-11 23:53,55.00,0.00,10.00
SJC,2017-05-12 00:53,54.00,0.00,7.00
SJC,2017-05-12 01:53,54.00,0.00,9.00
SJC,2017-05-12 02:53,54.00,0.00,8.00
SJC,2017-05-12 03:53,53.00,0.00,10.00
SJC,2017-05-12 04:53,53.00,0.00,8.00
SJC,2017-05-12 05:27,53.00,0.00,8.00
SJC,2017-05-12 05:53,53.00,0.00,9.00
SJC,2017-05-12 06:53,54.00,0.00,7.00
SJC,2017-05-12 07:53,54.00,0.00,8.00
SJC,2017-05-12 08:53,57.00,0.00,10.00
SJC,2017-05-12 09:53,59.00,0.00,15.00
SJC,2017-05-12 10:53,61.00,0.00,12.00
SJC,2017-05-12 11:53,62.00,0.00,9.00
SJC,2017-05-12 12:53,65.00,0.00,15.00
SJC,2017-05-12 13:53,66.00,0.00,17.00
SJC,2017-05-12 14:53,65.00,0.00,20.00
SJC,2017-05-12 15:53,66.00,0.00,17.00
SJC,2017-05-12 16:53,64.00,0.00,19.00
SJC,2017-05-12 17:53,62.00,0.00,16.00
SJC,2017-05-12 18:53,60.00,0.00,18.00
SJC,2017-05-12 19:53,57.00,0.00,17.00
SJC,2017-05-12 20:53,55.00,0.00,13.00
SJC,2017-05-12 21:53,54.00,0.00,9.00
SJC,2017-05-12 22:53,54.00,0.00,12.00
SJC,2017-05-12 23:53,53.00,0.00,9.00
SJC,2017-05-13 00:53,52.00,0.00,13.00
SJC,2017-05-13 01:53,52.00,0.00,9.00
SJC,2017-05-13 02:53,51.00,0.00,7.00
SJC,2017-05-13 03:53,51.00,0.00,10.00
SJC,2017-05-13 04:53,51.00,0.00,12.00
SJC,2017-05-13 05:31,51.00,0.00,12.00
SJC,2017-05-13 05:40,51.00,0.00,9.00
SJC,2017-05-13 05:53,51.00,0.00,7.00
SJC,2017-05-13 06:53,51.00,0.00,6.00
SJC,2017-05-13 07:53,53.00,0.00,3.00
SJC,2017-05-13 08:53,56.00,0.00,9.00
SJC,2017-05-13 09:53,58.00,0.00,8.00
SJC,2017-05-13 10:53,59.00,0.00,7.00
SJC,2017-05-13 11:53,61.00,0.00,7.00
SJC,2017-05-13 12:53,64.00,0.00,10.00
SJC,2017-05-13 13:53,66.00,0.00,11.00
SJC,2017-05-13 14:53,66.00,0.00,13.00
SJC,2017-05-13 15:53,66.00,0.00,16.00
SJC,2017-05-13 16:53,64.00,0.00,18.00
SJC,2017-05-13 17:53,61.00,0.00,16.00
SJC,2017-05-13 18:53,60.00,0.00,14.00
SJC,2017-05-13 19:53,57.00,0.00,13.00
SJC,2017-05-13 20:53,54.00,0.00,11.00
SJC,2017-05-13 21:53,53.00,0.00,6.00
SJC,2017-05-13 22:53,52.00,0.00,7.00
SJC,2017-05-13 23:53,52.00,0.00,4.00
SJC,2017-05-14 00:53,52.00,0.00,5.00
SJC,2017-05-14 01:35,52.00,0.00,4.00
SJC,2017-05-14 01:53,51.00,0.00,4.00
SJC,2017-05-14 02:53,52.00,0.00,3.00
SJC,2017-05-14 03:53,51.00,0.00,4.00
SJC,2017-05-14 04:53,51.00,0.00,4.00
SJC,2017-05-14 05:53,51.00,0.00,4.00
SJC,2017-05-14 06:53,52.00,0.00,0.00
SJC,2017-05-14 07:53,53.00,0.00,3.00
SJC,2017-05-14 08:53,56.00,0.00,0.00
SJC,2017-05-14 09:53,58.00,0.00,M
SJC,2017-05-14 10:53,61.00,0.00,5.00
SJC,2017-05-14 11:53,64.00,0.00,3.00
SJC,2017-05-14 12:53,65.00,0.00,3.00
SJC,2017-05-14 13:53,67.00,0.00,8.00
SJC,2017-05-14 14:53,66.00,0.00,11.00
SJC,2017-05-14 15:53,66.00,0.00,13.00
SJC,2017-05-14 16:53,65.00,0.00,15.00
SJC,2017-05-14 17:53,64.00,0.00,15.00
SJC,2017-05-14 18:53,61.00,0.00,12.00
SJC,2017-05-14 19:53,59.00,0.00,11.00
SJC,2017-05-14 20:53,57.00,0.00,10.00
SJC,2017-05-14 21:53,54.00,0.00,5.00
SJC,2017-05-14 22:53,55.00,0.00,5.00
SJC,2017-05-14 23:53,54.00,0.00,0.00
SJC,2017-05-15 00:53,52.00,0.00,4.00
SJC,2017-05-15 01:53,51.00,0.00,6.00
SJC,2017-05-15 02:53,50.00,0.00,6.00
SJC,2017-05-15 03:53,50.00,0.00,5.00
SJC,2017-05-15 04:53,49.00,0.00,8.00
SJC,2017-05-15 05:53,49.00,0.00,7.00
SJC,2017-05-15 06:53,50.00,0.00,6.00
SJC,2017-05-15 07:53,53.00,0.00,10.00
SJC,2017-05-15 08:53,56.00,0.00,11.00
SJC,2017-05-15 09:53,58.00,0.00,6.00
SJC,2017-05-15 10:53,61.00,0.00,4.00
SJC,2017-05-15 11:53,63.00,0.00,0.00
SJC,2017-05-15 12:53,66.00,0.00,0.00
SJC,2017-05-15 13:53,70.00,0.00,12.00
SJC,2017-05-15 14:53,69.00,0.00,12.00
SJC,2017-05-15 15:53,68.00,0.00,18.00
SJC,2017-05-15 16:53,67.00,0.00,18.00
SJC,2017-05-15 17:53,64.00,0.00,16.00
SJC,2017-05-15 18:53,60.00,0.00,12.00
SJC,2017-05-15 19:53,56.00,0.00,9.00
SJC,2017-05-15 20:53,55.00,0.00,8.00
SJC,2017-05-15 21:53,53.00,0.00,9.00
SJC,2017-05-15 22:53,53.00,0.00,10.00
SJC,2017-05-15 23:53,51.00,0.00,4.00
SJC,2017-05-16 00:53,51.00,0.00,4.00
SJC,2017-05-16 01:53,51.00,0.00,4.00
SJC,2017-05-16 02:53,51.00,0.00,3.00
SJC,2017-05-16 03:30,51.00,0.00,4.00
SJC,2017-05-16 03:53,52.00,0.00,4.00
SJC,2017-05-16 04:53,53.00,0.00,5.00
SJC,2017-05-16 05:53,53.00,0.00,0.00
SJC,2017-05-16 06:53,53.00,0.00,4.00
SJC,2017-05-16 07:19,54.00,0.00,5.00
SJC,2017-05-16 07:53,55.00,0.00,3.00
SJC,2017-05-16 08:26,57.00,0.00,3.00
SJC,2017-05-16 08:53,58.00,0.00,4.00
SJC,2017-05-16 09:53,60.00,0.00,0.00
SJC,2017-05-16 10:53,60.00,0.00,5.00
SJC,2017-05-16 11:53,61.00,0.00,5.00
SJC,2017-05-16 12:53,61.00,0.00,12.00
SJC,2017-05-16 13:53,62.00,0.00,9.00
SJC,2017-05-16 14:53,64.00,0.00,7.00
SJC,2017-05-16 15:14,63.00,0.00,13.00
SJC,2017-05-16 15:53,65.00,0.00,11.00
SJC,2017-05-16 16:53,63.00,0.00,10.00
SJC,2017-05-16 17:53,61.00,0.00,10.00
SJC,2017-05-16 18:53,60.00,0.00,9.00
SJC,2017-05-16 19:26,60.00,0.00,7.00
SJC,2017-05-16 19:53,59.00,0.00,11.00
SJC,2017-05-16 20:53,58.00,0.00,7.00
SJC,2017-05-16 21:53,57.00,0.00,8.00
SJC,2017-05-16 22:53,57.00,0.00,9.00
SJC,2017-05-16 23:53,57.00,0.00,9.00
SJC,2017-05-17 00:53,56.00,0.00,9.00
SJC,2017-05-17 01:53,56.00,0.00,8.00
SJC,2017-05-17 02:05,56.00,0.00,6.00
SJC,2017-05-17 02:26,55.00,0.00,9.00
SJC,2017-05-17 02:53,55.00,0.00,6.00
SJC,2017-05-17 03:16,54.00,0.00,6.00
SJC,2017-05-17 03:53,54.00,0.00,9.00
SJC,2017-05-17 04:53,54.00,0.00,7.00
SJC,2017-05-17 05:35,54.00,0.00,9.00
SJC,2017-05-17 05:53,53.00,0.00,9.00
SJC,2017-05-17 06:35,52.00,0.00,6.00
SJC,2017-05-17 06:53,53.00,0.00,6.00
SJC,2017-05-17 07:53,55.00,0.00,6.00
SJC,2017-05-17 08:53,59.00,0.00,7.00
SJC,2017-05-17 09:53,60.00,0.00,0.00
SJC,2017-05-17 09:57,60.00,0.00,0.00
SJC,2017-05-17 10:53,62.00,0.00,7.00
SJC,2017-05-17 11:53,65.00,0.00,7.00
SJC,2017-05-17 12:53,67.00,0.00,8.00
SJC,2017-05-17 13:53,70.00,0.00,10.00
SJC,2017-05-17 14:53,71.00,0.00,11.00
SJC,2017-05-17 15:53,71.00,0.00,13.00
SJC,2017-05-17 16:53,70.00,0.00,17.00
SJC,2017-05-17 17:53,69.00,0.00,15.00
SJC,2017-05-17 18:53,65.00,0.00,17.00
SJC,2017-05-17 19:53,60.00,0.00,18.00
SJC,2017-05-17 20:53,58.00,0.00,9.00
SJC,2017-05-17 21:53,56.00,0.00,8.00
SJC,2017-05-17 22:53,55.00,0.00,5.00
SJC,2017-05-17 23:53,55.00,0.00,0.00
SJC,2017-05-18 00:53,54.00,0.00,0.00
SJC,2017-05-18 01:53,53.00,0.00,3.00
SJC,2017-05-18 02:53,53.00,0.00,0.00
SJC,2017-05-18 03:53,52.00,0.00,0.00
SJC,2017-05-18 04:53,51.00,0.00,4.00
SJC,2017-05-18 05:53,48.00,0.00,4.00
SJC,2017-05-18 06:53,51.00,0.00,3.00
SJC,2017-05-18 07:53,55.00,0.00,3.00
SJC,2017-05-18 08:53,60.00,0.00,0.00
SJC,2017-05-18 09:53,64.00,0.00,0.00
SJC,2017-05-18 10:53,69.00,0.00,4.00
SJC,2017-05-18 11:53,71.00,0.00,4.00
SJC,2017-05-18 12:53,75.00,0.00,7.00
SJC,2017-05-18 13:53,79.00,0.00,9.00
SJC,2017-05-18 14:53,80.00,0.00,10.00
SJC,2017-05-18 15:53,79.00,0.00,13.00
SJC,2017-05-18 16:53,78.00,0.00,16.00
SJC,2017-05-18 17:53,76.00,0.00,15.00
SJC,2017-05-18 18:53,73.00,0.00,14.00
SJC,2017-05-18 19:53,70.00,0.00,6.00
SJC,2017-05-18 20:53,64.00,0.00,6.00
SJC,2017-05-18 21:53,64.00,0.00,3.00
SJC,2017-05-18 22:53,61.00,0.00,5.00
SJC,2017-05-18 23:53,62.00,0.00,0.00
SJC,2017-05-19 00:53,62.00,0.00,0.00
SJC,2017-05-19 01:53,60.00,0.00,0.00
SJC,2017-05-19 02:53,59.00,0.00,0.00
SJC,2017-05-19 03:53,59.00,0.00,0.00
SJC,2017-05-19 04:53,57.00,0.00,0.00
SJC,2017-05-19 05:53,56.00,0.00,3.00
SJC,2017-05-19 06:53,58.00,0.00,0.00
SJC,2017-05-19 07:53,63.00,0.00,0.00
SJC,2017-05-19 08:53,68.00,0.00,4.00
SJC,2017-05-19 09:53,73.00,0.00,0.00
SJC,2017-05-19 10:53,77.00,0.00,3.00
SJC,2017-05-19 11:53,80.00,0.00,6.00
SJC,2017-05-19 12:53,81.00,0.00,6.00
SJC,2017-05-19 13:53,85.00,0.00,9.00
SJC,2017-05-19 14:53,86.00,0.00,11.00
SJC,2017-05-19 15:53,87.00,0.00,11.00
SJC,2017-05-19 16:53,86.00,0.00,13.00
SJC,2017-05-19 17:53,81.00,0.00,12.00
SJC,2017-05-19 18:53,80.00,0.00,12.00
SJC,2017-05-19 19:53,74.00,0.00,10.00
SJC,2017-05-19 20:53,70.00,0.00,6.00
SJC,2017-05-19 21:53,68.00,0.00,5.00
SJC,2017-05-19 22:53,63.00,0.00,5.00
SJC,2017-05-19 23:53,65.00,0.00,0.00
SJC,2017-05-20 00:53,64.00,0.00,0.00
SJC,2017-05-20 01:53,62.00,0.00,4.00
SJC,2017-05-20 02:53,59.00,0.00,4.00
SJC,2017-05-20 03:53,61.00,0.00,0.00
SJC,2017-05-20 04:01,60.00,0.00,3.00
SJC,2017-05-20 04:53,59.00,0.00,0.00
SJC,2017-05-20 05:53,58.00,0.00,0.00
SJC,2017-05-20 06:53,59.00,0.00,0.00
SJC,2017-05-20 07:53,63.00,0.00,0.00
SJC,2017-05-20 08:53,69.00,0.00,0.00
SJC,2017-05-20 09:53,74.00,0.00,0.00
SJC,2017-05-20 10:53,76.00,0.00,6.00
SJC,2017-05-20 11:53,80.00,0.00,7.00
SJC,2017-05-20 12:53,83.00,0.00,7.00
SJC,2017-05-20 13:53,85.00,0.00,10.00
SJC,2017-05-20 14:53,87.00,0.00,8.00
SJC,2017-05-20 15:53,88.00,0.00,11.00
SJC,2017-05-20 16:53,88.00,0.00,12.00
SJC,2017-05-20 17:53,84.00,0.00,16.00
SJC,2017-05-20 18:53,82.00,0.00,14.00
SJC,2017-05-20 19:53,79.00,0.00,10.00
SJC,2017-05-20 20:53,74.00,0.00,6.00
SJC,2017-05-20 21:53,72.00,0.00,5.00
SJC,2017-05-20 22:53,70.00,0.00,3.00
SJC,2017-05-20 23:53,70.00,0.00,0.00
SJC,2017-05-21 00:53,68.00,0.00,3.00
SJC,2017-05-21 01:53,63.00,0.00,5.00
SJC,2017-05-21 02:53,65.00,0.00,0.00
SJC,2017-05-21 03:53,63.00,0.00,0.00
SJC,2017-05-21 04:53,62.00,0.00,0.00
SJC,2017-05-21 05:53,61.00,0.00,0.00
SJC,2017-05-21 06:53,62.00,0.00,3.00
SJC,2017-05-21 07:53,66.00,0.00,0.00
SJC,2017-05-21 08:53,71.00,0.00,0.00
SJC,2017-05-21 09:53,71.00,0.00,7.00
SJC,2017-05-21 10:53,75.00,0.00,4.00
SJC,2017-05-21 11:53,81.00,0.00,0.00
SJC,2017-05-21 12:53,85.00,0.00,7.00
SJC,2017-05-21 13:53,86.00,0.00,7.00
SJC,2017-05-21 14:53,88.00,0.00,9.00
SJC,2017-05-21 15:53,88.00,0.00,12.00
SJC,2017-05-21 16:53,85.00,0.00,10.00
SJC,2017-05-21 17:53,83.00,0.00,10.00
SJC,2017-05-21 18:53,78.00,0.00,11.00
SJC,2017-05-21 19:53,73.00,0.00,10.00
SJC,2017-05-21 20:53,69.00,0.00,6.00
SJC,2017-05-21 21:53,66.00,0.00,6.00
SJC,2017-05-21 22:53,62.00,0.00,6.00
SJC,2017-05-21 23:53,61.00,0.00,7.00
SJC,2017-05-22 00:53,59.00,0.00,6.00
SJC,2017-05-22 01:53,58.00,0.00,5.00
SJC,2017-05-22 02:53,58.00,0.00,4.00
SJC,2017-05-22 03:53,58.00,0.00,5.00
SJC,2017-05-22 04:53,58.00,0.00,0.00
SJC,2017-05-22 05:53,57.00,0.00,4.00
SJC,2017-05-22 06:37,58.00,0.00,4.00
SJC,2017-05-22 06:53,59.00,0.00,0.00
SJC,2017-05-22 07:53,60.00,0.00,3.00
SJC,2017-05-22 08:53,64.00,0.00,0.00
SJC,2017-05-22 09:53,67.00,0.00,3.00
SJC,2017-05-22 10:53,71.00,0.00,4.00
SJC,2017-05-22 11:53,74.00,0.00,4.00
SJC,2017-05-22 12:53,80.00,0.00,4.00
SJC,2017-05-22 13:53,83.00,0.00,7.00
SJC,2017-05-22 14:53,82.00,0.00,9.00
SJC,2017-05-22 15:53,81.00,0.00,10.00
SJC,2017-05-22 16:53,81.00,0.00,10.00
SJC,2017-05-22 17:53,79.00,0.00,10.00
SJC,2017-05-22 18:53,76.00,0.00,12.00
SJC,2017-05-22 19:53,71.00,0.00,9.00
SJC,2017-05-22 20:53,66.00,0.00,8.00
SJC,2017-05-22 21:53,65.00,0.00,4.00
SJC,2017-05-22 22:53,62.00,0.00,5.00
SJC,2017-05-22 23:53,61.00,0.00,5.00
SJC,2017-05-23 00:53,61.00,0.00,3.00
SJC,2017-05-23 01:53,60.00,0.00,3.00
SJC,2017-05-23 02:53,59.00,0.00,4.00
SJC,2017-05-23 03:53,60.00,0.00,5.00
SJC,2017-05-23 04:28,60.00,0.00,3.00
SJC,2017-05-23 04:53,60.00,0.00,3.00
SJC,2017-05-23 05:53,59.00,0.00,3.00
SJC,2017-05-23 06:53,59.00,0.00,6.00
SJC,2017-05-23 07:53,61.00,0.00,0.00
SJC,2017-05-23 08:53,65.00,0.00,0.00
SJC,2017-05-23 09:53,68.00,0.00,4.00
SJC,2017-05-23 10:53,70.00,0.00,6.00
SJC,2017-05-23 11:53,72.00,0.00,6.00
SJC,2017-05-23 12:53,75.00,0.00,4.00
SJC,2017-05-23 13:53,77.00,0.00,9.00
SJC,2017-05-23 14:53,78.00,0.00,12.00
SJC,2017-05-23 15:53,77.00,0.00,12.00
SJC,2017-05-23 16:53,75.00,0.00,12.00
SJC,2017-05-23 17:53,73.00,0.00,14.00
SJC,2017-05-23 18:53,69.00,0.00,11.00
SJC,2017-05-23 19:53,65.00,0.00,10.00
SJC,2017-05-23 20:27,63.00,0.00,9.00
SJC,2017-05-23 20:53,62.00,0.00,8.00
SJC,2017-05-23 21:53,61.00,0.00,8.00
SJC,2017-05-23 22:53,60.00,0.00,6.00
SJC,2017-05-23 23:53,59.00,0.00,6.00
SJC,2017-05-24 00:53,58.00,0.00,6.00
SJC,2017-05-24 01:53,58.00,0.00,5.00
SJC,2017-05-24 02:24,58.00,0.00,6.00
SJC,2017-05-24 02:53,59.00,0.00,5.00
SJC,2017-05-24 03:53,58.00,0.00,4.00
SJC,2017-05-24 04:08,58.00,0.00,4.00
SJC,2017-05-24 04:53,58.00,0.00,4.00
SJC,2017-05-24 05:53,58.00,0.00,4.00
SJC,2017-05-24 06:53,58.00,0.00,3.00
SJC,2017-05-24 07:53,59.00,0.00,0.00
SJC,2017-05-24 08:53,60.00,0.00,5.00
SJC,2017-05-24 09:53,61.00,0.00,0.00
SJC,2017-05-24 10:53,66.00,0.00,0.00
SJC,2017-05-24 11:53,69.00,0.00,0.00
SJC,2017-05-24 12:53,71.00,0.00,6.00
SJC,2017-05-24 13:53,73.00,0.00,9.00
SJC,2017-05-24 14:53,74.00,0.00,8.00
SJC,2017-05-24 15:53,72.00,0.00,11.00
SJC,2017-05-24 16:53,72.00,0.00,9.00
SJC,2017-05-24 17:53,70.00,0.00,8.00
SJC,2017-05-24 18:53,69.00,0.00,8.00
SJC,2017-05-24 19:53,64.00,0.00,8.00
SJC,2017-05-24 20:53,61.00,0.00,8.00
SJC,2017-05-24 21:53,59.00,0.00,10.00
SJC,2017-05-24 22:53,59.00,0.00,13.00
SJC,2017-05-24 23:53,57.00,0.00,11.00
SJC,2017-05-25 00:53,57.00,0.00,13.00
SJC,2017-05-25 01:53,57.00,0.00,11.00
SJC,2017-05-25 02:24,57.00,0.00,9.00
SJC,2017-05-25 02:53,56.00,0.00,12.00
SJC,2017-05-25 03:53,56.00,0.00,10.00
SJC,2017-05-25 04:25,56.00,0.00,7.00
SJC,2017-05-25 04:49,55.40,0.00,8.00
SJC,2017-05-25 04:53,56.00,0.00,7.00
SJC,2017-05-25 05:06,56.00,0.00,6.00
SJC,2017-05-25 05:53,57.00,0.00,8.00
SJC,2017-05-25 06:53,57.00,0.00,5.00
SJC,2017-05-25 07:53,60.00,0.00,8.00
SJC,2017-05-25 08:53,60.00,0.00,15.00
SJC,2017-05-25 09:53,64.00,0.00,13.00
SJC,2017-05-25 10:53,65.00,0.00,12.00
SJC,2017-05-25 11:53,68.00,0.00,16.00
SJC,2017-05-25 12:53,67.00,0.00,20.00
SJC,2017-05-25 13:53,67.00,0.00,21.00
SJC,2017-05-25 14:53,68.00,0.00,20.00
SJC,2017-05-25 15:53,68.00,0.00,14.00
SJC,2017-05-25 16:53,66.00,0.00,17.00
SJC,2017-05-25 17:53,64.00,0.00,15.00
SJC,2017-05-25 18:53,62.00,0.00,15.00
SJC,2017-05-25 19:53,60.00,0.00,12.00
SJC,2017-05-25 20:53,59.00,0.00,15.00
SJC,2017-05-25 21:53,58.00,0.00,9.00
SJC,2017-05-25 22:53,58.00,0.00,12.00
SJC,2017-05-25 23:53,58.00,0.00,10.00
SJC,2017-05-26 00:53,58.00,0.00,8.00
SJC,2017-05-26 01:18,58.00,0.00,9.00
SJC,2017-05-26 01:40,58.00,0.00,8.00
SJC,2017-05-26 01:53,58.00,0.00,9.00
SJC,2017-05-26 02:39,58.00,0.00,8.00
SJC,2017-05-26 02:53,58.00,0.00,8.00
SJC,2017-05-26 03:09,58.00,0.00,8.00
SJC,2017-05-26 03:53,58.00,0.00,9.00
SJC,2017-05-26 04:24,58.00,0.00,8.00
SJC,2017-05-26 04:53,58.00,0.00,9.00
SJC,2017-05-26 05:53,57.00,0.00,8.00
SJC,2017-05-26 06:53,58.00,0.00,9.00
SJC,2017-05-26 07:53,59.00,0.00,7.00
SJC,2017-05-26 08:53,59.00,0.00,11.00
SJC,2017-05-26 09:53,60.00,0.00,9.00
SJC,2017-05-26 10:53,61.00,0.00,9.00
SJC,2017-05-26 11:53,62.00,0.00,6.00
SJC,2017-05-26 12:53,63.00,0.00,9.00
SJC,2017-05-26 13:53,66.00,0.00,8.00
SJC,2017-05-26 14:53,66.00,0.00,5.00
SJC,2017-05-26 15:53,67.00,0.00,0.00
SJC,2017-05-26 16:53,68.00,0.00,3.00
SJC,2017-05-26 17:53,69.00,0.00,4.00
SJC,2017-05-26 18:53,66.00,0.00,13.00
SJC,2017-05-26 19:53,63.00,0.00,13.00
SJC,2017-05-26 20:53,60.00,0.00,9.00
SJC,2017-05-26 21:53,59.00,0.00,10.00
SJC,2017-05-26 22:53,57.00,0.00,10.00
SJC,2017-05-26 23:12,57.00,0.00,9.00
SJC,2017-05-26 23:53,57.00,0.00,8.00
SJC,2017-05-27 00:11,56.00,0.00,5.00
SJC,2017-05-27 00:53,56.00,0.00,5.00
SJC,2017-05-27 01:06,56.00,0.00,4.00
SJC,2017-05-27 01:51,55.40,0.00,5.00
SJC,2017-05-27 01:53,56.00,0.00,6.00
SJC,2017-05-27 02:39,56.00,0.00,3.00
SJC,2017-05-27 02:48,55.40,0.00,0.00
SJC,2017-05-27 02:53,55.00,0.00,0.00
SJC,2017-05-27 03:53,56.00,0.00,4.00
SJC,2017-05-27 04:53,56.00,0.00,3.00
SJC,2017-05-27 05:53,57.00,0.00,3.00
SJC,2017-05-27 06:53,58.00,0.00,0.00
SJC,2017-05-27 07:53,58.00,0.00,0.00
SJC,2017-05-27 08:53,59.00,0.00,3.00
SJC,2017-05-27 09:53,63.00,0.00,4.00
SJC,2017-05-27 10:15,62.00,0.00,0.00
SJC,2017-05-27 10:53,65.00,0.00,4.00
SJC,2017-05-27 11:53,68.00,0.00,6.00
SJC,2017-05-27 12:53,68.00,0.00,7.00
SJC,2017-05-27 13:53,70.00,0.00,7.00
SJC,2017-05-27 14:53,70.00,0.00,12.00
SJC,2017-05-27 15:53,69.00,0.00,11.00
SJC,2017-05-27 16:53,69.00,0.00,12.00
SJC,2017-05-27 17:53,67.00,0.00,13.00
SJC,2017-05-27 18:53,65.00,0.00,13.00
SJC,2017-05-27 19:53,62.00,0.00,12.00
SJC,2017-05-27 20:53,59.00,0.00,12.00
SJC,2017-05-27 21:53,58.00,0.00,7.00
SJC,2017-05-27 22:53,57.00,0.00,8.00
SJC,2017-05-27 23:53,57.00,0.00,7.00
SJC,2017-05-28 00:09,57.00,0.00,6.00
SJC,2017-05-28 00:53,57.00,0.00,9.00
SJC,2017-05-28 01:53,57.00,0.00,8.00
SJC,2017-05-28 02:53,57.00,0.00,6.00
SJC,2017-05-28 03:53,57.00,0.00,6.00
SJC,2017-05-28 04:53,57.00,0.00,4.00
SJC,2017-05-28 05:33,57.00,0.00,4.00
SJC,2017-05-28 05:53,57.00,0.00,6.00
SJC,2017-05-28 06:53,57.00,0.00,6.00
SJC,2017-05-28 07:53,57.00,0.00,3.00
SJC,2017-05-28 08:39,58.00,0.00,6.00
SJC,2017-05-28 08:53,57.00,0.00,5.00
SJC,2017-05-28 09:53,59.00,0.00,6.00
SJC,2017-05-28 10:53,61.00,0.00,8.00
SJC,2017-05-28 11:13,62.00,0.00,6.00
SJC,2017-05-28 11:53,64.00,0.00,8.00
SJC,2017-05-28 12:53,65.00,0.00,10.00
SJC,2017-05-28 13:53,67.00,0.00,10.00
SJC,2017-05-28 14:53,68.00,0.00,10.00
SJC,2017-05-28 15:53,69.00,0.00,9.00
SJC,2017-05-28 16:53,68.00,0.00,10.00
SJC,2017-05-28 17:53,67.00,0.00,13.00
SJC,2017-05-28 18:53,63.00,0.00,14.00
SJC,2017-05-28 19:53,60.00,0.00,12.00
SJC,2017-05-28 20:21,59.00,0.00,13.00
SJC,2017-05-28 20:53,57.00,0.00,10.00
SJC,2017-05-28 21:25,57.00,0.00,8.00
SJC,2017-05-28 21:53,57.00,0.00,8.00
SJC,2017-05-28 22:53,57.00,0.00,6.00
SJC,2017-05-28 23:53,57.00,0.00,4.00
SJC,2017-05-29 00:53,57.00,0.00,3.00
SJC,2017-05-29 01:53,57.00,0.00,6.00
SJC,2017-05-29 02:53,57.00,0.00,8.00
SJC,2017-05-29 03:53,57.00,0.00,7.00
SJC,2017-05-29 04:53,56.00,0.00,6.00
SJC,2017-05-29 05:53,56.00,0.00,6.00
SJC,2017-05-29 06:53,56.00,0.00,4.00
SJC,2017-05-29 07:53,56.00,0.00,5.00
SJC,2017-05-29 08:53,57.00,0.00,7.00
SJC,2017-05-29 09:53,58.00,0.00,3.00
SJC,2017-05-29 10:53,59.00,0.00,5.00
SJC,2017-05-29 11:53,61.00,0.00,5.00
SJC,2017-05-29 12:53,65.00,0.00,3.00
SJC,2017-05-29 13:53,67.00,0.00,11.00
SJC,2017-05-29 14:53,65.00,0.00,13.00
SJC,2017-05-29 15:53,66.00,0.00,11.00
SJC,2017-05-29 16:53,67.00,0.00,10.00
SJC,2017-05-29 17:53,65.00,0.00,13.00
SJC,2017-05-29 18:53,61.00,0.00,14.00
SJC,2017-05-29 19:53,59.00,0.00,13.00
SJC,2017-05-29 20:53,57.00,0.00,11.00
SJC,2017-05-29 21:53,57.00,0.00,8.00
SJC,2017-05-29 22:20,56.00,0.00,11.00
SJC,2017-05-29 22:53,55.00,0.00,9.00
SJC,2017-05-29 23:53,54.00,0.00,7.00
SJC,2017-05-30 00:06,54.00,0.00,4.00
SJC,2017-05-30 00:48,53.60,0.00,3.00
SJC,2017-05-30 00:53,54.00,0.00,4.00
SJC,2017-05-30 01:53,56.00,0.00,5.00
SJC,2017-05-30 02:39,56.00,0.00,7.00
SJC,2017-05-30 02:51,55.40,0.00,7.00
SJC,2017-05-30 02:53,56.00,0.00,7.00
SJC,2017-05-30 03:53,55.00,0.00,6.00
SJC,2017-05-30 04:24,55.00,0.00,7.00
SJC,2017-05-30 04:41,56.00,0.00,7.00
SJC,2017-05-30 04:53,55.00,0.00,6.00
SJC,2017-05-30 05:53,55.00,0.00,5.00
SJC,2017-05-30 06:53,56.00,0.00,0.00
SJC,2017-05-30 07:53,57.00,0.00,4.00
SJC,2017-05-30 08:53,58.00,0.00,6.00
SJC,2017-05-30 09:53,61.00,0.00,8.00
SJC,2017-05-30 10:53,63.00,0.00,4.00
SJC,2017-05-30 11:53,64.00,0.00,6.00
SJC,2017-05-30 12:53,67.00,0.00,6.00
SJC,2017-05-30 13:53,69.00,0.00,13.00
SJC,2017-05-30 14:53,65.00,0.00,15.00
SJC,2017-05-30 15:53,66.00,0.00,13.00
SJC,2017-05-30 16:53,64.00,0.00,13.00
SJC,2017-05-30 17:53,64.00,0.00,7.00
SJC,2017-05-30 18:53,62.00,0.00,9.00
SJC,2017-05-30 19:53,60.00,0.00,9.00
SJC,2017-05-30 20:53,59.00,0.00,10.00
SJC,2017-05-30 21:53,58.00,0.00,9.00
SJC,2017-05-30 22:53,58.00,0.00,9.00
SJC,2017-05-30 23:53,58.00,0.00,6.00
SJC,2017-05-31 00:53,58.00,T,5.00
SJC,2017-05-31 01:53,58.00,0.00,0.00
SJC,2017-05-31 02:53,58.00,T,0.00
SJC,2017-05-31 03:53,58.00,T,0.00
SJC,2017-05-31 04:53,58.00,T,0.00
SJC,2017-05-31 05:53,57.00,0.00,0.00
SJC,2017-05-31 06:53,58.00,0.00,3.00
SJC,2017-05-31 07:53,59.00,0.00,0.00
SJC,2017-05-31 08:53,63.00,0.00,0.00
SJC,2017-05-31 09:53,67.00,0.00,6.00
SJC,2017-05-31 10:53,68.00,0.00,5.00
SJC,2017-05-31 11:53,71.00,0.00,9.00
SJC,2017-05-31 12:53,72.00,0.00,12.00
SJC,2017-05-31 13:53,74.00,0.00,11.00
SJC,2017-05-31 14:53,75.00,0.00,14.00
SJC,2017-05-31 15:53,75.00,0.00,13.00
SJC,2017-05-31 16:16,74.00,0.00,15.00
SJC,2017-05-31 16:53,73.00,0.00,16.00
SJC,2017-05-31 17:53,70.00,0.00,15.00
SJC,2017-05-31 18:53,68.00,0.00,13.00
SJC,2017-05-31 19:53,65.00,0.00,10.00
SJC,2017-05-31 20:53,63.00,0.00,10.00
SJC,2017-05-31 21:53,61.00,0.00,6.00
SJC,2017-05-31 22:53,61.00,0.00,5.00
SJC,2017-05-31 23:53,61.00,0.00,6.00
SJC,2017-06-01 00:49,60.80,0.00,7.00
SJC,2017-06-01 00:53,60.00,0.00,7.00
SJC,2017-06-01 01:53,60.00,0.00,4.00
SJC,2017-06-01 02:48,60.80,0.00,3.00
SJC,2017-06-01 02:53,60.00,0.00,3.00
SJC,2017-06-01 03:04,60.00,0.00,3.00
SJC,2017-06-01 03:53,60.00,0.00,3.00
SJC,2017-06-01 04:53,61.00,0.00,0.00
SJC,2017-06-01 05:15,61.00,0.00,0.00
SJC,2017-06-01 05:53,61.00,0.00,0.00
SJC,2017-06-01 06:53,61.00,0.00,5.00
SJC,2017-06-01 07:53,62.00,0.00,6.00
SJC,2017-06-01 08:53,62.00,0.00,0.00
SJC,2017-06-01 09:53,65.00,0.00,3.00
SJC,2017-06-01 10:53,69.00,0.00,6.00
SJC,2017-06-01 11:53,71.00,0.00,10.00
SJC,2017-06-01 12:53,72.00,0.00,11.00
SJC,2017-06-01 13:33,74.00,0.00,10.00
SJC,2017-06-01 13:53,74.00,0.00,12.00
SJC,2017-06-01 14:53,75.00,0.00,13.00
SJC,2017-06-01 15:53,75.00,0.00,14.00
SJC,2017-06-01 16:53,74.00,0.00,14.00
SJC,2017-06-01 17:53,72.00,0.00,15.00
SJC,2017-06-01 18:53,68.00,0.00,13.00
SJC,2017-06-01 19:53,66.00,0.00,12.00
SJC,2017-06-01 20:53,62.00,0.00,11.00
SJC,2017-06-01 21:53,61.00,0.00,10.00
SJC,2017-06-01 22:53,60.00,0.00,3.00
SJC,2017-06-01 23:53,59.00,0.00,0.00
SJC,2017-06-02 00:53,59.00,0.00,0.00
SJC,2017-06-02 01:53,59.00,0.00,0.00
SJC,2017-06-02 02:53,57.00,0.00,5.00
SJC,2017-06-02 03:53,57.00,0.00,0.00
SJC,2017-06-02 04:53,54.00,0.00,4.00
SJC,2017-06-02 05:53,56.00,0.00,0.00
SJC,2017-06-02 06:53,57.00,0.00,3.00
SJC,2017-06-02 07:53,60.00,0.00,0.00
SJC,2017-06-02 08:53,63.00,0.00,0.00
SJC,2017-06-02 09:53,67.00,0.00,0.00
SJC,2017-06-02 10:53,71.00,0.00,5.00
SJC,2017-06-02 11:53,74.00,0.00,6.00
SJC,2017-06-02 12:53,76.00,0.00,8.00
SJC,2017-06-02 13:53,78.00,0.00,11.00
SJC,2017-06-02 14:53,80.00,0.00,12.00
SJC,2017-06-02 15:53,79.00,0.00,12.00
SJC,2017-06-02 16:53,77.00,0.00,16.00
SJC,2017-06-02 17:53,74.00,0.00,14.00
SJC,2017-06-02 18:53,71.00,0.00,13.00
SJC,2017-06-02 19:53,67.00,0.00,11.00
SJC,2017-06-02 20:53,64.00,0.00,9.00
SJC,2017-06-02 21:53,61.00,0.00,7.00
SJC,2017-06-02 22:53,59.00,0.00,7.00
SJC,2017-06-02 23:53,58.00,0.00,6.00
SJC,2017-06-03 00:53,57.00,0.00,0.00
SJC,2017-06-03 01:53,55.00,0.00,4.00
SJC,2017-06-03 02:53,57.00,0.00,4.00
SJC,2017-06-03 03:53,57.00,0.00,3.00
SJC,2017-06-03 04:53,57.00,0.00,4.00
SJC,2017-06-03 05:33,57.00,0.00,5.00
SJC,2017-06-03 05:53,57.00,0.00,4.00
SJC,2017-06-03 06:45,58.00,0.00,0.00
SJC,2017-06-03 06:53,58.00,0.00,4.00
SJC,2017-06-03 07:16,58.00,0.00,5.00
SJC,2017-06-03 07:53,58.00,0.00,3.00
SJC,2017-06-03 08:31,60.00,0.00,0.00
SJC,2017-06-03 08:53,61.00,0.00,0.00
SJC,2017-06-03 09:53,65.00,0.00,0.00
SJC,2017-06-03 10:53,69.00,0.00,4.00
SJC,2017-06-03 11:53,70.00,0.00,5.00
SJC,2017-06-03 12:53,74.00,0.00,6.00
SJC,2017-06-03 13:53,75.00,0.00,11.00
SJC,2017-06-03 14:53,74.00,0.00,13.00
SJC,2017-06-03 15:53,74.00,0.00,12.00
SJC,2017-06-03 16:53,74.00,0.00,13.00
SJC,2017-06-03 17:53,71.00,0.00,14.00
SJC,2017-06-03 18:53,67.00,0.00,10.00
SJC,2017-06-03 19:53,65.00,0.00,10.00
SJC,2017-06-03 20:53,61.00,0.00,9.00
SJC,2017-06-03 21:53,60.00,0.00,7.00
SJC,2017-06-03 22:53,59.00,0.00,5.00
SJC,2017-06-03 23:53,58.00,0.00,4.00
SJC,2017-06-04 00:53,57.00,0.00,0.00
SJC,2017-06-04 01:53,56.00,0.00,0.00
SJC,2017-06-04 02:53,57.00,0.00,4.00
SJC,2017-06-04 03:53,55.00,0.00,3.00
SJC,2017-06-04 04:53,55.00,0.00,3.00
SJC,2017-06-04 05:53,55.00,0.00,0.00
SJC,2017-06-04 06:53,58.00,0.00,0.00
SJC,2017-06-04 07:53,61.00,0.00,0.00
SJC,2017-06-04 08:53,64.00,0.00,0.00
SJC,2017-06-04 09:53,67.00,0.00,5.00
SJC,2017-06-04 10:53,70.00,0.00,6.00
SJC,2017-06-04 11:53,73.00,0.00,4.00
SJC,2017-06-04 12:53,75.00,0.00,9.00
SJC,2017-06-04 13:53,74.00,0.00,13.00
SJC,2017-06-04 14:53,75.00,0.00,12.00
SJC,2017-06-04 15:53,74.00,0.00,15.00
SJC,2017-06-04 16:53,72.00,0.00,15.00
SJC,2017-06-04 17:53,71.00,0.00,12.00
SJC,2017-06-04 18:53,68.00,0.00,10.00
SJC,2017-06-04 19:53,65.00,0.00,7.00
SJC,2017-06-04 20:53,62.00,0.00,9.00
SJC,2017-06-04 21:53,60.00,0.00,6.00
SJC,2017-06-04 22:53,59.00,0.00,9.00
SJC,2017-06-04 23:53,57.00,0.00,5.00
SJC,2017-06-05 00:53,57.00,0.00,3.00
SJC,2017-06-05 01:53,56.00,0.00,0.00
SJC,2017-06-05 02:53,55.00,0.00,0.00
SJC,2017-06-05 03:53,52.00,0.00,3.00
SJC,2017-06-05 04:53,53.00,0.00,0.00
SJC,2017-06-05 05:53,53.00,0.00,0.00
SJC,2017-06-05 06:53,54.00,0.00,3.00
SJC,2017-06-05 07:53,58.00,0.00,0.00
SJC,2017-06-05 08:53,60.00,0.00,0.00
SJC,2017-06-05 09:53,64.00,0.00,0.00
SJC,2017-06-05 10:53,70.00,0.00,0.00
SJC,2017-06-05 11:53,75.00,0.00,3.00
SJC,2017-06-05 12:53,79.00,0.00,9.00
SJC,2017-06-05 13:53,80.00,0.00,9.00
SJC,2017-06-05 14:53,79.00,0.00,12.00
SJC,2017-06-05 15:53,78.00,0.00,13.00
SJC,2017-06-05 16:53,78.00,0.00,13.00
SJC,2017-06-05 17:53,75.00,0.00,15.00
SJC,2017-06-05 18:53,72.00,0.00,10.00
SJC,2017-06-05 19:53,68.00,0.00,8.00
SJC,2017-06-05 20:31,66.00,0.00,7.00
SJC,2017-06-05 20:53,65.00,0.00,8.00
SJC,2017-06-05 21:53,62.00,0.00,10.00
SJC,2017-06-05 22:53,60.00,0.00,8.00
SJC,2017-06-05 23:53,59.00,0.00,3.00
SJC,2017-06-06 00:53,56.00,0.00,5.00
SJC,2017-06-06 01:53,57.00,0.00,3.00
SJC,2017-06-06 02:53,55.00,0.00,4.00
SJC,2017-06-06 03:53,56.00,0.00,5.00
SJC,2017-06-06 04:53,55.00,0.00,4.00
SJC,2017-06-06 05:18,54.00,0.00,3.00
SJC,2017-06-06 05:22,55.00,0.00,3.00
SJC,2017-06-06 05:53,56.00,0.00,0.00
SJC,2017-06-06 06:22,55.00,0.00,0.00
SJC,2017-06-06 06:53,56.00,0.00,0.00
SJC,2017-06-06 07:53,59.00,0.00,0.00
SJC,2017-06-06 08:53,63.00,0.00,0.00
SJC,2017-06-06 09:53,66.00,0.00,7.00
SJC,2017-06-06 10:53,68.00,0.00,6.00
SJC,2017-06-06 11:53,71.00,0.00,5.00
SJC,2017-06-06 12:53,72.00,0.00,10.00
SJC,2017-06-06 13:53,70.00,0.00,10.00
SJC,2017-06-06 14:53,71.00,0.00,12.00
SJC,2017-06-06 15:53,71.00,0.00,17.00
SJC,2017-06-06 16:53,68.00,0.00,14.00
SJC,2017-06-06 17:53,69.00,0.00,11.00
SJC,2017-06-06 18:53,66.00,0.00,12.00
SJC,2017-06-06 19:53,63.00,0.00,8.00
SJC,2017-06-06 20:53,60.00,0.00,8.00
SJC,2017-06-06 21:53,58.00,0.00,5.00
SJC,2017-06-06 22:53,57.00,0.00,5.00
SJC,2017-06-06 23:53,57.00,0.00,4.00
SJC,2017-06-07 00:53,56.00,0.00,5.00
SJC,2017-06-07 01:53,56.00,0.00,4.00
SJC,2017-06-07 02:53,55.00,0.00,5.00
SJC,2017-06-07 03:53,55.00,0.00,3.00
SJC,2017-06-07 04:42,55.00,0.00,3.00
SJC,2017-06-07 04:53,55.00,0.00,0.00
SJC,2017-06-07 05:53,55.00,0.00,3.00
SJC,2017-06-07 06:53,58.00,0.00,0.00
SJC,2017-06-07 07:53,58.00,0.00,0.00
SJC,2017-06-07 08:32,60.00,0.00,3.00
SJC,2017-06-07 08:53,62.00,0.00,0.00
SJC,2017-06-07 09:53,66.00,0.00,3.00
SJC,2017-06-07 10:53,69.00,0.00,5.00
SJC,2017-06-07 11:53,70.00,0.00,7.00
SJC,2017-06-07 12:53,70.00,0.00,4.00
SJC,2017-06-07 13:53,74.00,0.00,8.00
SJC,2017-06-07 14:53,71.00,0.00,13.00
SJC,2017-06-07 15:53,71.00,0.00,11.00
SJC,2017-06-07 16:53,70.00,0.00,8.00
SJC,2017-06-07 17:53,69.00,0.00,12.00
SJC,2017-06-07 18:53,66.00,0.00,11.00
SJC,2017-06-07 19:53,65.00,0.00,11.00
SJC,2017-06-07 20:53,63.00,0.00,7.00
SJC,2017-06-07 21:53,62.00,0.00,5.00
SJC,2017-06-07 22:53,63.00,0.00,0.00
SJC,2017-06-07 23:53,62.00,0.00,9.00
SJC,2017-06-08 00:53,61.00,0.00,7.00
SJC,2017-06-08 01:53,60.00,0.00,11.00
SJC,2017-06-08 02:53,60.00,0.00,10.00
SJC,2017-06-08 03:53,60.00,0.00,10.00
SJC,2017-06-08 04:53,60.00,0.00,9.00
SJC,2017-06-08 05:53,60.00,0.00,8.00
SJC,2017-06-08 06:53,61.00,0.00,6.00
SJC,2017-06-08 07:53,62.00,T,11.00
SJC,2017-06-08 08:53,62.00,T,8.00
SJC,2017-06-08 09:53,64.00,0.00,9.00
SJC,2017-06-08 10:53,65.00,0.00,6.00
SJC,2017-06-08 11:53,68.00,0.00,6.00
SJC,2017-06-08 12:53,70.00,0.00,3.00
SJC,2017-06-08 13:53,69.00,T,8.00
SJC,2017-06-08 14:53,69.00,T,9.00
SJC,2017-06-08 15:53,70.00,0.00,8.00
SJC,2017-06-08 16:53,70.00,0.00,7.00
SJC,2017-06-08 17:53,71.00,0.00,0.00
SJC,2017-06-08 18:53,69.00,0.00,8.00
SJC,2017-06-08 19:53,67.00,0.00,8.00
SJC,2017-06-08 20:20,66.00,0.00,9.00
SJC,2017-06-08 20:24,66.00,0.00,7.00
SJC,2017-06-08 20:53,65.00,0.00,4.00
SJC,2017-06-08 21:09,66.00,0.00,4.00
SJC,2017-06-08 21:53,65.00,0.00,4.00
SJC,2017-06-08 22:53,65.00,0.00,0.00
SJC,2017-06-08 23:14,64.00,0.00,4.00
SJC,2017-06-08 23:53,65.00,0.00,3.00
SJC,2017-06-09 00:06,64.00,0.00,5.00
SJC,2017-06-09 00:22,64.00,0.00,4.00
SJC,2017-06-09 00:53,64.00,0.00,4.00
SJC,2017-06-09 01:53,64.00,T,4.00
SJC,2017-06-09 02:53,64.00,0.00,3.00
SJC,2017-06-09 03:42,62.00,T,4.00
SJC,2017-06-09 03:50,62.60,T,4.00
SJC,2017-06-09 03:53,62.00,T,4.00
SJC,2017-06-09 04:30,63.00,0.00,4.00
SJC,2017-06-09 04:53,62.00,0.00,6.00
SJC,2017-06-09 05:28,62.00,0.00,7.00
SJC,2017-06-09 05:53,61.00,0.00,7.00
SJC,2017-06-09 06:29,61.00,0.00,7.00
SJC,2017-06-09 06:53,61.00,0.00,7.00
SJC,2017-06-09 07:26,61.00,0.00,6.00
SJC,2017-06-09 07:53,62.00,T,5.00
SJC,2017-06-09 08:53,62.00,T,7.00
SJC,2017-06-09 09:53,61.00,T,11.00
SJC,2017-06-09 10:53,60.00,0.02,14.00
SJC,2017-06-09 11:38,62.00,T,10.00
SJC,2017-06-09 11:53,63.00,T,11.00
SJC,2017-06-09 12:53,66.00,0.00,7.00
SJC,2017-06-09 13:53,67.00,0.00,13.00
SJC,2017-06-09 14:53,69.00,0.00,13.00
SJC,2017-06-09 15:53,69.00,0.00,11.00
SJC,2017-06-09 16:53,68.00,0.00,16.00
SJC,2017-06-09 17:53,67.00,0.00,15.00
SJC,2017-06-09 18:53,63.00,0.00,13.00
SJC,2017-06-09 19:53,61.00,0.00,15.00
SJC,2017-06-09 20:53,59.00,0.00,10.00
SJC,2017-06-09 21:53,57.00,0.00,11.00
SJC,2017-06-09 22:53,57.00,0.00,9.00
SJC,2017-06-09 23:53,55.00,0.00,4.00
SJC,2017-06-10 00:53,55.00,0.00,6.00
SJC,2017-06-10 01:53,56.00,0.00,7.00
SJC,2017-06-10 02:53,54.00,0.00,8.00
SJC,2017-06-10 03:34,55.00,0.00,6.00
SJC,2017-06-10 03:53,56.00,0.00,6.00
SJC,2017-06-10 04:28,55.00,0.00,5.00
SJC,2017-06-10 04:53,54.00,0.00,4.00
SJC,2017-06-10 05:53,52.00,0.00,6.00
SJC,2017-06-10 06:53,54.00,0.00,0.00
SJC,2017-06-10 07:53,58.00,0.00,5.00
SJC,2017-06-10 08:53,62.00,0.00,8.00
SJC,2017-06-10 09:53,64.00,0.00,11.00
SJC,2017-06-10 10:53,67.00,0.00,14.00
SJC,2017-06-10 11:53,68.00,0.00,14.00
SJC,2017-06-10 12:53,69.00,0.00,17.00
SJC,2017-06-10 13:53,70.00,0.00,15.00
SJC,2017-06-10 14:53,70.00,0.00,17.00
SJC,2017-06-10 15:53,70.00,0.00,15.00
SJC,2017-06-10 16:53,69.00,0.00,14.00
SJC,2017-06-10 17:53,69.00,0.00,13.00
SJC,2017-06-10 18:53,66.00,0.00,16.00
SJC,2017-06-10 19:53,63.00,0.00,15.00
SJC,2017-06-10 20:53,60.00,0.00,12.00
SJC,2017-06-10 21:10,60.00,0.00,12.00
SJC,2017-06-10 21:53,59.00,0.00,10.00
SJC,2017-06-10 22:53,57.00,0.00,10.00
SJC,2017-06-10 23:53,56.00,0.00,9.00
SJC,2017-06-11 00:53,55.00,0.00,7.00
SJC,2017-06-11 01:53,54.00,0.00,7.00
SJC,2017-06-11 02:53,55.00,0.00,12.00
SJC,2017-06-11 03:53,54.00,0.00,8.00
SJC,2017-06-11 04:53,54.00,0.00,10.00
SJC,2017-06-11 05:53,53.00,0.00,8.00
SJC,2017-06-11 06:53,55.00,0.00,10.00
SJC,2017-06-11 07:53,58.00,0.00,14.00
SJC,2017-06-11 08:53,60.00,0.00,14.00
SJC,2017-06-11 09:53,62.00,0.00,18.00
SJC,2017-06-11 10:53,63.00,0.00,15.00
SJC,2017-06-11 11:53,65.00,0.00,11.00
SJC,2017-06-11 12:53,66.00,0.00,14.00
SJC,2017-06-11 13:53,67.00,0.00,13.00
SJC,2017-06-11 14:53,67.00,0.00,16.00
SJC,2017-06-11 15:53,66.00,0.00,9.00
SJC,2017-06-11 16:53,63.00,0.00,10.00
SJC,2017-06-11 17:53,62.00,T,19.00
SJC,2017-06-11 18:53,61.00,0.00,12.00
SJC,2017-06-11 19:53,59.00,0.00,8.00
SJC,2017-06-11 20:53,58.00,0.00,11.00
SJC,2017-06-11 21:53,57.00,0.00,8.00
SJC,2017-06-11 22:53,56.00,0.00,3.00
SJC,2017-06-11 23:53,55.00,0.00,3.00
SJC,2017-06-12 00:53,55.00,0.00,4.00
SJC,2017-06-12 01:37,55.00,0.00,0.00
SJC,2017-06-12 01:53,56.00,0.00,4.00
SJC,2017-06-12 02:36,54.00,0.00,6.00
SJC,2017-06-12 02:53,55.00,0.00,4.00
SJC,2017-06-12 03:01,56.00,0.00,4.00
SJC,2017-06-12 03:21,54.00,0.00,6.00
SJC,2017-06-12 03:53,55.00,0.00,5.00
SJC,2017-06-12 04:17,54.00,0.00,5.00
SJC,2017-06-12 04:49,53.60,0.00,4.00
SJC,2017-06-12 04:53,54.00,0.00,4.00
SJC,2017-06-12 05:53,54.00,0.00,7.00
SJC,2017-06-12 06:53,55.00,0.00,4.00
SJC,2017-06-12 07:53,57.00,0.00,5.00
SJC,2017-06-12 08:53,58.00,0.00,4.00
SJC,2017-06-12 09:53,59.00,0.00,8.00
SJC,2017-06-12 10:53,61.00,0.00,4.00
SJC,2017-06-12 11:53,62.00,0.00,6.00
SJC,2017-06-12 12:53,66.00,0.00,4.00
SJC,2017-06-12 13:53,69.00,0.00,7.00
SJC,2017-06-12 14:53,70.00,0.00,16.00
SJC,2017-06-12 15:53,70.00,0.00,14.00
SJC,2017-06-12 16:53,69.00,0.00,14.00
SJC,2017-06-12 17:28,68.00,0.00,15.00
SJC,2017-06-12 17:53,68.00,0.00,12.00
SJC,2017-06-12 18:53,66.00,0.00,12.00
SJC,2017-06-12 19:53,62.00,0.00,12.00
SJC,2017-06-12 20:53,59.00,0.00,9.00
SJC,2017-06-12 21:53,57.00,0.00,4.00
SJC,2017-06-12 22:53,58.00,0.00,0.00
SJC,2017-06-12 23:53,57.00,0.00,0.00
SJC,2017-06-13 00:53,56.00,0.00,4.00
SJC,2017-06-13 01:53,55.00,0.00,0.00
SJC,2017-06-13 02:53,53.00,0.00,3.00
SJC,2017-06-13 03:53,53.00,0.00,3.00
SJC,2017-06-13 04:53,53.00,0.00,0.00
SJC,2017-06-13 05:53,52.00,0.00,0.00
SJC,2017-06-13 06:53,54.00,0.00,4.00
SJC,2017-06-13 07:53,57.00,0.00,4.00
SJC,2017-06-13 08:53,60.00,0.00,0.00
SJC,2017-06-13 09:53,65.00,0.00,0.00
SJC,2017-06-13 10:53,68.00,0.00,6.00
SJC,2017-06-13 11:53,72.00,0.00,8.00
SJC,2017-06-13 12:53,75.00,0.00,9.00
SJC,2017-06-13 13:53,77.00,0.00,12.00
SJC,2017-06-13 14:53,77.00,0.00,12.00
SJC,2017-06-13 15:53,77.00,0.00,16.00
SJC,2017-06-13 16:53,76.00,0.00,15.00
SJC,2017-06-13 17:53,73.00,0.00,16.00
SJC,2017-06-13 18:53,70.00,0.00,16.00
SJC,2017-06-13 19:53,65.00,0.00,10.00
SJC,2017-06-13 20:53,62.00,0.00,11.00
SJC,2017-06-13 21:53,60.00,0.00,6.00
SJC,2017-06-13 22:53,59.00,0.00,3.00
SJC,2017-06-13 23:53,58.00,0.00,4.00
SJC,2017-06-14 00:53,58.00,0.00,3.00
SJC,2017-06-14 01:53,59.00,0.00,0.00
SJC,2017-06-14 02:53,58.00,0.00,0.00
SJC,2017-06-14 03:53,56.00,0.00,0.00
SJC,2017-06-14 04:53,55.00,0.00,5.00
SJC,2017-06-14 05:53,56.00,0.00,3.00
SJC,2017-06-14 06:53,58.00,0.00,0.00
SJC,2017-06-14 07:53,61.00,0.00,4.00
SJC,2017-06-14 08:53,64.00,0.00,0.00
SJC,2017-06-14 09:53,68.00,0.00,5.00
SJC,2017-06-14 10:53,71.00,0.00,6.00
SJC,2017-06-14 11:53,75.00,0.00,8.00
SJC,2017-06-14 12:53,79.00,0.00,10.00
SJC,2017-06-14 13:53,80.00,0.00,11.00
SJC,2017-06-14 14:53,83.00,0.00,12.00
SJC,2017-06-14 15:53,80.00,0.00,16.00
SJC,2017-06-14 16:53,78.00,0.00,19.00
SJC,2017-06-14 17:53,75.00,0.00,16.00
SJC,2017-06-14 18:53,73.00,0.00,12.00
SJC,2017-06-14 19:53,68.00,0.00,11.00
SJC,2017-06-14 20:53,65.00,0.00,8.00
SJC,2017-06-14 21:53,63.00,0.00,7.00
SJC,2017-06-14 22:53,61.00,0.00,8.00
SJC,2017-06-14 23:53,60.00,0.00,8.00
SJC,2017-06-15 00:53,58.00,0.00,6.00
SJC,2017-06-15 01:53,57.00,0.00,4.00
SJC,2017-06-15 02:53,57.00,0.00,0.00
SJC,2017-06-15 03:53,55.00,0.00,3.00
SJC,2017-06-15 04:53,56.00,0.00,3.00
SJC,2017-06-15 05:53,56.00,0.00,0.00
SJC,2017-06-15 06:53,58.00,0.00,5.00
SJC,2017-06-15 07:53,61.00,0.00,5.00
SJC,2017-06-15 08:53,64.00,0.00,3.00
SJC,2017-06-15 09:53,67.00,0.00,6.00
SJC,2017-06-15 10:53,71.00,0.00,6.00
SJC,2017-06-15 11:53,74.00,0.00,5.00
SJC,2017-06-15 12:53,76.00,0.00,11.00
SJC,2017-06-15 13:53,80.00,0.00,12.00
SJC,2017-06-15 14:53,79.00,0.00,13.00
SJC,2017-06-15 15:53,79.00,0.00,17.00
SJC,2017-06-15 16:53,78.00,0.00,18.00
SJC,2017-06-15 17:53,78.00,0.00,13.00
SJC,2017-06-15 18:53,76.00,0.00,15.00
SJC,2017-06-15 19:53,72.00,0.00,11.00
SJC,2017-06-15 20:53,69.00,0.00,10.00
SJC,2017-06-15 21:53,68.00,0.00,8.00
SJC,2017-06-15 22:53,66.00,0.00,9.00
SJC,2017-06-15 23:53,64.00,0.00,6.00
SJC,2017-06-16 00:53,63.00,0.00,4.00
SJC,2017-06-16 01:53,63.00,0.00,3.00
SJC,2017-06-16 02:53,64.00,0.00,0.00
SJC,2017-06-16 03:53,64.00,0.00,0.00
SJC,2017-06-16 04:53,63.00,0.00,3.00
SJC,2017-06-16 05:53,63.00,0.00,0.00
SJC,2017-06-16 06:53,65.00,0.00,3.00
SJC,2017-06-16 07:53,68.00,0.00,0.00
SJC,2017-06-16 08:53,72.00,0.00,5.00
SJC,2017-06-16 09:53,75.00,0.00,5.00
SJC,2017-06-16 10:53,78.00,0.00,6.00
SJC,2017-06-16 11:53,82.00,0.00,8.00
SJC,2017-06-16 12:53,83.00,0.00,13.00
SJC,2017-06-16 13:53,86.00,0.00,13.00
SJC,2017-06-16 14:53,87.00,0.00,13.00
SJC,2017-06-16 15:53,85.00,0.00,14.00
SJC,2017-06-16 16:53,83.00,0.00,12.00
SJC,2017-06-16 17:53,80.00,0.00,12.00
SJC,2017-06-16 18:53,78.00,0.00,13.00
SJC,2017-06-16 19:53,76.00,0.00,9.00
SJC,2017-06-16 20:53,73.00,0.00,7.00
SJC,2017-06-16 21:53,71.00,0.00,8.00
SJC,2017-06-16 22:53,69.00,0.00,5.00
SJC,2017-06-16 23:53,67.00,0.00,4.00
SJC,2017-06-17 00:53,65.00,0.00,5.00
SJC,2017-06-17 01:53,65.00,0.00,4.00
SJC,2017-06-17 02:53,63.00,0.00,5.00
SJC,2017-06-17 03:53,62.00,0.00,3.00
SJC,2017-06-17 04:53,63.00,0.00,3.00
SJC,2017-06-17 05:53,62.00,0.00,4.00
SJC,2017-06-17 06:53,64.00,0.00,4.00
SJC,2017-06-17 07:53,67.00,0.00,4.00
SJC,2017-06-17 08:53,71.00,0.00,5.00
SJC,2017-06-17 09:53,74.00,0.00,5.00
SJC,2017-06-17 10:53,78.00,0.00,5.00
SJC,2017-06-17 11:53,80.00,0.00,6.00
SJC,2017-06-17 12:53,84.00,0.00,7.00
SJC,2017-06-17 13:53,86.00,0.00,9.00
SJC,2017-06-17 14:53,87.00,0.00,15.00
SJC,2017-06-17 15:53,88.00,0.00,12.00
SJC,2017-06-17 16:53,88.00,0.00,12.00
SJC,2017-06-17 17:53,87.00,0.00,9.00
SJC,2017-06-17 18:53,86.00,0.00,10.00
SJC,2017-06-17 19:53,81.00,0.00,7.00
SJC,2017-06-17 20:53,77.00,0.00,6.00
SJC,2017-06-17 21:53,73.00,0.00,6.00
SJC,2017-06-17 22:53,73.00,0.00,0.00
SJC,2017-06-17 23:53,74.00,0.00,0.00
SJC,2017-06-18 00:53,74.00,0.00,0.00
SJC,2017-06-18 01:53,72.00,0.00,3.00
SJC,2017-06-18 02:53,71.00,0.00,0.00
SJC,2017-06-18 03:53,71.00,0.00,3.00
SJC,2017-06-18 04:53,72.00,0.00,0.00
SJC,2017-06-18 05:53,71.00,0.00,0.00
SJC,2017-06-18 06:53,74.00,0.00,3.00
SJC,2017-06-18 07:53,76.00,0.00,3.00
SJC,2017-06-18 08:53,81.00,0.00,0.00
SJC,2017-06-18 09:53,85.00,0.00,0.00
SJC,2017-06-18 10:53,91.00,0.00,4.00
SJC,2017-06-18 11:53,94.00,0.00,0.00
SJC,2017-06-18 12:53,98.00,0.00,5.00
SJC,2017-06-18 13:53,100.00,0.00,5.00
SJC,2017-06-18 14:53,101.00,0.00,3.00
SJC,2017-06-18 15:53,102.00,0.00,6.00
SJC,2017-06-18 16:53,99.00,0.00,12.00
SJC,2017-06-18 17:53,94.00,0.00,14.00
SJC,2017-06-18 18:53,92.00,0.00,15.00
SJC,2017-06-18 19:53,89.00,0.00,8.00
SJC,2017-06-18 20:53,84.00,0.00,7.00
SJC,2017-06-18 21:53,82.00,0.00,5.00
SJC,2017-06-18 22:53,81.00,0.00,4.00
SJC,2017-06-18 23:53,77.00,0.00,4.00
SJC,2017-06-19 00:53,78.00,0.00,4.00
SJC,2017-06-19 01:53,75.00,0.00,7.00
SJC,2017-06-19 02:53,74.00,0.00,7.00
SJC,2017-06-19 03:53,73.00,0.00,4.00
SJC,2017-06-19 04:53,72.00,0.00,4.00
SJC,2017-06-19 05:53,71.00,0.00,5.00
SJC,2017-06-19 06:53,72.00,0.00,5.00
SJC,2017-06-19 07:53,75.00,0.00,5.00
SJC,2017-06-19 08:53,78.00,0.00,0.00
SJC,2017-06-19 09:53,84.00,0.00,7.00
SJC,2017-06-19 10:53,88.00,0.00,0.00
SJC,2017-06-19 11:53,92.00,0.00,7.00
SJC,2017-06-19 12:53,93.00,0.00,5.00
SJC,2017-06-19 13:53,89.00,0.00,13.00
SJC,2017-06-19 14:53,89.00,0.00,13.00
SJC,2017-06-19 15:53,91.00,0.00,12.00
SJC,2017-06-19 16:53,89.00,0.00,10.00
SJC,2017-06-19 17:53,84.00,0.00,14.00
SJC,2017-06-19 18:53,81.00,0.00,10.00
SJC,2017-06-19 19:53,76.00,0.00,10.00
SJC,2017-06-19 20:53,71.00,0.00,5.00
SJC,2017-06-19 21:53,70.00,0.00,0.00
SJC,2017-06-19 22:53,69.00,0.00,4.00
SJC,2017-06-19 23:53,70.00,0.00,0.00
SJC,2017-06-20 00:53,68.00,0.00,6.00
SJC,2017-06-20 01:53,66.00,0.00,7.00
SJC,2017-06-20 02:53,66.00,0.00,5.00
SJC,2017-06-20 03:53,64.00,0.00,4.00
SJC,2017-06-20 04:53,65.00,0.00,0.00
SJC,2017-06-20 05:53,64.00,0.00,4.00
SJC,2017-06-20 06:53,67.00,0.00,5.00
SJC,2017-06-20 07:53,68.00,0.00,4.00
SJC,2017-06-20 08:53,70.00,0.00,4.00
SJC,2017-06-20 09:53,74.00,0.00,0.00
SJC,2017-06-20 10:53,82.00,0.00,5.00
SJC,2017-06-20 11:53,86.00,0.00,7.00
SJC,2017-06-20 12:53,87.00,0.00,9.00
SJC,2017-06-20 13:53,85.00,0.00,10.00
SJC,2017-06-20 14:53,86.00,0.00,13.00
SJC,2017-06-20 15:53,85.00,0.00,13.00
SJC,2017-06-20 16:53,82.00,0.00,13.00
SJC,2017-06-20 17:53,79.00,0.00,11.00
SJC,2017-06-20 18:53,75.00,0.00,11.00
SJC,2017-06-20 19:53,70.00,0.00,8.00
SJC,2017-06-20 20:53,66.00,0.00,10.00
SJC,2017-06-20 21:53,65.00,0.00,9.00
SJC,2017-06-20 22:53,63.00,0.00,6.00
SJC,2017-06-20 23:53,62.00,0.00,5.00
SJC,2017-06-21 00:53,61.00,0.00,4.00
SJC,2017-06-21 01:53,61.00,0.00,3.00
SJC,2017-06-21 02:53,60.00,0.00,3.00
SJC,2017-06-21 03:53,60.00,0.00,0.00
SJC,2017-06-21 04:53,60.00,0.00,6.00
SJC,2017-06-21 05:53,59.00,0.00,7.00
SJC,2017-06-21 06:53,60.00,0.00,7.00
SJC,2017-06-21 07:53,63.00,0.00,5.00
SJC,2017-06-21 08:53,66.00,0.00,5.00
SJC,2017-06-21 09:53,69.00,0.00,0.00
SJC,2017-06-21 10:53,75.00,0.00,6.00
SJC,2017-06-21 11:53,80.00,0.00,0.00
SJC,2017-06-21 12:53,85.00,0.00,0.00
SJC,2017-06-21 13:53,89.00,0.00,4.00
SJC,2017-06-21 14:53,91.00,0.00,8.00
SJC,2017-06-21 15:53,85.00,0.00,12.00
SJC,2017-06-21 16:53,85.00,0.00,16.00
SJC,2017-06-21 17:53,85.00,0.00,12.00
SJC,2017-06-21 18:53,84.00,0.00,7.00
SJC,2017-06-21 19:53,81.00,0.00,5.00
SJC,2017-06-21 20:53,77.00,0.00,5.00
SJC,2017-06-21 21:53,77.00,0.00,5.00
SJC,2017-06-21 22:53,73.00,0.00,3.00
SJC,2017-06-21 23:53,75.00,0.00,0.00
SJC,2017-06-22 00:53,73.00,0.00,0.00
SJC,2017-06-22 01:53,73.00,0.00,3.00
SJC,2017-06-22 02:53,69.00,0.00,5.00
SJC,2017-06-22 03:53,69.00,0.00,0.00
SJC,2017-06-22 04:53,70.00,0.00,0.00
SJC,2017-06-22 05:53,68.00,0.00,5.00
SJC,2017-06-22 06:53,71.00,0.00,0.00
SJC,2017-06-22 07:53,75.00,0.00,3.00
SJC,2017-06-22 08:53,80.00,0.00,0.00
SJC,2017-06-22 09:53,82.00,0.00,0.00
SJC,2017-06-22 10:53,88.00,0.00,0.00
SJC,2017-06-22 11:53,93.00,0.00,4.00
SJC,2017-06-22 12:53,95.00,0.00,7.00
SJC,2017-06-22 13:53,94.00,0.00,9.00
SJC,2017-06-22 14:53,95.00,0.00,10.00
SJC,2017-06-22 15:53,91.00,0.00,11.00
SJC,2017-06-22 16:53,88.00,0.00,11.00
SJC,2017-06-22 17:53,84.00,0.00,12.00
SJC,2017-06-22 18:53,80.00,0.00,11.00
SJC,2017-06-22 19:53,77.00,0.00,11.00
SJC,2017-06-22 20:53,73.00,0.00,7.00
SJC,2017-06-22 21:53,70.00,0.00,7.00
SJC,2017-06-22 22:53,68.00,0.00,4.00
SJC,2017-06-22 23:53,68.00,0.00,3.00
SJC,2017-06-23 00:53,69.00,0.00,0.00
SJC,2017-06-23 01:53,66.00,0.00,6.00
SJC,2017-06-23 02:53,66.00,0.00,6.00
SJC,2017-06-23 03:53,64.00,0.00,5.00
SJC,2017-06-23 04:53,63.00,0.00,4.00
SJC,2017-06-23 05:53,63.00,0.00,6.00
SJC,2017-06-23 06:53,63.00,0.00,0.00
SJC,2017-06-23 07:53,66.00,0.00,0.00
SJC,2017-06-23 08:53,69.00,0.00,5.00
SJC,2017-06-23 09:53,72.00,0.00,3.00
SJC,2017-06-23 10:53,76.00,0.00,6.00
SJC,2017-06-23 11:53,80.00,0.00,5.00
SJC,2017-06-23 12:53,81.00,0.00,8.00
SJC,2017-06-23 13:53,82.00,0.00,8.00
SJC,2017-06-23 14:53,81.00,0.00,11.00
SJC,2017-06-23 15:53,80.00,0.00,13.00
SJC,2017-06-23 16:53,78.00,0.00,12.00
SJC,2017-06-23 17:53,76.00,0.00,11.00
SJC,2017-06-23 18:53,74.00,0.00,10.00
SJC,2017-06-23 19:53,71.00,0.00,10.00
SJC,2017-06-23 20:53,67.00,0.00,11.00
SJC,2017-06-23 21:53,65.00,0.00,9.00
SJC,2017-06-23 22:53,64.00,0.00,8.00
SJC,2017-06-23 23:53,63.00,0.00,7.00
SJC,2017-06-24 00:53,62.00,0.00,6.00
SJC,2017-06-24 01:25,62.00,0.00,5.00
SJC,2017-06-24 01:53,62.00,0.00,5.00
SJC,2017-06-24 02:53,63.00,0.00,4.00
SJC,2017-06-24 03:06,63.00,0.00,3.00
SJC,2017-06-24 03:53,63.00,0.00,4.00
SJC,2017-06-24 04:53,63.00,0.00,3.00
SJC,2017-06-24 05:31,63.00,0.00,0.00
SJC,2017-06-24 05:53,63.00,0.00,0.00
SJC,2017-06-24 06:53,64.00,0.00,0.00
SJC,2017-06-24 07:53,64.00,0.00,0.00
SJC,2017-06-24 08:53,65.00,0.00,3.00
SJC,2017-06-24 09:32,65.00,0.00,3.00
SJC,2017-06-24 09:53,66.00,0.00,5.00
SJC,2017-06-24 10:29,68.00,0.00,0.00
SJC,2017-06-24 10:53,69.00,0.00,3.00
SJC,2017-06-24 11:53,72.00,0.00,3.00
SJC,2017-06-24 12:53,75.00,0.00,6.00
SJC,2017-06-24 13:53,77.00,0.00,9.00
SJC,2017-06-24 14:53,77.00,0.00,11.00
SJC,2017-06-24 15:53,75.00,0.00,12.00
SJC,2017-06-24 16:53,73.00,0.00,8.00
SJC,2017-06-24 17:53,72.00,0.00,9.00
SJC,2017-06-24 18:53,70.00,0.00,10.00
SJC,2017-06-24 19:53,67.00,0.00,8.00
SJC,2017-06-24 20:53,65.00,0.00,9.00
SJC,2017-06-24 21:53,63.00,0.00,9.00
SJC,2017-06-24 22:53,62.00,0.00,7.00
SJC,2017-06-24 23:53,62.00,0.00,8.00
SJC,2017-06-25 00:53,62.00,0.00,3.00
SJC,2017-06-25 01:53,62.00,0.00,4.00
SJC,2017-06-25 02:53,62.00,0.00,5.00
SJC,2017-06-25 03:53,61.00,0.00,4.00
SJC,2017-06-25 04:53,61.00,0.00,4.00
SJC,2017-06-25 05:32,61.00,0.00,3.00
SJC,2017-06-25 05:53,61.00,0.00,4.00
SJC,2017-06-25 06:53,61.00,0.00,4.00
SJC,2017-06-25 07:53,62.00,0.00,4.00
SJC,2017-06-25 08:53,63.00,0.00,3.00
SJC,2017-06-25 09:53,65.00,0.00,5.00
SJC,2017-06-25 10:22,65.00,0.00,7.00
SJC,2017-06-25 10:53,68.00,0.00,7.00
SJC,2017-06-25 11:53,70.00,0.00,5.00
SJC,2017-06-25 12:53,71.00,0.00,10.00
SJC,2017-06-25 13:53,72.00,0.00,10.00
SJC,2017-06-25 14:53,73.00,0.00,9.00
SJC,2017-06-25 15:53,73.00,0.00,11.00
SJC,2017-06-25 16:53,72.00,0.00,10.00
SJC,2017-06-25 17:53,71.00,0.00,12.00
SJC,2017-06-25 18:53,69.00,0.00,15.00
SJC,2017-06-25 19:53,66.00,0.00,12.00
SJC,2017-06-25 20:53,63.00,0.00,11.00
SJC,2017-06-25 21:53,62.00,0.00,7.00
SJC,2017-06-25 22:53,62.00,0.00,5.00
SJC,2017-06-25 23:53,62.00,0.00,3.00
SJC,2017-06-26 00:53,62.00,0.00,4.00
SJC,2017-06-26 01:53,61.00,0.00,4.00
SJC,2017-06-26 02:36,61.00,0.00,5.00
SJC,2017-06-26 02:53,61.00,0.00,5.00
SJC,2017-06-26 03:53,61.00,0.00,7.00
SJC,2017-06-26 04:53,61.00,0.00,6.00
SJC,2017-06-26 05:53,61.00,0.00,3.00
SJC,2017-06-26 06:53,62.00,0.00,6.00
SJC,2017-06-26 07:53,64.00,0.00,3.00
SJC,2017-06-26 08:53,65.00,0.00,4.00
SJC,2017-06-26 09:53,68.00,0.00,5.00
SJC,2017-06-26 10:53,71.00,0.00,7.00
SJC,2017-06-26 11:53,72.00,0.00,9.00
SJC,2017-06-26 12:53,73.00,0.00,9.00
SJC,2017-06-26 13:53,74.00,0.00,8.00
SJC,2017-06-26 14:53,76.00,0.00,12.00
SJC,2017-06-26 15:53,75.00,0.00,11.00
SJC,2017-06-26 16:53,74.00,0.00,13.00
SJC,2017-06-26 17:53,72.00,0.00,15.00
SJC,2017-06-26 18:53,71.00,0.00,14.00
SJC,2017-06-26 19:53,68.00,0.00,14.00
SJC,2017-06-26 20:53,65.00,0.00,12.00
SJC,2017-06-26 21:53,64.00,0.00,12.00
SJC,2017-06-26 22:53,62.00,0.00,9.00
SJC,2017-06-26 23:53,62.00,0.00,7.00
SJC,2017-06-27 00:06,62.00,0.00,6.00
SJC,2017-06-27 00:53,62.00,0.00,8.00
SJC,2017-06-27 01:53,62.00,0.00,7.00
SJC,2017-06-27 02:10,62.00,0.00,6.00
SJC,2017-06-27 02:53,62.00,0.00,7.00
SJC,2017-06-27 03:17,62.00,0.00,6.00
SJC,2017-06-27 03:53,62.00,0.00,4.00
SJC,2017-06-27 04:53,62.00,0.00,4.00
SJC,2017-06-27 05:53,62.00,0.00,10.00
SJC,2017-06-27 06:53,61.00,0.00,8.00
SJC,2017-06-27 07:53,61.00,0.00,6.00
SJC,2017-06-27 08:53,63.00,0.00,6.00
SJC,2017-06-27 09:53,66.00,0.00,7.00
SJC,2017-06-27 10:53,67.00,0.00,0.00
SJC,2017-06-27 11:53,70.00,0.00,3.00
SJC,2017-06-27 12:53,72.00,0.00,10.00
SJC,2017-06-27 13:53,73.00,0.00,12.00
SJC,2017-06-27 14:53,73.00,0.00,13.00
SJC,2017-06-27 15:53,72.00,0.00,13.00
SJC,2017-06-27 16:53,71.00,0.00,12.00
SJC,2017-06-27 17:53,70.00,0.00,12.00
SJC,2017-06-27 18:53,67.00,0.00,14.00
SJC,2017-06-27 19:53,63.00,0.00,13.00
SJC,2017-06-27 20:53,61.00,0.00,11.00
SJC,2017-06-27 21:25,60.00,0.00,10.00
SJC,2017-06-27 21:53,61.00,0.00,6.00
SJC,2017-06-27 22:53,61.00,0.00,6.00
SJC,2017-06-27 23:53,60.00,0.00,8.00
SJC,2017-06-28 00:53,60.00,0.00,5.00
SJC,2017-06-28 01:21,61.00,0.00,7.00
SJC,2017-06-28 01:53,60.00,0.00,5.00
SJC,2017-06-28 02:53,60.00,0.00,4.00
SJC,2017-06-28 03:53,60.00,0.00,4.00
SJC,2017-06-28 04:53,60.00,0.00,0.00
SJC,2017-06-28 05:53,60.00,0.00,0.00
SJC,2017-06-28 06:53,61.00,0.00,4.00
SJC,2017-06-28 07:53,62.00,0.00,4.00
SJC,2017-06-28 08:53,64.00,0.00,5.00
SJC,2017-06-28 09:53,67.00,0.00,0.00
SJC,2017-06-28 10:53,71.00,0.00,3.00
SJC,2017-06-28 11:53,73.00,0.00,0.00
SJC,2017-06-28 12:53,75.00,0.00,7.00
SJC,2017-06-28 13:53,74.00,0.00,10.00
SJC,2017-06-28 14:53,74.00,0.00,9.00
SJC,2017-06-28 15:53,74.00,0.00,9.00
SJC,2017-06-28 16:53,72.00,0.00,12.00
SJC,2017-06-28 17:53,71.00,0.00,11.00
SJC,2017-06-28 18:53,69.00,0.00,10.00
SJC,2017-06-28 19:53,66.00,0.00,11.00
SJC,2017-06-28 20:53,62.00,0.00,9.00
SJC,2017-06-28 21:53,61.00,0.00,9.00
SJC,2017-06-28 22:53,60.00,0.00,6.00
SJC,2017-06-28 23:53,59.00,0.00,5.00
SJC,2017-06-29 00:53,58.00,0.00,3.00
SJC,2017-06-29 01:53,59.00,0.00,0.00
SJC,2017-06-29 02:53,59.00,0.00,0.00
SJC,2017-06-29 03:53,59.00,0.00,3.00
SJC,2017-06-29 04:53,59.00,0.00,0.00
SJC,2017-06-29 05:53,60.00,0.00,0.00
SJC,2017-06-29 06:53,60.00,0.00,7.00
SJC,2017-06-29 07:53,60.00,0.00,6.00
SJC,2017-06-29 08:53,61.00,0.00,6.00
SJC,2017-06-29 09:45,63.00,0.00,0.00
SJC,2017-06-29 09:53,65.00,0.00,4.00
SJC,2017-06-29 10:53,69.00,0.00,4.00
SJC,2017-06-29 11:53,72.00,0.00,3.00
SJC,2017-06-29 12:53,74.00,0.00,5.00
SJC,2017-06-29 13:53,73.00,0.00,9.00
SJC,2017-06-29 14:53,75.00,0.00,11.00
SJC,2017-06-29 15:53,74.00,0.00,10.00
SJC,2017-06-29 16:22,73.00,0.00,14.00
SJC,2017-06-29 16:53,72.00,0.00,11.00
SJC,2017-06-29 17:53,69.00,0.00,14.00
SJC,2017-06-29 18:53,66.00,0.00,13.00
SJC,2017-06-29 19:53,63.00,0.00,13.00
SJC,2017-06-29 20:53,60.00,0.00,10.00
SJC,2017-06-29 21:53,59.00,0.00,9.00
SJC,2017-06-29 22:53,58.00,0.00,4.00
SJC,2017-06-29 23:34,58.00,0.00,4.00
SJC,2017-06-29 23:53,59.00,0.00,4.00
SJC,2017-06-30 00:53,59.00,0.00,3.00
SJC,2017-06-30 01:53,58.00,0.00,3.00
SJC,2017-06-30 02:53,59.00,0.00,0.00
SJC,2017-06-30 03:53,59.00,0.00,3.00
SJC,2017-06-30 04:01,59.00,0.00,0.00
SJC,2017-06-30 04:53,59.00,0.00,3.00
SJC,2017-06-30 05:53,59.00,0.00,0.00
SJC,2017-06-30 06:53,59.00,0.00,3.00
SJC,2017-06-30 07:53,60.00,0.00,5.00
SJC,2017-06-30 08:53,63.00,0.00,4.00
SJC,2017-06-30 09:19,64.00,0.00,0.00
SJC,2017-06-30 09:53,66.00,0.00,4.00
SJC,2017-06-30 10:53,68.00,0.00,7.00
SJC,2017-06-30 11:53,71.00,0.00,0.00
SJC,2017-06-30 12:53,71.00,0.00,6.00
SJC,2017-06-30 13:53,73.00,0.00,10.00
SJC,2017-06-30 14:53,72.00,0.00,12.00
SJC,2017-06-30 15:53,71.00,0.00,14.00
SJC,2017-06-30 16:53,71.00,0.00,11.00
SJC,2017-06-30 17:53,71.00,0.00,10.00
SJC,2017-06-30 18:53,68.00,0.00,12.00
SJC,2017-06-30 19:53,65.00,0.00,12.00
SJC,2017-06-30 20:53,62.00,0.00,7.00
SJC,2017-06-30 21:53,61.00,0.00,5.00
SJC,2017-06-30 22:53,59.00,0.00,6.00
SJC,2017-06-30 23:53,59.00,0.00,6.00
